report_month,provider_parent_org_code,provider_parent_name,provider_org_code,provider_org_name,total_waiting,within_18_weeks,over_18_weeks,over_52_weeks,over_65_weeks,over_78_weeks,over_104_weeks,within_18_weeks_pct
2026-04-01,D7T5G,NHS ESSEX INTEGRATED CARE BOARD,H3W7Q,ACES CHELMSFORD,60,50,10,0,0,0,0,0.8333333333333334
2026-04-01,D7T5G,NHS ESSEX INTEGRATED CARE BOARD,H4I8B,NUFFIELD HEALTH THE HOLLY HOSPITAL,4237,3314,923,24,13,9,6,0.7821571866886948
2026-04-01,D7T5G,NHS ESSEX INTEGRATED CARE BOARD,J2H6H,SPAMEDICA COLCHESTER,184,172,12,0,0,0,0,0.9347826086956522
2026-04-01,D7T5G,NHS ESSEX INTEGRATED CARE BOARD,M2O7D,OPTEGRA EYE HOSPITAL COLCHESTER,272,245,27,0,0,0,0,0.9007352941176471
2026-04-01,D7T5G,NHS ESSEX INTEGRATED CARE BOARD,NPG16,SPAMEDICA CHELMSFORD,931,864,67,0,0,0,0,0.9280343716433942
2026-04-01,D7T5G,NHS ESSEX INTEGRATED CARE BOARD,NQX,PROVIDE ENTERPRISES,190,190,0,0,0,0,0,1
2026-04-01,D7T5G,NHS ESSEX INTEGRATED CARE BOARD,NT204,"NUFFIELD HEALTH, BRENTWOOD HOSPITAL",2236,1177,1059,249,125,53,5,0.526386404293381
2026-04-01,D7T5G,NHS ESSEX INTEGRATED CARE BOARD,NT313,SPIRE WELLESLEY HOSPITAL,1179,761,418,14,0,0,0,0.6454622561492791
2026-04-01,D7T5G,NHS ESSEX INTEGRATED CARE BOARD,NT319,SPIRE HARTSWOOD HOSPITAL,1074,785,289,2,0,0,0,0.7309124767225326
2026-04-01,D7T5G,NHS ESSEX INTEGRATED CARE BOARD,NT490,SOUTHEND PRIVATE HOSPITAL,1252,1110,142,0,0,0,0,0.8865814696485623
2026-04-01,D7T5G,NHS ESSEX INTEGRATED CARE BOARD,NVC13,OAKS HOSPITAL,1123,649,474,4,0,0,0,0.5779162956366874
2026-04-01,D7T5G,NHS ESSEX INTEGRATED CARE BOARD,NVC18,SPRINGFIELD HOSPITAL,4671,3269,1402,103,58,9,0,0.6998501391564975
2026-04-01,D7T5G,NHS ESSEX INTEGRATED CARE BOARD,RAJ,MID AND SOUTH ESSEX NHS FOUNDATION TRUST,174395,85938,88457,12286,2225,640,35,0.49277788927434846
2026-04-01,D7T5G,NHS ESSEX INTEGRATED CARE BOARD,RDE,EAST SUFFOLK AND NORTH ESSEX NHS FOUNDATION TRUST,91426,56245,35181,162,1,0,0,0.6151969899153413
2026-04-01,D7T5G,NHS ESSEX INTEGRATED CARE BOARD,RQW,THE PRINCESS ALEXANDRA HOSPITAL NHS TRUST,38611,25219,13392,454,42,10,2,0.6531558364196731
2026-04-01,D7T5G,NHS ESSEX INTEGRATED CARE BOARD,X7M7U,ACES LAKESIDE,11,11,0,0,0,0,0,1
2026-04-01,QE1,NHS LANCASHIRE AND SOUTH CUMBRIA INTEGRATED CARE BOARD,A4M8P,BUCKSHAW HOSPITAL,3060,2170,890,7,1,0,0,0.7091503267973857
2026-04-01,QE1,NHS LANCASHIRE AND SOUTH CUMBRIA INTEGRATED CARE BOARD,A5E1F,OPTEGRA EYE HOSPITAL PRESTON,234,228,6,0,0,0,0,0.9743589743589743
2026-04-01,QE1,NHS LANCASHIRE AND SOUTH CUMBRIA INTEGRATED CARE BOARD,AAV,COMMUNITY HEALTH AND EYECARE LIMITED,5261,4734,527,0,0,0,0,0.8998289298612431
2026-04-01,QE1,NHS LANCASHIRE AND SOUTH CUMBRIA INTEGRATED CARE BOARD,C3Y0A,SPAMEDICA BLACKPOOL,190,165,25,0,0,0,0,0.868421052631579
2026-04-01,QE1,NHS LANCASHIRE AND SOUTH CUMBRIA INTEGRATED CARE BOARD,NP9,BESPOKE HEALTHCARE LTD,614,467,147,0,0,0,0,0.760586319218241
2026-04-01,QE1,NHS LANCASHIRE AND SOUTH CUMBRIA INTEGRATED CARE BOARD,NPG13,SPAMEDICA SKELMERSDALE,118,107,11,0,0,0,0,0.9067796610169492
2026-04-01,QE1,NHS LANCASHIRE AND SOUTH CUMBRIA INTEGRATED CARE BOARD,NPG17,SPAMEDICA PRESTON,365,344,21,0,0,0,0,0.9424657534246575
2026-04-01,QE1,NHS LANCASHIRE AND SOUTH CUMBRIA INTEGRATED CARE BOARD,NT347,SPIRE FYLDE COAST HOSPITAL,3362,2804,558,0,0,0,0,0.8340273646638905
2026-04-01,QE1,NHS LANCASHIRE AND SOUTH CUMBRIA INTEGRATED CARE BOARD,NT403,BEARDWOOD HOSPITAL,2233,1672,561,0,0,0,0,0.7487684729064039
2026-04-01,QE1,NHS LANCASHIRE AND SOUTH CUMBRIA INTEGRATED CARE BOARD,NT449,LANCASTER PRIVATE HOSPITAL,299,253,46,1,0,0,0,0.8461538461538461
2026-04-01,QE1,NHS LANCASHIRE AND SOUTH CUMBRIA INTEGRATED CARE BOARD,NVC05,EUXTON HALL HOSPITAL,3350,2156,1194,5,0,0,0,0.6435820895522388
2026-04-01,QE1,NHS LANCASHIRE AND SOUTH CUMBRIA INTEGRATED CARE BOARD,NVC07,FULWOOD HALL HOSPITAL,4419,3108,1311,12,0,0,0,0.703326544467074
2026-04-01,QE1,NHS LANCASHIRE AND SOUTH CUMBRIA INTEGRATED CARE BOARD,NVC16,RENACRES HOSPITAL,4927,2340,2587,60,0,0,0,0.47493403693931396
2026-04-01,QE1,NHS LANCASHIRE AND SOUTH CUMBRIA INTEGRATED CARE BOARD,R1G7E,SPAMEDICA KENDAL,454,431,23,0,0,0,0,0.9493392070484582
2026-04-01,QE1,NHS LANCASHIRE AND SOUTH CUMBRIA INTEGRATED CARE BOARD,RTX,UNIVERSITY HOSPITALS OF MORECAMBE BAY NHS FOUNDATION TRUST,34410,24607,9803,561,3,0,0,0.7151118860796281
2026-04-01,QE1,NHS LANCASHIRE AND SOUTH CUMBRIA INTEGRATED CARE BOARD,RW5,LANCASHIRE & SOUTH CUMBRIA NHS FOUNDATION TRUST,3816,3605,211,0,0,0,0,0.9447064989517819
2026-04-01,QE1,NHS LANCASHIRE AND SOUTH CUMBRIA INTEGRATED CARE BOARD,RXL,BLACKPOOL TEACHING HOSPITALS NHS FOUNDATION TRUST,40353,24408,15945,954,82,0,0,0.6048620920377668
2026-04-01,QE1,NHS LANCASHIRE AND SOUTH CUMBRIA INTEGRATED CARE BOARD,RXN,LANCASHIRE TEACHING HOSPITALS NHS FOUNDATION TRUST,61329,35186,26143,840,0,0,0,0.5737253175496095
2026-04-01,QE1,NHS LANCASHIRE AND SOUTH CUMBRIA INTEGRATED CARE BOARD,RXR,EAST LANCASHIRE HOSPITALS NHS TRUST,47354,33446,13908,309,0,0,0,0.7062972504962622
2026-04-01,QF7,NHS SOUTH YORKSHIRE INTEGRATED CARE BOARD,B3M1X,CLAREMONT PRIVATE HOSPITAL,2935,1719,1216,17,1,1,0,0.5856899488926747
2026-04-01,QF7,NHS SOUTH YORKSHIRE INTEGRATED CARE BOARD,NPG10,SPAMEDICA SHEFFIELD,448,418,30,0,0,0,0,0.9330357142857143
2026-04-01,QF7,NHS SOUTH YORKSHIRE INTEGRATED CARE BOARD,NT440,THORNBURY HOSPITAL,677,489,188,4,0,0,0,0.7223042836041359
2026-04-01,QF7,NHS SOUTH YORKSHIRE INTEGRATED CARE BOARD,NTX,THE ONE HEALTH GROUP PLC,5314,3945,1369,20,3,0,0,0.7423786225065864
2026-04-01,QF7,NHS SOUTH YORKSHIRE INTEGRATED CARE BOARD,NVC14,PARK HILL HOSPITAL,722,544,178,0,0,0,0,0.7534626038781164
2026-04-01,QF7,NHS SOUTH YORKSHIRE INTEGRATED CARE BOARD,Q6V1S,OPTEGRA EYE HOSPITAL SHEFFIELD,310,292,18,0,0,0,0,0.9419354838709677
2026-04-01,QF7,NHS SOUTH YORKSHIRE INTEGRATED CARE BOARD,RCU,SHEFFIELD CHILDREN'S NHS FOUNDATION TRUST,11308,8204,3104,160,9,0,0,0.7255040679165192
2026-04-01,QF7,NHS SOUTH YORKSHIRE INTEGRATED CARE BOARD,RFF,BARNSLEY HOSPITAL NHS FOUNDATION TRUST,21859,15731,6128,109,0,0,0,0.7196578068530125
2026-04-01,QF7,NHS SOUTH YORKSHIRE INTEGRATED CARE BOARD,RFR,THE ROTHERHAM NHS FOUNDATION TRUST,29423,20458,8965,355,0,0,0,0.6953063929578901
2026-04-01,QF7,NHS SOUTH YORKSHIRE INTEGRATED CARE BOARD,RP5,DONCASTER AND BASSETLAW TEACHING HOSPITALS NHS FOUNDATION TRUST,53490,32933,20557,1165,106,11,1,0.6156851747990278
2026-04-01,QF7,NHS SOUTH YORKSHIRE INTEGRATED CARE BOARD,T8V3L,SPAMEDICA DONCASTER,404,389,15,0,0,0,0,0.9628712871287128
2026-04-01,QF7,NHS SOUTH YORKSHIRE INTEGRATED CARE BOARD,V8A3H,SPAMEDICA SHEFFIELD COMMUNITY DIAGNOSTIC & TREATMENT CENTRE,38,38,0,0,0,0,0,1
2026-04-01,QGH,NHS HEREFORDSHIRE AND WORCESTERSHIRE INTEGRATED CARE BOARD,ACG31,NEWMEDICA - WORCESTER,868,763,105,0,0,0,0,0.8790322580645161
2026-04-01,QGH,NHS HEREFORDSHIRE AND WORCESTERSHIRE INTEGRATED CARE BOARD,H2K1G,NEWMEDICA - BROMSGROVE,434,371,63,0,0,0,0,0.8548387096774194
2026-04-01,QGH,NHS HEREFORDSHIRE AND WORCESTERSHIRE INTEGRATED CARE BOARD,J0M7P,SPAMEDICA HEREFORD DIAGNOSTIC AND TREATMENT CENTRE,42,39,3,0,0,0,0,0.9285714285714286
2026-04-01,QGH,NHS HEREFORDSHIRE AND WORCESTERSHIRE INTEGRATED CARE BOARD,J3X4C,SPAMEDICA WORCESTER,433,375,58,0,0,0,0,0.8660508083140878
2026-04-01,QGH,NHS HEREFORDSHIRE AND WORCESTERSHIRE INTEGRATED CARE BOARD,NT219,"NUFFIELD HEALTH, HEREFORD HOSPITAL",462,325,137,0,0,0,0,0.7034632034632035
2026-04-01,QGH,NHS HEREFORDSHIRE AND WORCESTERSHIRE INTEGRATED CARE BOARD,NT301,SPIRE SOUTH BANK HOSPITAL,761,529,232,1,0,0,0,0.695137976346912
2026-04-01,QGH,NHS HEREFORDSHIRE AND WORCESTERSHIRE INTEGRATED CARE BOARD,NT412,DROITWICH SPA HOSPITAL,1465,922,543,3,0,0,0,0.6293515358361774
2026-04-01,QGH,NHS HEREFORDSHIRE AND WORCESTERSHIRE INTEGRATED CARE BOARD,R1A,HEREFORDSHIRE AND WORCESTERSHIRE HEALTH AND CARE NHS TRUST,31,28,3,0,0,0,0,0.9032258064516129
2026-04-01,QGH,NHS HEREFORDSHIRE AND WORCESTERSHIRE INTEGRATED CARE BOARD,R5J3Z,BORDER HEALTH ALLIANCE LIMITED,654,469,185,0,0,0,0,0.7171253822629969
2026-04-01,QGH,NHS HEREFORDSHIRE AND WORCESTERSHIRE INTEGRATED CARE BOARD,RLQ,WYE VALLEY NHS TRUST,26420,17162,9258,566,241,125,6,0.6495836487509462
2026-04-01,QGH,NHS HEREFORDSHIRE AND WORCESTERSHIRE INTEGRATED CARE BOARD,RWP,WORCESTERSHIRE ACUTE HOSPITALS NHS TRUST,57248,35648,21600,818,5,2,2,0.6226942425936277
2026-04-01,QHL,NHS BIRMINGHAM AND SOLIHULL INTEGRATED CARE BOARD,J7V1N,SPAMEDICA SOLIHULL,467,388,79,1,0,0,0,0.8308351177730193
2026-04-01,QHL,NHS BIRMINGHAM AND SOLIHULL INTEGRATED CARE BOARD,M2Y6D,PRACTICE PLUS GROUP HOSPITAL BIRMINGHAM,1494,1185,309,4,0,0,0,0.7931726907630522
2026-04-01,QHL,NHS BIRMINGHAM AND SOLIHULL INTEGRATED CARE BOARD,NNH05,OPTEGRA (BIRMINGHAM EYE HOSPITAL),700,678,22,0,0,0,0,0.9685714285714285
2026-04-01,QHL,NHS BIRMINGHAM AND SOLIHULL INTEGRATED CARE BOARD,NPG11,SPAMEDICA BIRMINGHAM,793,681,112,0,0,0,0,0.8587641866330391
2026-04-01,QHL,NHS BIRMINGHAM AND SOLIHULL INTEGRATED CARE BOARD,NT320,SPIRE PARKWAY HOSPITAL,1371,1002,369,19,2,1,0,0.7308533916849015
2026-04-01,QHL,NHS BIRMINGHAM AND SOLIHULL INTEGRATED CARE BOARD,NT429,PRIORY HOSPITAL,625,455,170,0,0,0,0,0.728
2026-04-01,QHL,NHS BIRMINGHAM AND SOLIHULL INTEGRATED CARE BOARD,NT445,EDGBASTON HOSPITAL,1,1,0,0,0,0,0,1
2026-04-01,QHL,NHS BIRMINGHAM AND SOLIHULL INTEGRATED CARE BOARD,NVC44,THE WESTBOURNE CENTRE,3423,1935,1488,21,5,1,1,0.5652936021034181
2026-04-01,QHL,NHS BIRMINGHAM AND SOLIHULL INTEGRATED CARE BOARD,RQ3,BIRMINGHAM WOMEN'S AND CHILDREN'S NHS FOUNDATION TRUST,21792,13533,8259,130,7,2,0,0.6210077092511013
2026-04-01,QHL,NHS BIRMINGHAM AND SOLIHULL INTEGRATED CARE BOARD,RRJ,THE ROYAL ORTHOPAEDIC HOSPITAL NHS FOUNDATION TRUST,12688,8337,4351,110,0,0,0,0.657077553593947
2026-04-01,QHL,NHS BIRMINGHAM AND SOLIHULL INTEGRATED CARE BOARD,RRK,UNIVERSITY HOSPITALS BIRMINGHAM NHS FOUNDATION TRUST,90948,62187,28761,303,4,0,0,0.6837643488586885
2026-04-01,QHL,NHS BIRMINGHAM AND SOLIHULL INTEGRATED CARE BOARD,RYW,BIRMINGHAM COMMUNITY HEALTHCARE NHS FOUNDATION TRUST,14412,11220,3192,1,0,0,0,0.7785179017485429
2026-04-01,QHL,NHS BIRMINGHAM AND SOLIHULL INTEGRATED CARE BOARD,S0L9O,ACES BIRMINGHAM,18,13,5,0,0,0,0,0.7222222222222222
2026-04-01,QHL,NHS BIRMINGHAM AND SOLIHULL INTEGRATED CARE BOARD,S1Z4X,NEWMEDICA - BIRMINGHAM,936,884,52,0,0,0,0,0.9444444444444444
2026-04-01,QHL,NHS BIRMINGHAM AND SOLIHULL INTEGRATED CARE BOARD,S4E3I,MIDLAND EYE (EYE-DOCS LTD),659,641,18,0,0,0,0,0.9726858877086495
2026-04-01,QHM,NHS NORTH EAST AND NORTH CUMBRIA INTEGRATED CARE BOARD,ACG24,NEWMEDICA - TEESSIDE - NORTH ORMESBY,1387,1337,50,0,0,0,0,0.9639509733237203
2026-04-01,QHM,NHS NORTH EAST AND NORTH CUMBRIA INTEGRATED CARE BOARD,E1U4T,SPAMEDICA CARLISLE,914,859,55,0,0,0,0,0.9398249452954048
2026-04-01,QHM,NHS NORTH EAST AND NORTH CUMBRIA INTEGRATED CARE BOARD,E4K5T,OPTEGRA EYE HOSPITAL NEWCASTLE,426,417,9,0,0,0,0,0.9788732394366197
2026-04-01,QHM,NHS NORTH EAST AND NORTH CUMBRIA INTEGRATED CARE BOARD,F0R0W,NEWMEDICA - DARLINGTON,65,64,1,0,0,0,0,0.9846153846153847
2026-04-01,QHM,NHS NORTH EAST AND NORTH CUMBRIA INTEGRATED CARE BOARD,G5X2Q,SPAMEDICA NORTH TYNESIDE,464,447,17,0,0,0,0,0.9633620689655172
2026-04-01,QHM,NHS NORTH EAST AND NORTH CUMBRIA INTEGRATED CARE BOARD,I7G8X,ACES NEWCASTLE,29,23,6,0,0,0,0,0.7931034482758621
2026-04-01,QHM,NHS NORTH EAST AND NORTH CUMBRIA INTEGRATED CARE BOARD,NMG,CORA HEALTH MSK (FORMERLY CONNECT HEALTH LTD),19190,17536,1654,4,4,2,2,0.9138092756644085
2026-04-01,QHM,NHS NORTH EAST AND NORTH CUMBRIA INTEGRATED CARE BOARD,NN4,TYNESIDE SURGICAL SERVICES LTD,1391,1155,236,2,0,0,0,0.8303378864126527
2026-04-01,QHM,NHS NORTH EAST AND NORTH CUMBRIA INTEGRATED CARE BOARD,NPG22,SPAMEDICA STOCKTON-ON-TEES,499,464,35,0,0,0,0,0.9298597194388778
2026-04-01,QHM,NHS NORTH EAST AND NORTH CUMBRIA INTEGRATED CARE BOARD,NT229,"NUFFIELD HEALTH, NEWCASTLE UPON TYNE HOSPITAL",507,238,269,27,8,2,1,0.46942800788954636
2026-04-01,QHM,NHS NORTH EAST AND NORTH CUMBRIA INTEGRATED CARE BOARD,NT237,"NUFFIELD HEALTH, TEES HOSPITAL",1652,1216,436,0,0,0,0,0.7360774818401937
2026-04-01,QHM,NHS NORTH EAST AND NORTH CUMBRIA INTEGRATED CARE BOARD,NT333,SPIRE WASHINGTON HOSPITAL,1795,1389,406,21,2,0,0,0.7738161559888579
2026-04-01,QHM,NHS NORTH EAST AND NORTH CUMBRIA INTEGRATED CARE BOARD,NT457,WOODLANDS HOSPITAL,2757,2172,585,7,0,0,0,0.7878128400435256
2026-04-01,QHM,NHS NORTH EAST AND NORTH CUMBRIA INTEGRATED CARE BOARD,NVC0R,TEES VALLEY HOSPITAL,4297,3249,1048,0,0,0,0,0.7561089131952525
2026-04-01,QHM,NHS NORTH EAST AND NORTH CUMBRIA INTEGRATED CARE BOARD,NVC29,COBALT HOSPITAL,1916,1188,728,4,0,0,0,0.6200417536534447
2026-04-01,QHM,NHS NORTH EAST AND NORTH CUMBRIA INTEGRATED CARE BOARD,R0B,SOUTH TYNESIDE AND SUNDERLAND NHS FOUNDATION TRUST,58754,44724,14030,2,0,0,0,0.7612077475576131
2026-04-01,QHM,NHS NORTH EAST AND NORTH CUMBRIA INTEGRATED CARE BOARD,R6B6E,ACES DARLINGTON,1,1,0,0,0,0,0,1
2026-04-01,QHM,NHS NORTH EAST AND NORTH CUMBRIA INTEGRATED CARE BOARD,R7W2O,NEWCASTLE NEWMEDICA LTD,948,914,34,0,0,0,0,0.9641350210970464
2026-04-01,QHM,NHS NORTH EAST AND NORTH CUMBRIA INTEGRATED CARE BOARD,RNN,NORTH CUMBRIA INTEGRATED CARE NHS FOUNDATION TRUST,35167,22790,12377,492,0,0,0,0.6480507293769727
2026-04-01,QHM,NHS NORTH EAST AND NORTH CUMBRIA INTEGRATED CARE BOARD,RR7,GATESHEAD HEALTH NHS FOUNDATION TRUST,11812,9025,2787,9,0,0,0,0.7640535049102608
2026-04-01,QHM,NHS NORTH EAST AND NORTH CUMBRIA INTEGRATED CARE BOARD,RTD,THE NEWCASTLE UPON TYNE HOSPITALS NHS FOUNDATION TRUST,83207,60136,23071,616,10,1,0,0.7227276551251698
2026-04-01,QHM,NHS NORTH EAST AND NORTH CUMBRIA INTEGRATED CARE BOARD,RTF,NORTHUMBRIA HEALTHCARE NHS FOUNDATION TRUST,37406,30679,6727,0,0,0,0,0.8201625407688606
2026-04-01,QHM,NHS NORTH EAST AND NORTH CUMBRIA INTEGRATED CARE BOARD,RTR,SOUTH TEES HOSPITALS NHS FOUNDATION TRUST,55550,36444,19106,697,18,0,0,0.656057605760576
2026-04-01,QHM,NHS NORTH EAST AND NORTH CUMBRIA INTEGRATED CARE BOARD,RVW,NORTH TEES AND HARTLEPOOL NHS FOUNDATION TRUST,22573,16334,6239,212,14,0,0,0.7236078500863864
2026-04-01,QHM,NHS NORTH EAST AND NORTH CUMBRIA INTEGRATED CARE BOARD,RX4,"CUMBRIA, NORTHUMBERLAND, TYNE AND WEAR NHS FOUNDATION TRUST",139,139,0,0,0,0,0,1
2026-04-01,QHM,NHS NORTH EAST AND NORTH CUMBRIA INTEGRATED CARE BOARD,RXP,COUNTY DURHAM AND DARLINGTON NHS FOUNDATION TRUST,52788,35289,17499,701,2,0,0,0.6685042055012503
2026-04-01,QHM,NHS NORTH EAST AND NORTH CUMBRIA INTEGRATED CARE BOARD,Z9Z1G,SPAMEDICA GATESHEAD,579,558,21,0,0,0,0,0.9637305699481865
2026-04-01,QJ2,NHS DERBY AND DERBYSHIRE INTEGRATED CARE BOARD,ACG26,NEWMEDICA - NORTH DERBYSHIRE - MIDLAND COURT,1368,1239,129,0,0,0,0,0.9057017543859649
2026-04-01,QJ2,NHS DERBY AND DERBYSHIRE INTEGRATED CARE BOARD,NPG23,SPAMEDICA DERBY,540,512,28,0,0,0,0,0.9481481481481482
2026-04-01,QJ2,NHS DERBY AND DERBYSHIRE INTEGRATED CARE BOARD,NT213,"NUFFIELD HEALTH, DERBY HOSPITAL",1193,675,518,16,0,0,0,0.5658005029337804
2026-04-01,QJ2,NHS DERBY AND DERBYSHIRE INTEGRATED CARE BOARD,NTP13,PRACTICE PLUS GROUP HOSPITAL - BARLBOROUGH,1867,1430,437,2,0,0,0,0.7659346545259775
2026-04-01,QJ2,NHS DERBY AND DERBYSHIRE INTEGRATED CARE BOARD,RFS,CHESTERFIELD ROYAL HOSPITAL NHS FOUNDATION TRUST,27428,16872,10556,668,16,0,0,0.6151378153711535
2026-04-01,QJ2,NHS DERBY AND DERBYSHIRE INTEGRATED CARE BOARD,RTG,UNIVERSITY HOSPITALS OF DERBY AND BURTON NHS FOUNDATION TRUST,94758,57779,36979,1526,79,12,4,0.6097532662149897
2026-04-01,QJ2,NHS DERBY AND DERBYSHIRE INTEGRATED CARE BOARD,T4I8V,SPAMEDICA CHESTERFIELD,226,212,14,0,0,0,0,0.9380530973451328
2026-04-01,QJK,NHS DEVON INTEGRATED CARE BOARD,ACG36,NEWMEDICA - EXETER - GLEN HOUSE,482,446,36,0,0,0,0,0.9253112033195021
2026-04-01,QJK,NHS DEVON INTEGRATED CARE BOARD,D3O0Z,PLYMOUTH NEWMEDICA LTD,650,606,44,1,0,0,0,0.9323076923076923
2026-04-01,QJK,NHS DEVON INTEGRATED CARE BOARD,M5E1S,SPAMEDICA EXETER,347,304,43,0,0,0,0,0.8760806916426513
2026-04-01,QJK,NHS DEVON INTEGRATED CARE BOARD,N1M9Z,ACES EXETER,49,38,11,0,0,0,0,0.7755102040816326
2026-04-01,QJK,NHS DEVON INTEGRATED CARE BOARD,N8Z8E,ACES TORQUAY,3,1,2,0,0,0,0,0.3333333333333333
2026-04-01,QJK,NHS DEVON INTEGRATED CARE BOARD,NR5,LIVEWELL SOUTHWEST,64,62,2,0,0,0,0,0.96875
2026-04-01,QJK,NHS DEVON INTEGRATED CARE BOARD,NT215,"NUFFIELD HEALTH, EXETER HOSPITAL",381,187,194,30,25,16,14,0.49081364829396323
2026-04-01,QJK,NHS DEVON INTEGRATED CARE BOARD,NT233,"NUFFIELD HEALTH, PLYMOUTH HOSPITAL",946,608,338,9,0,0,0,0.642706131078224
2026-04-01,QJK,NHS DEVON INTEGRATED CARE BOARD,NTPH5,PRACTICE PLUS GROUP HOSPITAL - PLYMOUTH,1592,1343,249,4,1,0,0,0.8435929648241206
2026-04-01,QJK,NHS DEVON INTEGRATED CARE BOARD,NVC08,MOUNT STUART HOSPITAL,2275,1314,961,25,4,0,0,0.5775824175824176
2026-04-01,QJK,NHS DEVON INTEGRATED CARE BOARD,NVC0Y,EXETER MEDICAL,272,228,44,2,0,0,0,0.8382352941176471
2026-04-01,QJK,NHS DEVON INTEGRATED CARE BOARD,RH8,ROYAL DEVON UNIVERSITY HEALTHCARE NHS FOUNDATION TRUST,73746,45947,27799,1302,140,17,0,0.6230439617063976
2026-04-01,QJK,NHS DEVON INTEGRATED CARE BOARD,RK9,UNIVERSITY HOSPITALS PLYMOUTH NHS TRUST,46284,30519,15765,614,65,10,2,0.659385532797511
2026-04-01,QJM,NHS LINCOLNSHIRE INTEGRATED CARE BOARD,N6Z0R,NEWMEDICA - LINCOLN,32,28,4,0,0,0,0,0.875
2026-04-01,QJM,NHS LINCOLNSHIRE INTEGRATED CARE BOARD,NT450,LINCOLN PRIVATE HOSPITAL,1152,678,474,0,0,0,0,0.5885416666666666
2026-04-01,QJM,NHS LINCOLNSHIRE INTEGRATED CARE BOARD,NVC27,BOSTON WEST HOSPITAL,2411,1474,937,10,0,0,0,0.6113645790128578
2026-04-01,QJM,NHS LINCOLNSHIRE INTEGRATED CARE BOARD,RP7,LINCOLNSHIRE PARTNERSHIP NHS FOUNDATION TRUST,10,9,1,0,0,0,0,0.9
2026-04-01,QJM,NHS LINCOLNSHIRE INTEGRATED CARE BOARD,RWD,UNITED LINCOLNSHIRE TEACHING HOSPITALS NHS TRUST,69079,41863,27216,624,2,0,0,0.606016300178057
2026-04-01,QJM,NHS LINCOLNSHIRE INTEGRATED CARE BOARD,T1I9W,ACES LINCOLN,10,8,2,1,0,0,0,0.8
2026-04-01,QK1,"NHS LEICESTER, LEICESTERSHIRE AND RUTLAND INTEGRATED CARE BOARD",A4Q9X,NEWMEDICA LEICESTER,880,803,77,0,0,0,0,0.9125
2026-04-01,QK1,"NHS LEICESTER, LEICESTERSHIRE AND RUTLAND INTEGRATED CARE BOARD",A8L1O,OPTEGRA EYE HOSPITAL LEICESTER,190,175,15,0,0,0,0,0.9210526315789473
2026-04-01,QK1,"NHS LEICESTER, LEICESTERSHIRE AND RUTLAND INTEGRATED CARE BOARD",DPK,THE STONEYGATE EYE HOSPITAL,752,658,94,0,0,0,0,0.875
2026-04-01,QK1,"NHS LEICESTER, LEICESTERSHIRE AND RUTLAND INTEGRATED CARE BOARD",L9D3Z,SPAMEDICA LEICESTER,362,347,15,0,0,0,0,0.9585635359116023
2026-04-01,QK1,"NHS LEICESTER, LEICESTERSHIRE AND RUTLAND INTEGRATED CARE BOARD",NT226,"NUFFIELD HEALTH, LEICESTER HOSPITAL",469,379,90,15,8,2,1,0.8081023454157783
2026-04-01,QK1,"NHS LEICESTER, LEICESTERSHIRE AND RUTLAND INTEGRATED CARE BOARD",NT322,SPIRE LEICESTER HOSPITAL,923,507,416,11,1,0,0,0.5492957746478874
2026-04-01,QK1,"NHS LEICESTER, LEICESTERSHIRE AND RUTLAND INTEGRATED CARE BOARD",RWE,UNIVERSITY HOSPITALS OF LEICESTER NHS TRUST,114992,66669,48323,2427,49,0,0,0.5797707666620286
2026-04-01,QKK,NHS SOUTH EAST LONDON INTEGRATED CARE BOARD,NCN,DMC HEALTHCARE,2326,2181,145,41,37,34,22,0.9376612209802235
2026-04-01,QKK,NHS SOUTH EAST LONDON INTEGRATED CARE BOARD,NT406,BLACKHEATH HOSPITAL,1485,1037,448,13,5,0,0,0.6983164983164983
2026-04-01,QKK,NHS SOUTH EAST LONDON INTEGRATED CARE BOARD,NT409,CHELSFIELD PARK HOSPITAL,754,624,130,0,0,0,0,0.8275862068965517
2026-04-01,QKK,NHS SOUTH EAST LONDON INTEGRATED CARE BOARD,NT437,SLOANE HOSPITAL,882,655,227,6,0,0,0,0.7426303854875284
2026-04-01,QKK,NHS SOUTH EAST LONDON INTEGRATED CARE BOARD,Q2Y5H,OVIVA UK LTD,7478,4743,2735,195,11,2,0,0.6342604974592136
2026-04-01,QKK,NHS SOUTH EAST LONDON INTEGRATED CARE BOARD,RJ1,GUY'S AND ST THOMAS' NHS FOUNDATION TRUST,109898,75138,34760,689,16,2,1,0.6837067098582322
2026-04-01,QKK,NHS SOUTH EAST LONDON INTEGRATED CARE BOARD,RJ2,LEWISHAM AND GREENWICH NHS TRUST,56315,36116,20199,848,67,2,1,0.6413211400159815
2026-04-01,QKK,NHS SOUTH EAST LONDON INTEGRATED CARE BOARD,RJZ,KING'S COLLEGE HOSPITAL NHS FOUNDATION TRUST,86539,57644,28895,1288,70,4,0,0.6661042997954679
2026-04-01,QKK,NHS SOUTH EAST LONDON INTEGRATED CARE BOARD,RPG,OXLEAS NHS FOUNDATION TRUST,1590,1016,574,228,0,0,0,0.6389937106918239
2026-04-01,QKK,NHS SOUTH EAST LONDON INTEGRATED CARE BOARD,Y8L9S,SPAMEDICA BROMLEY,621,559,62,0,0,0,0,0.9001610305958132
2026-04-01,QKS,NHS KENT AND MEDWAY INTEGRATED CARE BOARD,ADP02,KIMS HOSPITAL (NEWNHAM COURT),1331,1114,217,2,1,1,0,0.8369646882043577
2026-04-01,QKS,NHS KENT AND MEDWAY INTEGRATED CARE BOARD,AVQ01,ONE ASHFORD HOSPITAL,980,802,178,1,0,0,0,0.8183673469387756
2026-04-01,QKS,NHS KENT AND MEDWAY INTEGRATED CARE BOARD,G3E7R,OPTEGRA EYE HOSPITAL MAIDSTONE,435,435,0,0,0,0,0,1
2026-04-01,QKS,NHS KENT AND MEDWAY INTEGRATED CARE BOARD,M0N7E,SPAMEDICA SITTINGBOURNE,192,175,17,0,0,0,0,0.9114583333333334
2026-04-01,QKS,NHS KENT AND MEDWAY INTEGRATED CARE BOARD,NN8,SPENCER PRIVATE HOSPITALS LTD,3720,2239,1481,30,3,0,0,0.6018817204301076
2026-04-01,QKS,NHS KENT AND MEDWAY INTEGRATED CARE BOARD,NT239,"NUFFIELD HEALTH, TUNBRIDGE WELLS HOSPITAL",79,61,18,1,1,0,0,0.7721518987341772
2026-04-01,QKS,NHS KENT AND MEDWAY INTEGRATED CARE BOARD,NT312,SPIRE ALEXANDRA HOSPITAL,995,758,237,3,0,0,0,0.7618090452261307
2026-04-01,QKS,NHS KENT AND MEDWAY INTEGRATED CARE BOARD,NT408,CHAUCER HOSPITAL,846,667,179,1,0,0,0,0.7884160756501182
2026-04-01,QKS,NHS KENT AND MEDWAY INTEGRATED CARE BOARD,NTP16,PRACTICE PLUS GROUP SURGICAL CENTRE - GILLINGHAM,1032,919,113,6,4,1,1,0.8905038759689923
2026-04-01,QKS,NHS KENT AND MEDWAY INTEGRATED CARE BOARD,NWF01,BENENDEN HOSPITAL,1415,1140,275,3,1,0,0,0.8056537102473498
2026-04-01,QKS,NHS KENT AND MEDWAY INTEGRATED CARE BOARD,NYR,CORA HEALTH DIAGNOSTICS (FORMERLY HEALTHSHARE DIAGNOSTICS),1803,1086,717,39,4,4,1,0.6023294509151415
2026-04-01,QKS,NHS KENT AND MEDWAY INTEGRATED CARE BOARD,RN7,DARTFORD AND GRAVESHAM NHS TRUST,30535,18686,11849,413,0,0,0,0.6119534959882102
2026-04-01,QKS,NHS KENT AND MEDWAY INTEGRATED CARE BOARD,RPA,MEDWAY NHS FOUNDATION TRUST,34091,21000,13091,368,0,0,0,0.6159983573377138
2026-04-01,QKS,NHS KENT AND MEDWAY INTEGRATED CARE BOARD,RVV,EAST KENT HOSPITALS UNIVERSITY NHS FOUNDATION TRUST,80697,45735,34962,1992,81,7,1,0.5667496932971486
2026-04-01,QKS,NHS KENT AND MEDWAY INTEGRATED CARE BOARD,RWF,MAIDSTONE AND TUNBRIDGE WELLS NHS TRUST,48284,35823,12461,11,5,1,0,0.7419227901582305
2026-04-01,QKS,NHS KENT AND MEDWAY INTEGRATED CARE BOARD,RYY,KENT COMMUNITY HEALTH NHS FOUNDATION TRUST,4825,4818,7,0,0,0,0,0.9985492227979275
2026-04-01,QKS,NHS KENT AND MEDWAY INTEGRATED CARE BOARD,U0K8N,CES MEDICAL,56,49,7,0,0,0,0,0.875
2026-04-01,QKS,NHS KENT AND MEDWAY INTEGRATED CARE BOARD,X1M4L,ACES MAIDSTONE,2,0,2,0,0,0,0,0
2026-04-01,QKS,NHS KENT AND MEDWAY INTEGRATED CARE BOARD,Z4F8Y,ACES DARTFORD,369,316,53,0,0,0,0,0.8563685636856369
2026-04-01,QMF,NHS NORTH EAST LONDON INTEGRATED CARE BOARD,B4N1U,SPAMEDICA ROMFORD,984,901,83,0,0,0,0,0.915650406504065
2026-04-01,QMF,NHS NORTH EAST LONDON INTEGRATED CARE BOARD,NT314,SPIRE LONDON EAST,3436,2170,1266,47,2,1,0,0.6315483119906868
2026-04-01,QMF,NHS NORTH EAST LONDON INTEGRATED CARE BOARD,NT422,LONDON INDEPENDENT HOSPITAL,3991,3213,778,7,3,2,0,0.8050613881232773
2026-04-01,QMF,NHS NORTH EAST LONDON INTEGRATED CARE BOARD,NTP15,PRACTICE PLUS GROUP HOSPITAL - ILFORD,4656,3175,1481,38,9,1,0,0.6819158075601375
2026-04-01,QMF,NHS NORTH EAST LONDON INTEGRATED CARE BOARD,R1H,BARTS HEALTH NHS TRUST,121803,76571,45232,1192,17,0,0,0.628646256660345
2026-04-01,QMF,NHS NORTH EAST LONDON INTEGRATED CARE BOARD,RF4,"BARKING, HAVERING AND REDBRIDGE UNIVERSITY HOSPITALS NHS TRUST",72241,49129,23112,917,25,2,0,0.6800708738804834
2026-04-01,QMF,NHS NORTH EAST LONDON INTEGRATED CARE BOARD,RQX,HOMERTON HEALTHCARE NHS FOUNDATION TRUST,26849,20475,6374,174,5,0,0,0.76259823457112
2026-04-01,QMF,NHS NORTH EAST LONDON INTEGRATED CARE BOARD,V3J9W,PASTEL HEALTH,118,65,53,1,0,0,0,0.5508474576271186
2026-04-01,QMF,NHS NORTH EAST LONDON INTEGRATED CARE BOARD,V8N5R,SPAMEDICA DALSTON,522,469,53,0,0,0,0,0.8984674329501916
2026-04-01,QNC,NHS STAFFORDSHIRE AND STOKE-ON-TRENT INTEGRATED CARE BOARD,B6Z0N,OPTEGRA EYE HOSPITAL UTTOXETER,315,275,40,0,0,0,0,0.873015873015873
2026-04-01,QNC,NHS STAFFORDSHIRE AND STOKE-ON-TRENT INTEGRATED CARE BOARD,NPG15,SPAMEDICA NEWCASTLE-UNDER-LYME,390,383,7,0,0,0,0,0.982051282051282
2026-04-01,QNC,NHS STAFFORDSHIRE AND STOKE-ON-TRENT INTEGRATED CARE BOARD,NT230,"NUFFIELD HEALTH, NORTH STAFFORDSHIRE HOSPITAL",1228,741,487,13,3,0,0,0.6034201954397395
2026-04-01,QNC,NHS STAFFORDSHIRE AND STOKE-ON-TRENT INTEGRATED CARE BOARD,NT321,SPIRE LITTLE ASTON HOSPITAL,1185,804,381,7,2,0,0,0.6784810126582278
2026-04-01,QNC,NHS STAFFORDSHIRE AND STOKE-ON-TRENT INTEGRATED CARE BOARD,NVC0I,BEACON PARK HOSPITAL,1405,808,597,1,1,1,1,0.5750889679715302
2026-04-01,QNC,NHS STAFFORDSHIRE AND STOKE-ON-TRENT INTEGRATED CARE BOARD,NVC17,ROWLEY HALL HOSPITAL,2553,1516,1037,1,1,1,1,0.5938112025068547
2026-04-01,QNC,NHS STAFFORDSHIRE AND STOKE-ON-TRENT INTEGRATED CARE BOARD,RJE,UNIVERSITY HOSPITALS OF NORTH MIDLANDS NHS TRUST,68459,43857,24602,1285,103,1,0,0.6406316189251962
2026-04-01,QNC,NHS STAFFORDSHIRE AND STOKE-ON-TRENT INTEGRATED CARE BOARD,RRE,MIDLANDS PARTNERSHIP UNIVERSITY NHS FOUNDATION TRUST,9277,8599,678,0,0,0,0,0.9269160288886493
2026-04-01,QOC,"NHS SHROPSHIRE, TELFORD AND WREKIN INTEGRATED CARE BOARD",AHP,ST MICHAEL'S CLINIC LIMITED,1691,1091,600,24,0,0,0,0.6451803666469544
2026-04-01,QOC,"NHS SHROPSHIRE, TELFORD AND WREKIN INTEGRATED CARE BOARD",NT235,"NUFFIELD HEALTH, SHREWSBURY HOSPITAL",530,440,90,0,0,0,0,0.8301886792452831
2026-04-01,QOC,"NHS SHROPSHIRE, TELFORD AND WREKIN INTEGRATED CARE BOARD",P5Y6K,NEWMEDICA - SHREWSBURY,495,489,6,1,1,0,0,0.9878787878787879
2026-04-01,QOC,"NHS SHROPSHIRE, TELFORD AND WREKIN INTEGRATED CARE BOARD",R1D,SHROPSHIRE COMMUNITY HEALTH NHS TRUST,7963,6415,1548,0,0,0,0,0.805600904181841
2026-04-01,QOC,"NHS SHROPSHIRE, TELFORD AND WREKIN INTEGRATED CARE BOARD",RL1,THE ROBERT JONES AND AGNES HUNT ORTHOPAEDIC HOSPITAL NHS FOUNDATION TRUST,23494,12402,11092,2768,1787,1166,379,0.5278794585851707
2026-04-01,QOC,"NHS SHROPSHIRE, TELFORD AND WREKIN INTEGRATED CARE BOARD",RXW,THE SHREWSBURY AND TELFORD HOSPITAL NHS TRUST,35084,24231,10853,0,0,0,0,0.6906567096112188
2026-04-01,QOC,"NHS SHROPSHIRE, TELFORD AND WREKIN INTEGRATED CARE BOARD",V5F1D,SPAMEDICA TELFORD,465,415,50,1,0,0,0,0.8924731182795699
2026-04-01,QOP,NHS GREATER MANCHESTER INTEGRATED CARE BOARD,DXV,OMNES HEALTHCARE LTD,13304,7841,5463,205,69,10,7,0.589371617558629
2026-04-01,QOP,NHS GREATER MANCHESTER INTEGRATED CARE BOARD,I1H7K,SPAMEDICA SALE,260,245,15,0,0,0,0,0.9423076923076923
2026-04-01,QOP,NHS GREATER MANCHESTER INTEGRATED CARE BOARD,M9U8M,ENDOCARE DIAGNOSTICS LTD,78,78,0,0,0,0,0,1
2026-04-01,QOP,NHS GREATER MANCHESTER INTEGRATED CARE BOARD,N1L8R,ACES MANCHESTER ST JOHNS STREET,13,11,2,0,0,0,0,0.8461538461538461
2026-04-01,QOP,NHS GREATER MANCHESTER INTEGRATED CARE BOARD,NLE01,LANCASTER HOUSE CONSULTING DIAGNOSTICS SURGICAL LTD HQ,1311,1109,202,0,0,0,0,0.8459191456903128
2026-04-01,QOP,NHS GREATER MANCHESTER INTEGRATED CARE BOARD,NN5,MANCHESTER SURGICAL SERVICES LTD,367,329,38,0,0,0,0,0.896457765667575
2026-04-01,QOP,NHS GREATER MANCHESTER INTEGRATED CARE BOARD,NNH04,OPTEGRA (MANCHESTER EYE HOSPITAL),794,767,27,0,0,0,0,0.9659949622166247
2026-04-01,QOP,NHS GREATER MANCHESTER INTEGRATED CARE BOARD,NPG01,SPAMEDICA MANCHESTER,364,318,46,0,0,0,0,0.8736263736263736
2026-04-01,QOP,NHS GREATER MANCHESTER INTEGRATED CARE BOARD,NPG08,SPAMEDICA BOLTON,782,748,34,0,0,0,0,0.9565217391304348
2026-04-01,QOP,NHS GREATER MANCHESTER INTEGRATED CARE BOARD,NRL,HEART NETWORKS,932,913,19,0,0,0,0,0.9796137339055794
2026-04-01,QOP,NHS GREATER MANCHESTER INTEGRATED CARE BOARD,NRP,BEACON MEDICAL SERVICES GROUP LIMITED,4686,4406,280,0,0,0,0,0.9402475458813487
2026-04-01,QOP,NHS GREATER MANCHESTER INTEGRATED CARE BOARD,NT327,SPIRE MANCHESTER HOSPITAL,631,478,153,0,0,0,0,0.757527733755943
2026-04-01,QOP,NHS GREATER MANCHESTER INTEGRATED CARE BOARD,NT401,ALEXANDRA HOSPITAL,678,406,272,0,0,0,0,0.5988200589970502
2026-04-01,QOP,NHS GREATER MANCHESTER INTEGRATED CARE BOARD,NT404,BEAUMONT HOSPITAL,3194,2000,1194,1,0,0,0,0.6261740763932373
2026-04-01,QOP,NHS GREATER MANCHESTER INTEGRATED CARE BOARD,NT420,HIGHFIELD HOSPITAL,941,639,302,0,0,0,0,0.6790648246546227
2026-04-01,QOP,NHS GREATER MANCHESTER INTEGRATED CARE BOARD,NTPAE,PRACTICE PLUS GROUP OPHTHALMOLOGY - NORTH WEST,1748,1566,182,0,0,0,0,0.8958810068649885
2026-04-01,QOP,NHS GREATER MANCHESTER INTEGRATED CARE BOARD,NVC12,OAKLANDS HOSPITAL,3653,2357,1296,0,0,0,0,0.6452231042978374
2026-04-01,QOP,NHS GREATER MANCHESTER INTEGRATED CARE BOARD,O1P6X,SPAMEDICA OLDHAM,746,684,62,0,0,0,0,0.9168900804289544
2026-04-01,QOP,NHS GREATER MANCHESTER INTEGRATED CARE BOARD,R0A,MANCHESTER UNIVERSITY NHS FOUNDATION TRUST,168774,106261,62513,1487,0,0,0,0.6296052709540569
2026-04-01,QOP,NHS GREATER MANCHESTER INTEGRATED CARE BOARD,RBV,THE CHRISTIE NHS FOUNDATION TRUST,3101,3005,96,0,0,0,0,0.9690422444372783
2026-04-01,QOP,NHS GREATER MANCHESTER INTEGRATED CARE BOARD,RM3,NORTHERN CARE ALLIANCE NHS FOUNDATION TRUST,132998,77562,55436,3799,39,0,0,0.5831817019804809
2026-04-01,QOP,NHS GREATER MANCHESTER INTEGRATED CARE BOARD,RMC,BOLTON NHS FOUNDATION TRUST,36779,22345,14434,440,0,0,0,0.6075477854210283
2026-04-01,QOP,NHS GREATER MANCHESTER INTEGRATED CARE BOARD,RMP,TAMESIDE AND GLOSSOP INTEGRATED CARE NHS FOUNDATION TRUST,16288,12468,3820,0,0,0,0,0.7654715127701375
2026-04-01,QOP,NHS GREATER MANCHESTER INTEGRATED CARE BOARD,RRF,"WRIGHTINGTON, WIGAN AND LEIGH TEACHING HOSPITALS NHS FOUNDATION TRUST",44118,26547,17571,945,14,1,1,0.6017271861825105
2026-04-01,QOP,NHS GREATER MANCHESTER INTEGRATED CARE BOARD,RWJ,STOCKPORT NHS FOUNDATION TRUST,34329,21191,13138,200,2,0,0,0.6172915028110344
2026-04-01,QOP,NHS GREATER MANCHESTER INTEGRATED CARE BOARD,S8O6A,ACES MANCHESTER TRAFFORD,2,2,0,0,0,0,0,1
2026-04-01,QOP,NHS GREATER MANCHESTER INTEGRATED CARE BOARD,W7J4C,ACES MANCHESTER,74,44,30,0,0,0,0,0.5945945945945946
2026-04-01,QOP,NHS GREATER MANCHESTER INTEGRATED CARE BOARD,Z2L9B,NEWMEDICA - MANCHESTER WEST,317,250,67,0,0,0,0,0.7886435331230284
2026-04-01,QOQ,NHS HUMBER AND NORTH YORKSHIRE INTEGRATED CARE BOARD,A1S9E,OPTEGRA EYE HOSPITAL YORK,584,561,23,0,0,0,0,0.9606164383561644
2026-04-01,QOQ,NHS HUMBER AND NORTH YORKSHIRE INTEGRATED CARE BOARD,ACG12,NEWMEDICA COMMUNITY OPHTHALMOLOGY - NORTH EAST LINCOLNSHIRE - GRIMSBY,1019,784,235,0,0,0,0,0.7693817468105987
2026-04-01,QOQ,NHS HUMBER AND NORTH YORKSHIRE INTEGRATED CARE BOARD,ACG22,NEWMEDICA - BRIGG - RIVERSIDE SURGERY,735,591,144,0,0,0,0,0.8040816326530612
2026-04-01,QOQ,NHS HUMBER AND NORTH YORKSHIRE INTEGRATED CARE BOARD,NL3,CARE PLUS GROUP,182,156,26,1,0,0,0,0.8571428571428571
2026-04-01,QOQ,NHS HUMBER AND NORTH YORKSHIRE INTEGRATED CARE BOARD,NPG18,SPAMEDICA HULL,493,474,19,0,0,0,0,0.9614604462474645
2026-04-01,QOQ,NHS HUMBER AND NORTH YORKSHIRE INTEGRATED CARE BOARD,NT245,"NUFFIELD HEALTH, YORK HOSPITAL",1193,877,316,1,0,0,0,0.7351215423302598
2026-04-01,QOQ,NHS HUMBER AND NORTH YORKSHIRE INTEGRATED CARE BOARD,NT351,SPIRE HULL AND EAST RIDING HOSPITAL,2570,1525,1045,0,0,0,0,0.5933852140077821
2026-04-01,QOQ,NHS HUMBER AND NORTH YORKSHIRE INTEGRATED CARE BOARD,NT447,DUCHY HOSPITAL,323,267,56,0,0,0,0,0.826625386996904
2026-04-01,QOQ,NHS HUMBER AND NORTH YORKSHIRE INTEGRATED CARE BOARD,NTE02,ST HUGH'S HOSPITAL,2063,1657,406,11,3,1,0,0.8031992244304411
2026-04-01,QOQ,NHS HUMBER AND NORTH YORKSHIRE INTEGRATED CARE BOARD,NVC28,CLIFTON PARK HOSPITAL,1567,993,574,7,1,0,0,0.6336949585194639
2026-04-01,QOQ,NHS HUMBER AND NORTH YORKSHIRE INTEGRATED CARE BOARD,RCB,YORK AND SCARBOROUGH TEACHING HOSPITALS NHS FOUNDATION TRUST,55098,31166,23932,996,0,0,0,0.5656466659406875
2026-04-01,QOQ,NHS HUMBER AND NORTH YORKSHIRE INTEGRATED CARE BOARD,RCD,HARROGATE AND DISTRICT NHS FOUNDATION TRUST,21491,16399,5092,4,0,0,0,0.7630636080219627
2026-04-01,QOQ,NHS HUMBER AND NORTH YORKSHIRE INTEGRATED CARE BOARD,RJL,NORTHERN LINCOLNSHIRE AND GOOLE NHS FOUNDATION TRUST,40794,25050,15744,915,41,0,0,0.6140608913075453
2026-04-01,QOQ,NHS HUMBER AND NORTH YORKSHIRE INTEGRATED CARE BOARD,RWA,HULL UNIVERSITY TEACHING HOSPITALS NHS TRUST,83615,47106,36509,2888,89,1,0,0.563367816779286
2026-04-01,QOQ,NHS HUMBER AND NORTH YORKSHIRE INTEGRATED CARE BOARD,Z1E5F,NEWMEDICA - HARROGATE,236,208,28,0,0,0,0,0.8813559322033898
2026-04-01,QOX,"NHS BATH AND NORTH EAST SOMERSET, SWINDON AND WILTSHIRE INTEGRATED CARE BOARD",D0V5X,NEWMEDICA - SWINDON MURDOCK ROAD,168,134,34,0,0,0,0,0.7976190476190477
2026-04-01,QOX,"NHS BATH AND NORTH EAST SOMERSET, SWINDON AND WILTSHIRE INTEGRATED CARE BOARD",DFY01,COTSWOLDS SURGICAL PARTNERS,275,272,3,0,0,0,0,0.9890909090909091
2026-04-01,QOX,"NHS BATH AND NORTH EAST SOMERSET, SWINDON AND WILTSHIRE INTEGRATED CARE BOARD",G3Z1Q,SULIS HOSPITAL BATH (FOXCOTE AVENUE),3782,2827,955,2,0,0,0,0.7474881015335801
2026-04-01,QOX,"NHS BATH AND NORTH EAST SOMERSET, SWINDON AND WILTSHIRE INTEGRATED CARE BOARD",H1T2P,SPAMEDICA SWINDON,109,105,4,0,0,0,0,0.963302752293578
2026-04-01,QOX,"NHS BATH AND NORTH EAST SOMERSET, SWINDON AND WILTSHIRE INTEGRATED CARE BOARD",NQT5K,ST MARTINS HOSPITAL,110,82,28,2,1,1,0,0.7454545454545455
2026-04-01,QOX,"NHS BATH AND NORTH EAST SOMERSET, SWINDON AND WILTSHIRE INTEGRATED CARE BOARD",NT402,BATH CLINIC,669,497,172,0,0,0,0,0.7428998505231689
2026-04-01,QOX,"NHS BATH AND NORTH EAST SOMERSET, SWINDON AND WILTSHIRE INTEGRATED CARE BOARD",NT430,RIDGEWAY HOSPITAL,430,311,119,0,0,0,0,0.7232558139534884
2026-04-01,QOX,"NHS BATH AND NORTH EAST SOMERSET, SWINDON AND WILTSHIRE INTEGRATED CARE BOARD",NTPH3,PRACTICE PLUS GROUP SURGICAL CENTRE - DEVIZES,3157,2511,646,1,0,0,0,0.7953753563509661
2026-04-01,QOX,"NHS BATH AND NORTH EAST SOMERSET, SWINDON AND WILTSHIRE INTEGRATED CARE BOARD",NVC09,NEW HALL HOSPITAL,3471,2458,1013,29,0,0,0,0.7081532699510228
2026-04-01,QOX,"NHS BATH AND NORTH EAST SOMERSET, SWINDON AND WILTSHIRE INTEGRATED CARE BOARD",NXP,INDEPENDENT HEALTH GROUP,1121,1071,50,0,0,0,0,0.9553969669937555
2026-04-01,QOX,"NHS BATH AND NORTH EAST SOMERSET, SWINDON AND WILTSHIRE INTEGRATED CARE BOARD",RD1,ROYAL UNITED HOSPITALS BATH NHS FOUNDATION TRUST,39237,27572,11665,183,0,0,0,0.7027040803323393
2026-04-01,QOX,"NHS BATH AND NORTH EAST SOMERSET, SWINDON AND WILTSHIRE INTEGRATED CARE BOARD",RN3,GREAT WESTERN HOSPITALS NHS FOUNDATION TRUST,44196,25069,19127,1002,19,1,0,0.5672232781247172
2026-04-01,QOX,"NHS BATH AND NORTH EAST SOMERSET, SWINDON AND WILTSHIRE INTEGRATED CARE BOARD",RNZ,SALISBURY NHS FOUNDATION TRUST,30102,21531,8571,45,0,0,0,0.7152680884991031
2026-04-01,QPM,NHS NORTHAMPTONSHIRE INTEGRATED CARE BOARD,K8I4X,GLENDON WOOD HOSPITAL,1327,1033,294,0,0,0,0,0.7784476262245666
2026-04-01,QPM,NHS NORTHAMPTONSHIRE INTEGRATED CARE BOARD,M4C5R,NEWMEDICA - NORTHAMPTON,1500,1252,248,1,0,0,0,0.8346666666666667
2026-04-01,QPM,NHS NORTHAMPTONSHIRE INTEGRATED CARE BOARD,NT441,THREE SHIRES HOSPITAL,3666,2212,1454,24,0,0,0,0.6033824331696672
2026-04-01,QPM,NHS NORTHAMPTONSHIRE INTEGRATED CARE BOARD,NVC23,WOODLAND HOSPITAL,4941,3104,1837,2,0,0,0,0.6282129123659178
2026-04-01,QPM,NHS NORTHAMPTONSHIRE INTEGRATED CARE BOARD,RNQ,KETTERING GENERAL HOSPITAL NHS FOUNDATION TRUST,25456,16061,9395,111,0,0,0,0.6309318038969202
2026-04-01,QPM,NHS NORTHAMPTONSHIRE INTEGRATED CARE BOARD,RNS,NORTHAMPTON GENERAL HOSPITAL NHS TRUST,40837,24880,15957,413,2,2,0,0.6092514141587286
2026-04-01,QR1,NHS GLOUCESTERSHIRE INTEGRATED CARE BOARD,A0C5S,SPAMEDICA GLOUCESTER,108,101,7,0,0,0,0,0.9351851851851852
2026-04-01,QR1,NHS GLOUCESTERSHIRE INTEGRATED CARE BOARD,AAH,TETBURY HOSPITAL TRUST LTD,354,318,36,2,0,0,0,0.8983050847457628
2026-04-01,QR1,NHS GLOUCESTERSHIRE INTEGRATED CARE BOARD,ACG13,NEWMEDICA - GLOUCESTER (ASPEN MEDICAL CENTRE),475,344,131,1,0,0,0,0.7242105263157895
2026-04-01,QR1,NHS GLOUCESTERSHIRE INTEGRATED CARE BOARD,L0D9W,NEWMEDICA - GLOUCESTER (BRIGHOUSE COURT),1330,1091,239,0,0,0,0,0.8203007518796992
2026-04-01,QR1,NHS GLOUCESTERSHIRE INTEGRATED CARE BOARD,NT211,"NUFFIELD HEALTH, CHELTENHAM HOSPITAL",47,18,29,5,2,0,0,0.3829787234042553
2026-04-01,QR1,NHS GLOUCESTERSHIRE INTEGRATED CARE BOARD,NVC22,WINFIELD HOSPITAL,1195,897,298,0,0,0,0,0.7506276150627615
2026-04-01,QR1,NHS GLOUCESTERSHIRE INTEGRATED CARE BOARD,RTE,GLOUCESTERSHIRE HOSPITALS NHS FOUNDATION TRUST,69286,51241,18045,20,0,0,0,0.7395577750194845
2026-04-01,QRL,NHS HAMPSHIRE AND ISLE OF WIGHT INTEGRATED CARE BOARD,A1U4J,SPAMEDICA PORTSMOUTH,206,181,25,0,0,0,0,0.8786407766990292
2026-04-01,QRL,NHS HAMPSHIRE AND ISLE OF WIGHT INTEGRATED CARE BOARD,B9M3W,SPAMEDICA SOUTHAMPTON,386,261,125,74,0,0,0,0.6761658031088082
2026-04-01,QRL,NHS HAMPSHIRE AND ISLE OF WIGHT INTEGRATED CARE BOARD,D0Y2J,OPTEGRA AT HAVANT HEALTH CENTRE (HAVANT),20,20,0,0,0,0,0,1
2026-04-01,QRL,NHS HAMPSHIRE AND ISLE OF WIGHT INTEGRATED CARE BOARD,GEC01,RAPID INVESTIGATION SERVICE,99,99,0,0,0,0,0,1
2026-04-01,QRL,NHS HAMPSHIRE AND ISLE OF WIGHT INTEGRATED CARE BOARD,L4R3R,NEWMEDICA - HAMPSHIRE,2321,1447,874,12,0,0,0,0.6234381732012064
2026-04-01,QRL,NHS HAMPSHIRE AND ISLE OF WIGHT INTEGRATED CARE BOARD,NEY,PIONEER HEALTHCARE LIMITED,101,61,40,10,3,1,0,0.6039603960396039
2026-04-01,QRL,NHS HAMPSHIRE AND ISLE OF WIGHT INTEGRATED CARE BOARD,NNH06,OPTEGRA (SOLENT EYE HOSPITAL),695,691,4,0,0,0,0,0.9942446043165467
2026-04-01,QRL,NHS HAMPSHIRE AND ISLE OF WIGHT INTEGRATED CARE BOARD,NRF,UNIVERSITY OF SOUTHAMPTON AUDITORY IMPLANT SERVICE,180,117,63,7,1,0,0,0.65
2026-04-01,QRL,NHS HAMPSHIRE AND ISLE OF WIGHT INTEGRATED CARE BOARD,NT214,"NUFFIELD HEALTH, WESSEX HOSPITAL",583,173,410,2,0,0,0,0.2967409948542024
2026-04-01,QRL,NHS HAMPSHIRE AND ISLE OF WIGHT INTEGRATED CARE BOARD,NT304,SPIRE SOUTHAMPTON HOSPITAL,307,93,214,6,1,0,0,0.30293159609120524
2026-04-01,QRL,NHS HAMPSHIRE AND ISLE OF WIGHT INTEGRATED CARE BOARD,NT305,SPIRE PORTSMOUTH HOSPITAL,473,268,205,2,0,0,0,0.5665961945031712
2026-04-01,QRL,NHS HAMPSHIRE AND ISLE OF WIGHT INTEGRATED CARE BOARD,NT345,SPIRE CLARE PARK HOSPITAL,352,193,159,1,1,0,0,0.5482954545454546
2026-04-01,QRL,NHS HAMPSHIRE AND ISLE OF WIGHT INTEGRATED CARE BOARD,NT418,HAMPSHIRE CLINIC,337,195,142,1,0,0,0,0.5786350148367952
2026-04-01,QRL,NHS HAMPSHIRE AND ISLE OF WIGHT INTEGRATED CARE BOARD,NT433,SARUM ROAD HOSPITAL,284,137,147,2,0,0,0,0.4823943661971831
2026-04-01,QRL,NHS HAMPSHIRE AND ISLE OF WIGHT INTEGRATED CARE BOARD,NTP11,PRACTICE PLUS GROUP HOSPITAL - SOUTHAMPTON,10899,6912,3987,12,0,0,0,0.634186622625929
2026-04-01,QRL,NHS HAMPSHIRE AND ISLE OF WIGHT INTEGRATED CARE BOARD,NTPAD,PRACTICE PLUS GROUP SURGICAL CENTRE - ST MARYS PORTSMOUTH,1756,1692,64,0,0,0,0,0.9635535307517085
2026-04-01,QRL,NHS HAMPSHIRE AND ISLE OF WIGHT INTEGRATED CARE BOARD,Q4W9A,ACES SOUTHAMPTON,43,38,5,0,0,0,0,0.8837209302325582
2026-04-01,QRL,NHS HAMPSHIRE AND ISLE OF WIGHT INTEGRATED CARE BOARD,Q8X0X,SPAMEDICA ISLE OF WIGHT COMMUNITY DIAGNOSTIC & TREATMENT CENTRE,27,26,1,0,0,0,0,0.9629629629629629
2026-04-01,QRL,NHS HAMPSHIRE AND ISLE OF WIGHT INTEGRATED CARE BOARD,R1F,ISLE OF WIGHT NHS TRUST,12757,8057,4700,64,0,0,0,0.631574821666536
2026-04-01,QRL,NHS HAMPSHIRE AND ISLE OF WIGHT INTEGRATED CARE BOARD,RHM,UNIVERSITY HOSPITAL SOUTHAMPTON NHS FOUNDATION TRUST,61236,39375,21861,1199,110,0,0,0.6430041152263375
2026-04-01,QRL,NHS HAMPSHIRE AND ISLE OF WIGHT INTEGRATED CARE BOARD,RHU,PORTSMOUTH HOSPITALS UNIVERSITY NHS TRUST,56604,33486,23118,2101,124,1,0,0.5915836336654653
2026-04-01,QRL,NHS HAMPSHIRE AND ISLE OF WIGHT INTEGRATED CARE BOARD,RN5,HAMPSHIRE HOSPITALS NHS FOUNDATION TRUST,48849,31396,17453,1263,55,3,1,0.6427153063522283
2026-04-01,QRL,NHS HAMPSHIRE AND ISLE OF WIGHT INTEGRATED CARE BOARD,RW1,HAMPSHIRE AND ISLE OF WIGHT HEALTHCARE NHS FOUNDATION TRUST,4400,3921,479,0,0,0,0,0.8911363636363636
2026-04-01,QRL,NHS HAMPSHIRE AND ISLE OF WIGHT INTEGRATED CARE BOARD,Y7W8F,ACES SOUTHAMPTON - EAST ST,15,14,1,0,0,0,0,0.9333333333333333
2026-04-01,QSL,NHS SOMERSET INTEGRATED CARE BOARD,G6S7A,SPAMEDICA TAUNTON,768,562,206,0,0,0,0,0.7317708333333334
2026-04-01,QSL,NHS SOMERSET INTEGRATED CARE BOARD,NPR01,ABOUT HEALTH HQ,1396,1396,0,0,0,0,0,1
2026-04-01,QSL,NHS SOMERSET INTEGRATED CARE BOARD,NT238,"NUFFIELD HEALTH, TAUNTON HOSPITAL",533,311,222,3,0,0,0,0.5834896810506567
2026-04-01,QSL,NHS SOMERSET INTEGRATED CARE BOARD,NTPH1,PRACTICE PLUS GROUP HOSPITAL - SHEPTON MALLET,2857,2114,743,33,6,2,0,0.7399369968498425
2026-04-01,QSL,NHS SOMERSET INTEGRATED CARE BOARD,RH5,SOMERSET NHS FOUNDATION TRUST,53891,35441,18450,1135,23,0,0,0.65764227793138
2026-04-01,QT1,NHS NOTTINGHAM AND NOTTINGHAMSHIRE INTEGRATED CARE BOARD,A4Y8X,ACES NOTTINGHAM,26,20,6,0,0,0,0,0.7692307692307693
2026-04-01,QT1,NHS NOTTINGHAM AND NOTTINGHAMSHIRE INTEGRATED CARE BOARD,A6U7U,OPTEGRA EYE HOSPITAL NOTTINGHAM,114,114,0,0,0,0,0,1
2026-04-01,QT1,NHS NOTTINGHAM AND NOTTINGHAMSHIRE INTEGRATED CARE BOARD,ACG30,NEWMEDICA - WORKSOP - DUKERIES,173,162,11,0,0,0,0,0.9364161849710982
2026-04-01,QT1,NHS NOTTINGHAM AND NOTTINGHAMSHIRE INTEGRATED CARE BOARD,B1A5K,NEWMEDICA - NOTTINGHAM,619,606,13,0,0,0,0,0.9789983844911146
2026-04-01,QT1,NHS NOTTINGHAM AND NOTTINGHAMSHIRE INTEGRATED CARE BOARD,G3O5P,SPAMEDICA NEWARK,573,535,38,6,0,0,0,0.9336823734729494
2026-04-01,QT1,NHS NOTTINGHAM AND NOTTINGHAMSHIRE INTEGRATED CARE BOARD,M6L9D,NEWMEDICA - NOTTINGHAM - KEYWORTH,23,23,0,0,0,0,0,1
2026-04-01,QT1,NHS NOTTINGHAM AND NOTTINGHAMSHIRE INTEGRATED CARE BOARD,NT30A,SPIRE NOTTINGHAM HOSPITAL,625,515,110,0,0,0,0,0.824
2026-04-01,QT1,NHS NOTTINGHAM AND NOTTINGHAMSHIRE INTEGRATED CARE BOARD,NT427,PARK HOSPITAL,2104,1364,740,32,11,3,0,0.6482889733840305
2026-04-01,QT1,NHS NOTTINGHAM AND NOTTINGHAMSHIRE INTEGRATED CARE BOARD,NVC40,WOODTHORPE HOSPITAL,3672,2584,1088,10,0,0,0,0.7037037037037037
2026-04-01,QT1,NHS NOTTINGHAM AND NOTTINGHAMSHIRE INTEGRATED CARE BOARD,RK5,SHERWOOD FOREST HOSPITALS NHS FOUNDATION TRUST,33263,21182,12081,348,0,0,0,0.6368036557135556
2026-04-01,QT1,NHS NOTTINGHAM AND NOTTINGHAMSHIRE INTEGRATED CARE BOARD,RX1,NOTTINGHAM UNIVERSITY HOSPITALS NHS TRUST,85166,53483,31683,1902,2,0,0,0.6279853462649414
2026-04-01,QT6,NHS CORNWALL AND THE ISLES OF SCILLY INTEGRATED CARE BOARD,E3D4A,SPAMEDICA TRURO,337,318,19,0,0,0,0,0.9436201780415431
2026-04-01,QT6,NHS CORNWALL AND THE ISLES OF SCILLY INTEGRATED CARE BOARD,NAM01,PROBUS SURGICAL CENTRE,867,837,30,0,0,0,0,0.9653979238754326
2026-04-01,QT6,NHS CORNWALL AND THE ISLES OF SCILLY INTEGRATED CARE BOARD,NVC04,DUCHY HOSPITAL,1736,1074,662,11,0,0,0,0.618663594470046
2026-04-01,QT6,NHS CORNWALL AND THE ISLES OF SCILLY INTEGRATED CARE BOARD,REF,ROYAL CORNWALL HOSPITALS NHS TRUST,42102,30968,11134,297,24,1,0,0.7355470048928792
2026-04-01,QT6,NHS CORNWALL AND THE ISLES OF SCILLY INTEGRATED CARE BOARD,RJ8,CORNWALL PARTNERSHIP NHS FOUNDATION TRUST,703,687,16,0,0,0,0,0.9772403982930299
2026-04-01,QUA,NHS BLACK COUNTRY INTEGRATED CARE BOARD,DXN,MODALITY LLP,2665,158,2507,54,0,0,0,0.05928705440900563
2026-04-01,QUA,NHS BLACK COUNTRY INTEGRATED CARE BOARD,NPG20,SPAMEDICA WOLVERHAMPTON,831,769,62,0,0,0,0,0.9253910950661853
2026-04-01,QUA,NHS BLACK COUNTRY INTEGRATED CARE BOARD,NT242,"NUFFIELD HEALTH, WOLVERHAMPTON HOSPITAL",533,420,113,0,0,0,0,0.7879924953095685
2026-04-01,QUA,NHS BLACK COUNTRY INTEGRATED CARE BOARD,NVC1H,STOURSIDE HOSPITAL,2961,2112,849,19,1,0,0,0.713272543059777
2026-04-01,QUA,NHS BLACK COUNTRY INTEGRATED CARE BOARD,NVC21,WEST MIDLANDS HOSPITAL,497,324,173,8,0,0,0,0.6519114688128773
2026-04-01,QUA,NHS BLACK COUNTRY INTEGRATED CARE BOARD,RBK,WALSALL HEALTHCARE NHS TRUST,27974,20195,7779,4,0,0,0,0.7219203546149996
2026-04-01,QUA,NHS BLACK COUNTRY INTEGRATED CARE BOARD,RL4,THE ROYAL WOLVERHAMPTON NHS TRUST,73776,44448,29328,1903,0,0,0,0.6024723487312947
2026-04-01,QUA,NHS BLACK COUNTRY INTEGRATED CARE BOARD,RNA,THE DUDLEY GROUP NHS FOUNDATION TRUST,46643,30359,16284,6,1,1,0,0.6508800891880883
2026-04-01,QUA,NHS BLACK COUNTRY INTEGRATED CARE BOARD,RXK,SANDWELL AND WEST BIRMINGHAM HOSPITALS NHS TRUST,65630,40862,24768,319,1,0,0,0.6226116105439585
2026-04-01,QUY,"NHS BRISTOL, NORTH SOMERSET AND SOUTH GLOUCESTERSHIRE INTEGRATED CARE BOARD",ACG20,NEWMEDICA - BRISTOL - LITFIELD HOUSE,428,336,92,2,0,0,0,0.7850467289719626
2026-04-01,QUY,"NHS BRISTOL, NORTH SOMERSET AND SOUTH GLOUCESTERSHIRE INTEGRATED CARE BOARD",ACG38,NEWMEDICA - LANGFORD,471,364,107,1,0,0,0,0.772823779193206
2026-04-01,QUY,"NHS BRISTOL, NORTH SOMERSET AND SOUTH GLOUCESTERSHIRE INTEGRATED CARE BOARD",H4J9P,NEWMEDICA AZTEC WEST,894,581,313,2,0,0,0,0.6498881431767338
2026-04-01,QUY,"NHS BRISTOL, NORTH SOMERSET AND SOUTH GLOUCESTERSHIRE INTEGRATED CARE BOARD",NFH,SOMERSET SURGICAL SERVICES HQ,1576,1292,284,2,1,0,0,0.8197969543147208
2026-04-01,QUY,"NHS BRISTOL, NORTH SOMERSET AND SOUTH GLOUCESTERSHIRE INTEGRATED CARE BOARD",NLX,SIRONA CARE & HEALTH,5230,4234,996,0,0,0,0,0.8095602294455067
2026-04-01,QUY,"NHS BRISTOL, NORTH SOMERSET AND SOUTH GLOUCESTERSHIRE INTEGRATED CARE BOARD",NT206,"NUFFIELD HEALTH, BRISTOL HOSPITAL (CHESTERFIELD)",683,385,298,1,1,0,0,0.5636896046852123
2026-04-01,QUY,"NHS BRISTOL, NORTH SOMERSET AND SOUTH GLOUCESTERSHIRE INTEGRATED CARE BOARD",NT302,SPIRE BRISTOL HOSPITAL,733,396,337,7,0,0,0,0.5402455661664393
2026-04-01,QUY,"NHS BRISTOL, NORTH SOMERSET AND SOUTH GLOUCESTERSHIRE INTEGRATED CARE BOARD",NTPH2,PRACTICE PLUS GROUP HOSPITAL - EMERSONS GREEN,5770,4492,1278,0,0,0,0,0.7785095320623917
2026-04-01,QUY,"NHS BRISTOL, NORTH SOMERSET AND SOUTH GLOUCESTERSHIRE INTEGRATED CARE BOARD",NWV01,COHESE HEALTHCARE,954,953,1,0,0,0,0,0.9989517819706499
2026-04-01,QUY,"NHS BRISTOL, NORTH SOMERSET AND SOUTH GLOUCESTERSHIRE INTEGRATED CARE BOARD",P1B7M,SPAMEDICA BRISTOL,208,193,15,0,0,0,0,0.9278846153846154
2026-04-01,QUY,"NHS BRISTOL, NORTH SOMERSET AND SOUTH GLOUCESTERSHIRE INTEGRATED CARE BOARD",RA7,UNIVERSITY HOSPITALS BRISTOL AND WESTON NHS FOUNDATION TRUST,50484,34597,15887,370,0,0,0,0.6853062356390144
2026-04-01,QUY,"NHS BRISTOL, NORTH SOMERSET AND SOUTH GLOUCESTERSHIRE INTEGRATED CARE BOARD",RVJ,NORTH BRISTOL NHS TRUST,40387,28476,11911,29,2,0,0,0.7050783668011984
2026-04-01,QUY,"NHS BRISTOL, NORTH SOMERSET AND SOUTH GLOUCESTERSHIRE INTEGRATED CARE BOARD",T1T4S,ACES BRISTOL,68,59,9,0,0,0,0,0.8676470588235294
2026-04-01,QVV,NHS DORSET INTEGRATED CARE BOARD,H4Y7F,SPAMEDICA DORCHESTER,554,534,20,0,0,0,0,0.9638989169675091
2026-04-01,QVV,NHS DORSET INTEGRATED CARE BOARD,L6O7H,SPAMEDICA POOLE,1000,935,65,0,0,0,0,0.935
2026-04-01,QVV,NHS DORSET INTEGRATED CARE BOARD,NT202,"NUFFIELD HEALTH, BOURNEMOUTH HOSPITAL",487,320,167,0,0,0,0,0.6570841889117043
2026-04-01,QVV,NHS DORSET INTEGRATED CARE BOARD,NT419,HARBOUR HOSPITAL,189,128,61,0,0,0,0,0.6772486772486772
2026-04-01,QVV,NHS DORSET INTEGRATED CARE BOARD,NT443,WINTERBOURNE HOSPITAL,417,312,105,0,0,0,0,0.7482014388489209
2026-04-01,QVV,NHS DORSET INTEGRATED CARE BOARD,R0D,UNIVERSITY HOSPITALS DORSET NHS FOUNDATION TRUST,67800,45058,22742,619,0,0,0,0.6645722713864307
2026-04-01,QVV,NHS DORSET INTEGRATED CARE BOARD,RBD,DORSET COUNTY HOSPITAL NHS FOUNDATION TRUST,21967,13253,8714,296,1,0,0,0.603314062002094
2026-04-01,QWE,NHS SOUTH WEST LONDON INTEGRATED CARE BOARD,N1N0Y,SPAMEDICA CROYDON,153,141,12,0,0,0,0,0.9215686274509803
2026-04-01,QWE,NHS SOUTH WEST LONDON INTEGRATED CARE BOARD,NLG,COMMUNITAS CLINICS,4440,3111,1329,27,2,0,0,0.7006756756756757
2026-04-01,QWE,NHS SOUTH WEST LONDON INTEGRATED CARE BOARD,NT3X3,SPIRE ST ANTHONY'S HOSPITAL,1026,950,76,3,0,0,0,0.9259259259259259
2026-04-01,QWE,NHS SOUTH WEST LONDON INTEGRATED CARE BOARD,NT436,SHIRLEY OAKS HOSPITAL,1018,743,275,3,0,0,0,0.7298624754420432
2026-04-01,QWE,NHS SOUTH WEST LONDON INTEGRATED CARE BOARD,R0F4N,NUFFIELD HEALTH PARKSIDE HOSPITAL,821,572,249,93,80,77,44,0.6967113276492083
2026-04-01,QWE,NHS SOUTH WEST LONDON INTEGRATED CARE BOARD,RAX,KINGSTON AND RICHMOND NHS FOUNDATION TRUST,41149,26930,14219,262,2,0,0,0.6544508979562079
2026-04-01,QWE,NHS SOUTH WEST LONDON INTEGRATED CARE BOARD,RJ6,CROYDON HEALTH SERVICES NHS TRUST,34208,24067,10141,419,20,0,0,0.7035488774555659
2026-04-01,QWE,NHS SOUTH WEST LONDON INTEGRATED CARE BOARD,RJ7,ST GEORGE'S UNIVERSITY HOSPITALS NHS FOUNDATION TRUST,68139,42914,25225,471,14,0,0,0.6298008482660444
2026-04-01,QWE,NHS SOUTH WEST LONDON INTEGRATED CARE BOARD,RVR,EPSOM AND ST HELIER UNIVERSITY HOSPITALS NHS TRUST,58847,39169,19678,475,20,2,0,0.6656074226383673
2026-04-01,QWO,NHS WEST YORKSHIRE INTEGRATED CARE BOARD,ACG19,NEWMEDICA COMMUNITY OPHTHALMOLOGY - LEEDS,585,523,62,0,0,0,0,0.8940170940170941
2026-04-01,QWO,NHS WEST YORKSHIRE INTEGRATED CARE BOARD,ACG40,NEWMEDICA - WAKEFIELD,557,471,86,0,0,0,0,0.8456014362657092
2026-04-01,QWO,NHS WEST YORKSHIRE INTEGRATED CARE BOARD,AJ8,THE GRANGE MEDICAL CENTRE HQ,216,216,0,0,0,0,0,1
2026-04-01,QWO,NHS WEST YORKSHIRE INTEGRATED CARE BOARD,C9A7J,NEWMEDICA - BRADFORD & HUDDERSFIELD,630,591,39,0,0,0,0,0.9380952380952381
2026-04-01,QWO,NHS WEST YORKSHIRE INTEGRATED CARE BOARD,E6F9I,ACES BRADFORD,1,1,0,0,0,0,0,1
2026-04-01,QWO,NHS WEST YORKSHIRE INTEGRATED CARE BOARD,I2C7H,SPAMEDICA BRADFORD,246,234,12,0,0,0,0,0.9512195121951219
2026-04-01,QWO,NHS WEST YORKSHIRE INTEGRATED CARE BOARD,NEQ,PHOENIX HEALTH SOLUTIONS LIMITED HQ,561,542,19,0,0,0,0,0.966131907308378
2026-04-01,QWO,NHS WEST YORKSHIRE INTEGRATED CARE BOARD,NID,THE LIVING CARE GROUP,152,152,0,0,0,0,0,1
2026-04-01,QWO,NHS WEST YORKSHIRE INTEGRATED CARE BOARD,NL8,LOCALA COMMUNITY PARTNERSHIPS CIC,1286,1079,207,0,0,0,0,0.8390357698289269
2026-04-01,QWO,NHS WEST YORKSHIRE INTEGRATED CARE BOARD,NNH02,OPTEGRA YORKSHIRE EYE HOSPITAL,842,675,167,0,0,0,0,0.8016627078384798
2026-04-01,QWO,NHS WEST YORKSHIRE INTEGRATED CARE BOARD,NPG07,SPAMEDICA EYE HOSPITAL (WAKEFIELD),660,622,38,0,0,0,0,0.9424242424242424
2026-04-01,QWO,NHS WEST YORKSHIRE INTEGRATED CARE BOARD,NQH,NOVUS HEALTH LTD,883,860,23,0,0,0,0,0.9739524348810872
2026-04-01,QWO,NHS WEST YORKSHIRE INTEGRATED CARE BOARD,NT332,SPIRE LEEDS HOSPITAL,764,611,153,0,0,0,0,0.7997382198952879
2026-04-01,QWO,NHS WEST YORKSHIRE INTEGRATED CARE BOARD,NT348,SPIRE ELLAND HOSPITAL,1286,950,336,2,0,0,0,0.7387247278382582
2026-04-01,QWO,NHS WEST YORKSHIRE INTEGRATED CARE BOARD,NT350,SPIRE METHLEY PARK HOSPITAL,827,685,142,1,0,0,0,0.8282950423216445
2026-04-01,QWO,NHS WEST YORKSHIRE INTEGRATED CARE BOARD,NT448,HUDDERSFIELD PRIVATE HOSPITAL,1077,984,93,4,0,0,0,0.9136490250696379
2026-04-01,QWO,NHS WEST YORKSHIRE INTEGRATED CARE BOARD,NVC20,THE YORKSHIRE CLINIC,7488,5617,1871,21,2,0,0,0.7501335470085471
2026-04-01,QWO,NHS WEST YORKSHIRE INTEGRATED CARE BOARD,P0C3F,SPAMEDICA LEEDS,334,310,24,0,0,0,0,0.9281437125748503
2026-04-01,QWO,NHS WEST YORKSHIRE INTEGRATED CARE BOARD,P1G3N,ACES LEEDS WHITE ROSE,5,2,3,0,0,0,0,0.4
2026-04-01,QWO,NHS WEST YORKSHIRE INTEGRATED CARE BOARD,RAE,BRADFORD TEACHING HOSPITALS NHS FOUNDATION TRUST,31093,20746,10347,73,0,0,0,0.6672241340494645
2026-04-01,QWO,NHS WEST YORKSHIRE INTEGRATED CARE BOARD,RCF,AIREDALE NHS FOUNDATION TRUST,14344,10375,3969,38,1,1,0,0.7232989403234802
2026-04-01,QWO,NHS WEST YORKSHIRE INTEGRATED CARE BOARD,RR8,LEEDS TEACHING HOSPITALS NHS TRUST,86725,58542,28183,1304,110,14,1,0.6750302680887864
2026-04-01,QWO,NHS WEST YORKSHIRE INTEGRATED CARE BOARD,RWY,CALDERDALE AND HUDDERSFIELD NHS FOUNDATION TRUST,36116,26799,9317,10,0,0,0,0.7420256949828331
2026-04-01,QWO,NHS WEST YORKSHIRE INTEGRATED CARE BOARD,RXF,MID YORKSHIRE TEACHING NHS TRUST,55241,36515,18726,248,2,0,0,0.6610126536449377
2026-04-01,QWO,NHS WEST YORKSHIRE INTEGRATED CARE BOARD,RXG,SOUTH WEST YORKSHIRE PARTNERSHIP NHS FOUNDATION TRUST,4385,4273,112,0,0,0,0,0.9744583808437857
2026-04-01,QWO,NHS WEST YORKSHIRE INTEGRATED CARE BOARD,TAD,BRADFORD DISTRICT CARE NHS FOUNDATION TRUST,568,297,271,26,2,1,0,0.522887323943662
2026-04-01,QWO,NHS WEST YORKSHIRE INTEGRATED CARE BOARD,X0R3Y,ACES LEEDS KING STREET,11,7,4,1,0,0,0,0.6363636363636364
2026-04-01,QWU,NHS COVENTRY AND WARWICKSHIRE INTEGRATED CARE BOARD,ACG08,NEWMEDICA OPHTHALMOLOGY - NUNEATON - CAMP HILL - GP LED HEALTH CENTRE,18,18,0,0,0,0,0,1
2026-04-01,QWU,NHS COVENTRY AND WARWICKSHIRE INTEGRATED CARE BOARD,NPG21,SPAMEDICA COVENTRY,662,612,50,0,0,0,0,0.9244712990936556
2026-04-01,QWU,NHS COVENTRY AND WARWICKSHIRE INTEGRATED CARE BOARD,NT224,"NUFFIELD HEALTH, WARWICKSHIRE HOSPITAL",403,311,92,7,3,0,0,0.771712158808933
2026-04-01,QWU,NHS COVENTRY AND WARWICKSHIRE INTEGRATED CARE BOARD,NT424,MERIDEN HOSPITAL,1877,1546,331,0,0,0,0,0.823654768247203
2026-04-01,QWU,NHS COVENTRY AND WARWICKSHIRE INTEGRATED CARE BOARD,RJC,SOUTH WARWICKSHIRE UNIVERSITY NHS FOUNDATION TRUST,31157,21396,9761,193,0,0,0,0.6867156658214847
2026-04-01,QWU,NHS COVENTRY AND WARWICKSHIRE INTEGRATED CARE BOARD,RKB,UNIVERSITY HOSPITALS COVENTRY AND WARWICKSHIRE NHS TRUST,73270,42793,30477,1729,69,0,0,0.5840453118602429
2026-04-01,QWU,NHS COVENTRY AND WARWICKSHIRE INTEGRATED CARE BOARD,RLT,GEORGE ELIOT HOSPITAL NHS TRUST,19569,12622,6947,133,0,0,0,0.6449997444938423
2026-04-01,QYG,NHS CHESHIRE AND MERSEYSIDE INTEGRATED CARE BOARD,ACM,EYE CARE MEDICAL LTD,8,8,0,0,0,0,0,1
2026-04-01,QYG,NHS CHESHIRE AND MERSEYSIDE INTEGRATED CARE BOARD,AQK,VERNOVA HEALTHCARE COMMUNITY INTEREST COMPANY,281,228,53,4,2,0,0,0.8113879003558719
2026-04-01,QYG,NHS CHESHIRE AND MERSEYSIDE INTEGRATED CARE BOARD,D2L5T,ACES LIVERPOOL,60,50,10,0,0,0,0,0.8333333333333334
2026-04-01,QYG,NHS CHESHIRE AND MERSEYSIDE INTEGRATED CARE BOARD,DTT,PHOENIX PUBLIC HEALTH LTD,158,143,15,0,0,0,0,0.9050632911392406
2026-04-01,QYG,NHS CHESHIRE AND MERSEYSIDE INTEGRATED CARE BOARD,F1Y1H,NEWMEDICA - CHESHIRE OAKS,582,379,203,4,2,0,0,0.6512027491408935
2026-04-01,QYG,NHS CHESHIRE AND MERSEYSIDE INTEGRATED CARE BOARD,NCR,ISIGHT,1348,1183,165,0,0,0,0,0.8775964391691394
2026-04-01,QYG,NHS CHESHIRE AND MERSEYSIDE INTEGRATED CARE BOARD,NPG02,SPAMEDICA WIRRAL,392,370,22,0,0,0,0,0.9438775510204082
2026-04-01,QYG,NHS CHESHIRE AND MERSEYSIDE INTEGRATED CARE BOARD,NPG06,SPAMEDICA LIVERPOOL,418,381,37,0,0,0,0,0.9114832535885168
2026-04-01,QYG,NHS CHESHIRE AND MERSEYSIDE INTEGRATED CARE BOARD,NPG14,SPAMEDICA WIDNES,290,269,21,0,0,0,0,0.9275862068965517
2026-04-01,QYG,NHS CHESHIRE AND MERSEYSIDE INTEGRATED CARE BOARD,NT210,"NUFFIELD HEALTH, THE GROSVENOR HOSPITAL, CHESTER",444,286,158,0,0,0,0,0.6441441441441441
2026-04-01,QYG,NHS CHESHIRE AND MERSEYSIDE INTEGRATED CARE BOARD,NT324,SPIRE CHESHIRE HOSPITAL,1071,848,223,0,0,0,0,0.7917833800186741
2026-04-01,QYG,NHS CHESHIRE AND MERSEYSIDE INTEGRATED CARE BOARD,NT325,SPIRE MURRAYFIELD HOSPITAL,749,562,187,3,0,0,0,0.7503337783711616
2026-04-01,QYG,NHS CHESHIRE AND MERSEYSIDE INTEGRATED CARE BOARD,NT337,SPIRE LIVERPOOL HOSPITAL,2223,1708,515,9,0,0,0,0.7683310841205578
2026-04-01,QYG,NHS CHESHIRE AND MERSEYSIDE INTEGRATED CARE BOARD,NT339,SPIRE REGENCY HOSPITAL,2004,1888,116,0,0,0,0,0.9421157684630739
2026-04-01,QYG,NHS CHESHIRE AND MERSEYSIDE INTEGRATED CARE BOARD,R6X7C,SPAMEDICA MACCLESFIELD COMMUNITY DIAGNOSTIC & TREATMENT CENTRE,80,79,1,0,0,0,0,0.9875
2026-04-01,QYG,NHS CHESHIRE AND MERSEYSIDE INTEGRATED CARE BOARD,RBL,WIRRAL UNIVERSITY TEACHING HOSPITAL NHS FOUNDATION TRUST,43999,28767,15232,287,1,0,0,0.6538103138707698
2026-04-01,QYG,NHS CHESHIRE AND MERSEYSIDE INTEGRATED CARE BOARD,RBN,MERSEY AND WEST LANCASHIRE TEACHING HOSPITALS NHS TRUST,79654,53032,26622,1158,8,3,2,0.6657794963215908
2026-04-01,QYG,NHS CHESHIRE AND MERSEYSIDE INTEGRATED CARE BOARD,RBQ,LIVERPOOL HEART AND CHEST HOSPITAL NHS FOUNDATION TRUST,6015,4745,1270,21,1,0,0,0.7888611803823774
2026-04-01,QYG,NHS CHESHIRE AND MERSEYSIDE INTEGRATED CARE BOARD,RBS,ALDER HEY CHILDREN'S NHS FOUNDATION TRUST,16793,11598,5195,213,3,1,0,0.6906449115702972
2026-04-01,QYG,NHS CHESHIRE AND MERSEYSIDE INTEGRATED CARE BOARD,RBT,MID CHESHIRE HOSPITALS NHS FOUNDATION TRUST,30415,19370,11045,332,6,0,0,0.6368568140720039
2026-04-01,QYG,NHS CHESHIRE AND MERSEYSIDE INTEGRATED CARE BOARD,REM,LIVERPOOL UNIVERSITY HOSPITALS NHS FOUNDATION TRUST,59708,36247,23461,664,0,0,0,0.6070710792523615
2026-04-01,QYG,NHS CHESHIRE AND MERSEYSIDE INTEGRATED CARE BOARD,REN,THE CLATTERBRIDGE CANCER CENTRE NHS FOUNDATION TRUST,843,809,34,0,0,0,0,0.9596678529062871
2026-04-01,QYG,NHS CHESHIRE AND MERSEYSIDE INTEGRATED CARE BOARD,REP,LIVERPOOL WOMEN'S NHS FOUNDATION TRUST,11826,7211,4615,292,3,0,0,0.6097581599864705
2026-04-01,QYG,NHS CHESHIRE AND MERSEYSIDE INTEGRATED CARE BOARD,RET,THE WALTON CENTRE NHS FOUNDATION TRUST,15427,10037,5390,197,6,0,0,0.6506125623906138
2026-04-01,QYG,NHS CHESHIRE AND MERSEYSIDE INTEGRATED CARE BOARD,RJN,EAST CHESHIRE NHS TRUST,16884,9939,6945,412,13,2,2,0.5886638237384506
2026-04-01,QYG,NHS CHESHIRE AND MERSEYSIDE INTEGRATED CARE BOARD,RJR,COUNTESS OF CHESTER HOSPITAL NHS FOUNDATION TRUST,31892,21048,10844,263,3,0,0,0.6599774238053431
2026-04-01,QYG,NHS CHESHIRE AND MERSEYSIDE INTEGRATED CARE BOARD,RWW,NORTH CHESHIRE AND MERSEY NHS FOUNDATION TRUST,33663,21759,11904,248,0,0,0,0.646377328223866
2026-04-01,QYG,NHS CHESHIRE AND MERSEYSIDE INTEGRATED CARE BOARD,V4U1Y,SPAMEDICA CHESTER,247,229,18,0,0,0,0,0.9271255060728745
2026-04-01,QYG,NHS CHESHIRE AND MERSEYSIDE INTEGRATED CARE BOARD,X7Y2H,ACES WILMSLOW,5,5,0,0,0,0,0,1
2026-04-01,QYG,NHS CHESHIRE AND MERSEYSIDE INTEGRATED CARE BOARD,Y9S1N,FAIRFIELD INDEPENDENT HOSPITAL,1694,1133,561,30,0,0,0,0.6688311688311688
2026-04-01,QYG,NHS CHESHIRE AND MERSEYSIDE INTEGRATED CARE BOARD,Z5J5V,SPAMEDICA HAYDOCK,324,298,26,1,0,0,0,0.9197530864197531
2026-04-01,S0E4D,NHS THAMES VALLEY INTEGRATED CARE BOARD,C5Y9L,NEWMEDICA - BERKSHIRE - BRACKNELL,171,126,45,1,0,0,0,0.7368421052631579
2026-04-01,S0E4D,NHS THAMES VALLEY INTEGRATED CARE BOARD,DJH01,THE ROYAL BUCKINGHAMSHIRE HOSPITAL LTD,32,28,4,0,0,0,0,0.875
2026-04-01,S0E4D,NHS THAMES VALLEY INTEGRATED CARE BOARD,F9Z4V,CIRCLE READING HOSPITAL,1599,1229,370,5,1,0,0,0.7686053783614759
2026-04-01,S0E4D,NHS THAMES VALLEY INTEGRATED CARE BOARD,J3J8Z,NEWMEDICA - OXFORDSHIRE,958,900,58,0,0,0,0,0.9394572025052192
2026-04-01,S0E4D,NHS THAMES VALLEY INTEGRATED CARE BOARD,N8R1N,NEWMEDICA - BERKSHIRE,1552,974,578,14,1,0,0,0.6275773195876289
2026-04-01,S0E4D,NHS THAMES VALLEY INTEGRATED CARE BOARD,NT244,NUFFIELD HOSPITAL OXFORD (THE MANOR),82,71,11,0,0,0,0,0.8658536585365854
2026-04-01,S0E4D,NHS THAMES VALLEY INTEGRATED CARE BOARD,NT343,SPIRE THAMES VALLEY HOSPITAL,448,197,251,8,2,1,0,0.43973214285714285
2026-04-01,S0E4D,NHS THAMES VALLEY INTEGRATED CARE BOARD,NT344,SPIRE DUNEDIN HOSPITAL,284,226,58,1,1,0,0,0.795774647887324
2026-04-01,S0E4D,NHS THAMES VALLEY INTEGRATED CARE BOARD,NT410,CHILTERN HOSPITAL,381,316,65,0,0,0,0,0.8293963254593176
2026-04-01,S0E4D,NHS THAMES VALLEY INTEGRATED CARE BOARD,NT428,PRINCESS MARGARET HOSPITAL,64,57,7,0,0,0,0,0.890625
2026-04-01,S0E4D,NHS THAMES VALLEY INTEGRATED CARE BOARD,NT435,SHELBURNE HOSPITAL,149,107,42,0,0,0,0,0.7181208053691275
2026-04-01,S0E4D,NHS THAMES VALLEY INTEGRATED CARE BOARD,NV1,INHEALTH LIMITED,1063,856,207,0,0,0,0,0.8052681091251176
2026-04-01,S0E4D,NHS THAMES VALLEY INTEGRATED CARE BOARD,NVC02,THE BERKSHIRE INDEPENDENT HOSPITAL,1139,867,272,7,0,0,0,0.7611940298507462
2026-04-01,S0E4D,NHS THAMES VALLEY INTEGRATED CARE BOARD,NVC25,THE CHERWELL HOSPITAL,2034,1394,640,6,3,0,0,0.6853490658800393
2026-04-01,S0E4D,NHS THAMES VALLEY INTEGRATED CARE BOARD,O5Y9D,SPAMEDICA OXFORD,200,186,14,0,0,0,0,0.93
2026-04-01,S0E4D,NHS THAMES VALLEY INTEGRATED CARE BOARD,RHW,ROYAL BERKSHIRE NHS FOUNDATION TRUST,35323,29460,5863,38,3,0,0,0.8340174956826997
2026-04-01,S0E4D,NHS THAMES VALLEY INTEGRATED CARE BOARD,RTH,OXFORD UNIVERSITY HOSPITALS NHS FOUNDATION TRUST,90210,55998,34212,1599,47,2,0,0.6207515796474892
2026-04-01,S0E4D,NHS THAMES VALLEY INTEGRATED CARE BOARD,RWX,BERKSHIRE HEALTHCARE NHS FOUNDATION TRUST,99,99,0,0,0,0,0,1
2026-04-01,S0E4D,NHS THAMES VALLEY INTEGRATED CARE BOARD,RXQ,BUCKINGHAMSHIRE HEALTHCARE NHS TRUST,46357,28689,17668,69,0,0,0,0.6188709364281554
2026-04-01,S0E4D,NHS THAMES VALLEY INTEGRATED CARE BOARD,T8R5I,SPAMEDICA WOKINGHAM,225,198,27,1,0,0,0,0.88
2026-04-01,S1Y5D,NHS CENTRAL EAST INTEGRATED CARE BOARD,AVQ03,ONE HATFIELD HOSPITAL,598,364,234,13,0,0,0,0.6086956521739131
2026-04-01,S1Y5D,NHS CENTRAL EAST INTEGRATED CARE BOARD,AWR,ONE STOP DOCTORS LIMITED,647,486,161,2,0,0,0,0.7511591962905718
2026-04-01,S1Y5D,NHS CENTRAL EAST INTEGRATED CARE BOARD,B9J4U,SPAMEDICA PETERBOROUGH,518,483,35,0,0,0,0,0.9324324324324325
2026-04-01,S1Y5D,NHS CENTRAL EAST INTEGRATED CARE BOARD,F7F6D,NEWMEDICA - HERTFORSHIRE - WELWYN GARDEN CITY,946,832,114,0,0,0,0,0.879492600422833
2026-04-01,S1Y5D,NHS CENTRAL EAST INTEGRATED CARE BOARD,H7X1I,ANGLIA COMMUNITY EYE SERVICE - CAMBRIDGE,224,184,40,2,1,1,1,0.8214285714285714
2026-04-01,S1Y5D,NHS CENTRAL EAST INTEGRATED CARE BOARD,K3V9U,SPAMEDICA STEVENAGE COMMUNITY DIAGNOSTIC & TREATMENT CENTRE,7,7,0,0,0,0,0,1
2026-04-01,S1Y5D,NHS CENTRAL EAST INTEGRATED CARE BOARD,K9J3O,SPAMEDICA LUTON,203,176,27,0,0,0,0,0.8669950738916257
2026-04-01,S1Y5D,NHS CENTRAL EAST INTEGRATED CARE BOARD,NPG19,SPAMEDICA BEDFORD,325,312,13,0,0,0,0,0.96
2026-04-01,S1Y5D,NHS CENTRAL EAST INTEGRATED CARE BOARD,NQM01,ORTHOPAEDICS & SPINE SPECIALIST HOSPITAL SITE,152,124,28,0,0,0,0,0.8157894736842105
2026-04-01,S1Y5D,NHS CENTRAL EAST INTEGRATED CARE BOARD,NT209,"NUFFIELD HEALTH, CAMBRIDGE HOSPITAL",192,97,95,1,0,0,0,0.5052083333333334
2026-04-01,S1Y5D,NHS CENTRAL EAST INTEGRATED CARE BOARD,NT315,SPIRE BUSHEY HOSPITAL,1078,1019,59,0,0,0,0,0.9452690166975881
2026-04-01,S1Y5D,NHS CENTRAL EAST INTEGRATED CARE BOARD,NT316,SPIRE HARPENDEN HOSPITAL,714,600,114,0,0,0,0,0.8403361344537815
2026-04-01,S1Y5D,NHS CENTRAL EAST INTEGRATED CARE BOARD,NT317,SPIRE CAMBRIDGE LEA HOSPITAL,309,183,126,2,1,0,0,0.5922330097087378
2026-04-01,S1Y5D,NHS CENTRAL EAST INTEGRATED CARE BOARD,NT423,MANOR HOSPITAL,671,315,356,6,0,0,0,0.46944858420268254
2026-04-01,S1Y5D,NHS CENTRAL EAST INTEGRATED CARE BOARD,NT434,SAXON CLINIC,785,393,392,8,2,0,0,0.5006369426751592
2026-04-01,S1Y5D,NHS CENTRAL EAST INTEGRATED CARE BOARD,NVC06,FITZWILLIAM HOSPITAL,6612,3183,3429,103,1,0,0,0.48139745916515425
2026-04-01,S1Y5D,NHS CENTRAL EAST INTEGRATED CARE BOARD,NVC15,PINEHILL HOSPITAL,1818,1133,685,6,0,0,0,0.6232123212321232
2026-04-01,S1Y5D,NHS CENTRAL EAST INTEGRATED CARE BOARD,NVC19,RIVERS HOSPITAL,4499,3113,1386,29,0,0,0,0.6919315403422983
2026-04-01,S1Y5D,NHS CENTRAL EAST INTEGRATED CARE BOARD,NVC31,BLAKELANDS HOSPITAL,2257,1584,673,6,1,0,0,0.7018165706690297
2026-04-01,S1Y5D,NHS CENTRAL EAST INTEGRATED CARE BOARD,NX501,ANGLIA COMMUNITY EYE SERVICE LTD,566,495,71,1,1,1,0,0.8745583038869258
2026-04-01,S1Y5D,NHS CENTRAL EAST INTEGRATED CARE BOARD,O6X7Z,SPAMEDICA CAMBRIDGE,484,435,49,0,0,0,0,0.8987603305785123
2026-04-01,S1Y5D,NHS CENTRAL EAST INTEGRATED CARE BOARD,O9Q4E,ANGLIA COMMUNITY EYE SERVICE - PETERBOROUGH,359,274,85,1,0,0,0,0.7632311977715878
2026-04-01,S1Y5D,NHS CENTRAL EAST INTEGRATED CARE BOARD,Q1W6P,SPAMEDICA WATFORD,451,427,24,0,0,0,0,0.9467849223946785
2026-04-01,S1Y5D,NHS CENTRAL EAST INTEGRATED CARE BOARD,RC9,BEDFORDSHIRE HOSPITALS NHS FOUNDATION TRUST,79577,49090,30487,525,18,0,0,0.6168867888962891
2026-04-01,S1Y5D,NHS CENTRAL EAST INTEGRATED CARE BOARD,RD8,MILTON KEYNES UNIVERSITY HOSPITAL NHS FOUNDATION TRUST,35617,21842,13775,952,26,2,2,0.6132464834208383
2026-04-01,S1Y5D,NHS CENTRAL EAST INTEGRATED CARE BOARD,RGM,ROYAL PAPWORTH HOSPITAL NHS FOUNDATION TRUST,5271,4122,1149,25,4,1,0,0.7820147979510529
2026-04-01,S1Y5D,NHS CENTRAL EAST INTEGRATED CARE BOARD,RGN,NORTH WEST ANGLIA NHS FOUNDATION TRUST,78854,47396,31458,428,0,0,0,0.6010601871813732
2026-04-01,S1Y5D,NHS CENTRAL EAST INTEGRATED CARE BOARD,RGT,CAMBRIDGE UNIVERSITY HOSPITALS NHS FOUNDATION TRUST,59754,37901,21853,940,25,0,0,0.6342838973123138
2026-04-01,S1Y5D,NHS CENTRAL EAST INTEGRATED CARE BOARD,RT1,CAMBRIDGESHIRE AND PETERBOROUGH NHS FOUNDATION TRUST,153,61,92,6,1,0,0,0.39869281045751637
2026-04-01,S1Y5D,NHS CENTRAL EAST INTEGRATED CARE BOARD,RWG,WEST HERTFORDSHIRE TEACHING HOSPITALS NHS TRUST,45988,31440,14548,479,0,0,0,0.683656606071149
2026-04-01,S1Y5D,NHS CENTRAL EAST INTEGRATED CARE BOARD,RWH,EAST AND NORTH HERTFORDSHIRE TEACHING NHS TRUST,54898,36775,18123,357,9,0,0,0.6698786841050676
2026-04-01,S1Y5D,NHS CENTRAL EAST INTEGRATED CARE BOARD,S3H9L,THE HAMPTONS HOSPITAL LTD,735,344,391,30,4,1,0,0.46802721088435373
2026-04-01,S1Y5D,NHS CENTRAL EAST INTEGRATED CARE BOARD,U1P4Z,ACES MILTON KEYNES,137,116,21,0,0,0,0,0.8467153284671532
2026-04-01,S9B9J,NHS SURREY AND SUSSEX INTEGRATED CARE BOARD,D5P5H,SPAMEDICA BEXHILL,231,215,16,0,0,0,0,0.9307359307359307
2026-04-01,S9B9J,NHS SURREY AND SUSSEX INTEGRATED CARE BOARD,D9E5L,OPTEGRA EYE HOSPITAL BRIGHTON,661,660,1,1,0,0,0,0.9984871406959153
2026-04-01,S9B9J,NHS SURREY AND SUSSEX INTEGRATED CARE BOARD,F4B0R,SPAMEDICA GUILDFORD,27,26,1,0,0,0,0,0.9629629629629629
2026-04-01,S9B9J,NHS SURREY AND SUSSEX INTEGRATED CARE BOARD,I9A4A,SPAMEDICA BRIGHTON,276,248,28,0,0,0,0,0.8985507246376812
2026-04-01,S9B9J,NHS SURREY AND SUSSEX INTEGRATED CARE BOARD,M7C9Q,SPAMEDICA EPSOM,423,407,16,0,0,0,0,0.9621749408983451
2026-04-01,S9B9J,NHS SURREY AND SUSSEX INTEGRATED CARE BOARD,NDJ,FIRST COMMUNITY HEALTH AND CARE CIC,846,816,30,0,0,0,0,0.9645390070921985
2026-04-01,S9B9J,NHS SURREY AND SUSSEX INTEGRATED CARE BOARD,NNE,DORKING HEALTHCARE LIMITED (DHC),6438,4946,1492,1,0,0,0,0.76825100963032
2026-04-01,S9B9J,NHS SURREY AND SUSSEX INTEGRATED CARE BOARD,NNH03,OPTEGRA (SURREY EYE HOSPITAL),741,740,1,0,0,0,0,0.9986504723346828
2026-04-01,S9B9J,NHS SURREY AND SUSSEX INTEGRATED CARE BOARD,NT205,"NUFFIELD HEALTH, BRIGHTON HOSPITAL",810,412,398,95,42,22,3,0.508641975308642
2026-04-01,S9B9J,NHS SURREY AND SUSSEX INTEGRATED CARE BOARD,NT212,"NUFFIELD HEALTH, CHICHESTER HOSPITAL",436,329,107,2,1,0,0,0.7545871559633027
2026-04-01,S9B9J,NHS SURREY AND SUSSEX INTEGRATED CARE BOARD,NT216,"NUFFIELD HEALTH, GUILDFORD HOSPITAL",72,38,34,1,1,0,0,0.5277777777777778
2026-04-01,S9B9J,NHS SURREY AND SUSSEX INTEGRATED CARE BOARD,NT218,"NUFFIELD HEALTH, HAYWARDS HEATH HOSPITAL",444,251,193,11,2,1,1,0.5653153153153153
2026-04-01,S9B9J,NHS SURREY AND SUSSEX INTEGRATED CARE BOARD,NT241,"NUFFIELD HEALTH, WOKING HOSPITAL",261,221,40,10,10,5,0,0.8467432950191571
2026-04-01,S9B9J,NHS SURREY AND SUSSEX INTEGRATED CARE BOARD,NT308,SPIRE GATWICK PARK HOSPITAL,1282,996,286,18,3,2,0,0.7769110764430577
2026-04-01,S9B9J,NHS SURREY AND SUSSEX INTEGRATED CARE BOARD,NT364,SPIRE MONTEFIORE HOSPITAL,610,338,272,14,1,0,0,0.5540983606557377
2026-04-01,S9B9J,NHS SURREY AND SUSSEX INTEGRATED CARE BOARD,NT417,GORING HALL HOSPITAL,784,441,343,0,0,0,0,0.5625
2026-04-01,S9B9J,NHS SURREY AND SUSSEX INTEGRATED CARE BOARD,NT431,RUNNYMEDE HOSPITAL,224,174,50,2,2,1,0,0.7767857142857143
2026-04-01,S9B9J,NHS SURREY AND SUSSEX INTEGRATED CARE BOARD,NT455,MOUNT ALVERNIA HOSPITAL,229,157,72,3,0,0,0,0.6855895196506551
2026-04-01,S9B9J,NHS SURREY AND SUSSEX INTEGRATED CARE BOARD,NVC01,ASHTEAD HOSPITAL,1028,767,261,5,0,0,0,0.7461089494163424
2026-04-01,S9B9J,NHS SURREY AND SUSSEX INTEGRATED CARE BOARD,NVC11,NORTH DOWNS HOSPITAL,1469,1005,464,12,1,0,0,0.684138869979578
2026-04-01,S9B9J,NHS SURREY AND SUSSEX INTEGRATED CARE BOARD,NVM,EPSOMEDICAL GROUP,3210,2580,630,39,16,4,2,0.8037383177570093
2026-04-01,S9B9J,NHS SURREY AND SUSSEX INTEGRATED CARE BOARD,NXM01,THE HORDER CENTRE - ST JOHNS ROAD,1242,640,602,7,3,1,1,0.5152979066022544
2026-04-01,S9B9J,NHS SURREY AND SUSSEX INTEGRATED CARE BOARD,NYG,SUSSEX COMMUNITY DERMATOLOGY SERVICE,13907,11135,2772,27,0,0,0,0.8006759186021428
2026-04-01,S9B9J,NHS SURREY AND SUSSEX INTEGRATED CARE BOARD,RA2,ROYAL SURREY NHS FOUNDATION TRUST,31023,19670,11353,416,28,19,11,0.6340457080230797
2026-04-01,S9B9J,NHS SURREY AND SUSSEX INTEGRATED CARE BOARD,RDR,SUSSEX COMMUNITY NHS FOUNDATION TRUST,12734,6679,6055,116,21,8,2,0.5245013350086383
2026-04-01,S9B9J,NHS SURREY AND SUSSEX INTEGRATED CARE BOARD,RDU,FRIMLEY HEALTH NHS FOUNDATION TRUST,66122,40183,25939,662,7,0,0,0.6077099906233931
2026-04-01,S9B9J,NHS SURREY AND SUSSEX INTEGRATED CARE BOARD,RPC,QUEEN VICTORIA HOSPITAL NHS FOUNDATION TRUST,21369,13115,8254,230,34,10,0,0.6137395292245776
2026-04-01,S9B9J,NHS SURREY AND SUSSEX INTEGRATED CARE BOARD,RTK,ASHFORD AND ST PETER'S HOSPITALS NHS FOUNDATION TRUST,51389,31940,19449,610,16,0,0,0.6215337912782891
2026-04-01,S9B9J,NHS SURREY AND SUSSEX INTEGRATED CARE BOARD,RTP,SURREY AND SUSSEX HEALTHCARE NHS TRUST,47337,31369,15968,691,41,3,0,0.6626740182098569
2026-04-01,S9B9J,NHS SURREY AND SUSSEX INTEGRATED CARE BOARD,RXC,EAST SUSSEX HEALTHCARE NHS TRUST,57507,38198,19309,426,2,0,0,0.6642321804302085
2026-04-01,S9B9J,NHS SURREY AND SUSSEX INTEGRATED CARE BOARD,RYR,UNIVERSITY HOSPITALS SUSSEX NHS FOUNDATION TRUST,115713,62192,53521,4076,252,3,0,0.537467700258398
2026-04-01,T6Y0W,NHS NORFOLK AND SUFFOLK INTEGRATED CARE BOARD,ACG37,NEWMEDICA - IPSWICH,1218,1152,66,0,0,0,0,0.9458128078817734
2026-04-01,T6Y0W,NHS NORFOLK AND SUFFOLK INTEGRATED CARE BOARD,B5M7B,NEWMEDICA - NORWICH,1675,1487,188,0,0,0,0,0.8877611940298508
2026-04-01,T6Y0W,NHS NORFOLK AND SUFFOLK INTEGRATED CARE BOARD,DFQ,NORWICH & NORFOLK SURGICAL LTD (N2S),1125,911,214,0,0,0,0,0.8097777777777778
2026-04-01,T6Y0W,NHS NORFOLK AND SUFFOLK INTEGRATED CARE BOARD,F7B2B,ANGLIA COMMUNITY EYE SERVICE - BURY ST EDMUNDS,13,10,3,0,0,0,0,0.7692307692307693
2026-04-01,T6Y0W,NHS NORFOLK AND SUFFOLK INTEGRATED CARE BOARD,G4H0I,NEWMEDICA SUFFOLK - BURY ST EDMUNDS - CLARITY HOUSE,673,625,48,0,0,0,0,0.9286775631500743
2026-04-01,T6Y0W,NHS NORFOLK AND SUFFOLK INTEGRATED CARE BOARD,K7J9E,ANGLIA COMMUNITY EYE SERVICE - NORWICH,12,9,3,0,0,0,0,0.75
2026-04-01,T6Y0W,NHS NORFOLK AND SUFFOLK INTEGRATED CARE BOARD,M3R0W,SPAMEDICA NORWICH,351,295,56,0,0,0,0,0.8404558404558404
2026-04-01,T6Y0W,NHS NORFOLK AND SUFFOLK INTEGRATED CARE BOARD,NT318,SPIRE NORWICH HOSPITAL,974,746,228,2,0,0,0,0.7659137577002053
2026-04-01,T6Y0W,NHS NORFOLK AND SUFFOLK INTEGRATED CARE BOARD,NT446,ST EDMUNDS HOSPITAL,521,269,252,1,0,0,0,0.5163147792706334
2026-04-01,T6Y0W,NHS NORFOLK AND SUFFOLK INTEGRATED CARE BOARD,NX504,ANGLIA COMMUNITY EYE SERVICES FAKENHAM,233,217,16,0,0,0,0,0.9313304721030042
2026-04-01,T6Y0W,NHS NORFOLK AND SUFFOLK INTEGRATED CARE BOARD,NX507,ANGLIA COMMUNITY EYE SERVICE - THETFORD HEALTHY LIVING CENTRE,185,168,17,0,0,0,0,0.9081081081081082
2026-04-01,T6Y0W,NHS NORFOLK AND SUFFOLK INTEGRATED CARE BOARD,RCX,"THE QUEEN ELIZABETH HOSPITAL, KING'S LYNN, NHS FOUNDATION TRUST",25153,14832,10321,349,4,0,0,0.5896712121814496
2026-04-01,T6Y0W,NHS NORFOLK AND SUFFOLK INTEGRATED CARE BOARD,RGP,JAMES PAGET UNIVERSITY HOSPITALS NHS FOUNDATION TRUST,32908,18348,14560,1328,91,6,0,0.5575543940683116
2026-04-01,T6Y0W,NHS NORFOLK AND SUFFOLK INTEGRATED CARE BOARD,RGR,WEST SUFFOLK NHS FOUNDATION TRUST,31003,20242,10761,422,17,4,1,0.6529045576234558
2026-04-01,T6Y0W,NHS NORFOLK AND SUFFOLK INTEGRATED CARE BOARD,RM1,NORFOLK AND NORWICH UNIVERSITY HOSPITALS NHS FOUNDATION TRUST,68482,42723,25759,1875,124,6,0,0.6238573639788557
2026-04-01,Z9B2Z,NHS WEST AND NORTH LONDON INTEGRATED CARE BOARD,A1D1B,SPAMEDICA WEMBLEY,420,375,45,0,0,0,0,0.8928571428571429
2026-04-01,Z9B2Z,NHS WEST AND NORTH LONDON INTEGRATED CARE BOARD,A9P5F,ACES WHITE CITY,110,86,24,0,0,0,0,0.7818181818181819
2026-04-01,Z9B2Z,NHS WEST AND NORTH LONDON INTEGRATED CARE BOARD,AY1,MEDEFER,256,221,35,0,0,0,0,0.86328125
2026-04-01,Z9B2Z,NHS WEST AND NORTH LONDON INTEGRATED CARE BOARD,DX1,THE NEW FOSCOTE HOSPITAL LTD,375,349,26,1,0,0,0,0.9306666666666666
2026-04-01,Z9B2Z,NHS WEST AND NORTH LONDON INTEGRATED CARE BOARD,F2C9F,ACES HARLEY STREET,1,0,1,0,0,0,0,0
2026-04-01,Z9B2Z,NHS WEST AND NORTH LONDON INTEGRATED CARE BOARD,G3Q3Z,NUFFIELD HEALTH HIGHGATE HOSPITAL,998,885,113,6,4,3,1,0.8867735470941884
2026-04-01,Z9B2Z,NHS WEST AND NORTH LONDON INTEGRATED CARE BOARD,I7Q4A,OPTEGRA EYE HOSPITAL WEST LONDON,638,564,74,0,0,0,0,0.8840125391849529
2026-04-01,Z9B2Z,NHS WEST AND NORTH LONDON INTEGRATED CARE BOARD,NHW,STANDARD HEALTH LTD,124,82,42,0,0,0,0,0.6612903225806451
2026-04-01,Z9B2Z,NHS WEST AND NORTH LONDON INTEGRATED CARE BOARD,NNH07,OPTEGRA LONDON EYE HOSPITAL,876,809,67,0,0,0,0,0.9235159817351598
2026-04-01,Z9B2Z,NHS WEST AND NORTH LONDON INTEGRATED CARE BOARD,NT405,BISHOPS WOOD HOSPITAL,543,465,78,0,0,0,0,0.856353591160221
2026-04-01,Z9B2Z,NHS WEST AND NORTH LONDON INTEGRATED CARE BOARD,NT411,CLEMENTINE CHURCHILL HOSPITAL,2114,2075,39,0,0,0,0,0.9815515610217597
2026-04-01,Z9B2Z,NHS WEST AND NORTH LONDON INTEGRATED CARE BOARD,NT416,HENDON HOSPITAL,1190,799,391,16,4,4,1,0.6714285714285714
2026-04-01,Z9B2Z,NHS WEST AND NORTH LONDON INTEGRATED CARE BOARD,NT421,KINGS OAK HOSPITAL,1242,900,342,2,1,0,0,0.7246376811594203
2026-04-01,Z9B2Z,NHS WEST AND NORTH LONDON INTEGRATED CARE BOARD,NT451,CAVELL HOSPITAL,1334,958,376,6,1,1,0,0.7181409295352323
2026-04-01,Z9B2Z,NHS WEST AND NORTH LONDON INTEGRATED CARE BOARD,R1K,LONDON NORTH WEST UNIVERSITY HEALTHCARE NHS TRUST,82819,51711,31108,792,7,0,0,0.6243857085934387
2026-04-01,Z9B2Z,NHS WEST AND NORTH LONDON INTEGRATED CARE BOARD,RAL,ROYAL FREE LONDON NHS FOUNDATION TRUST,136968,86436,50532,1751,43,4,1,0.6310671105659716
2026-04-01,Z9B2Z,NHS WEST AND NORTH LONDON INTEGRATED CARE BOARD,RAN,ROYAL NATIONAL ORTHOPAEDIC HOSPITAL NHS TRUST,8737,6156,2581,7,0,0,0,0.7045896760901912
2026-04-01,Z9B2Z,NHS WEST AND NORTH LONDON INTEGRATED CARE BOARD,RAS,THE HILLINGDON HOSPITALS NHS FOUNDATION TRUST,33474,21004,12470,111,1,0,0,0.6274720678735736
2026-04-01,Z9B2Z,NHS WEST AND NORTH LONDON INTEGRATED CARE BOARD,RKE,WHITTINGTON HEALTH NHS TRUST,22422,15857,6565,95,0,0,0,0.7072072072072072
2026-04-01,Z9B2Z,NHS WEST AND NORTH LONDON INTEGRATED CARE BOARD,RP4,GREAT ORMOND STREET HOSPITAL FOR CHILDREN NHS FOUNDATION TRUST,8338,6007,2331,210,62,14,1,0.7204365555289038
2026-04-01,Z9B2Z,NHS WEST AND NORTH LONDON INTEGRATED CARE BOARD,RP6,MOORFIELDS EYE HOSPITAL NHS FOUNDATION TRUST,36272,30615,5657,7,3,0,0,0.8440394794883106
2026-04-01,Z9B2Z,NHS WEST AND NORTH LONDON INTEGRATED CARE BOARD,RPY,THE ROYAL MARSDEN NHS FOUNDATION TRUST,1804,1710,94,0,0,0,0,0.9478935698447893
2026-04-01,Z9B2Z,NHS WEST AND NORTH LONDON INTEGRATED CARE BOARD,RQM,CHELSEA AND WESTMINSTER HOSPITAL NHS FOUNDATION TRUST,76176,50612,25564,955,3,0,0,0.6644087376601554
2026-04-01,Z9B2Z,NHS WEST AND NORTH LONDON INTEGRATED CARE BOARD,RRV,UNIVERSITY COLLEGE LONDON HOSPITALS NHS FOUNDATION TRUST,77047,48125,28922,1340,28,2,0,0.6246187392111309
2026-04-01,Z9B2Z,NHS WEST AND NORTH LONDON INTEGRATED CARE BOARD,RYJ,IMPERIAL COLLEGE HEALTHCARE NHS TRUST,83829,58103,25726,54,2,0,0,0.6931133617244629
2026-04-01,Z9B2Z,NHS WEST AND NORTH LONDON INTEGRATED CARE BOARD,U6A5N,ACES CHISWICK,6,4,2,0,0,0,0,0.6666666666666666
2026-05-01,D7T5G,NHS ESSEX INTEGRATED CARE BOARD,H3W7Q,ACES CHELMSFORD,88,78,10,2,0,0,0,0.8863636363636364
2026-05-01,D7T5G,NHS ESSEX INTEGRATED CARE BOARD,H4I8B,NUFFIELD HEALTH THE HOLLY HOSPITAL,4165,3239,926,40,15,11,7,0.777671068427371
2026-05-01,D7T5G,NHS ESSEX INTEGRATED CARE BOARD,J2H6H,SPAMEDICA COLCHESTER,203,195,8,0,0,0,0,0.9605911330049262
2026-05-01,D7T5G,NHS ESSEX INTEGRATED CARE BOARD,M2O7D,OPTEGRA EYE HOSPITAL COLCHESTER,287,275,12,0,0,0,0,0.9581881533101045
2026-05-01,D7T5G,NHS ESSEX INTEGRATED CARE BOARD,NPG16,SPAMEDICA CHELMSFORD,800,739,61,0,0,0,0,0.92375
2026-05-01,D7T5G,NHS ESSEX INTEGRATED CARE BOARD,NQX,PROVIDE ENTERPRISES,239,239,0,0,0,0,0,1
2026-05-01,D7T5G,NHS ESSEX INTEGRATED CARE BOARD,NT204,"NUFFIELD HEALTH, BRENTWOOD HOSPITAL",2394,1278,1116,248,97,38,2,0.5338345864661654
2026-05-01,D7T5G,NHS ESSEX INTEGRATED CARE BOARD,NT313,SPIRE WELLESLEY HOSPITAL,1118,667,451,11,0,0,0,0.5966010733452594
2026-05-01,D7T5G,NHS ESSEX INTEGRATED CARE BOARD,NT319,SPIRE HARTSWOOD HOSPITAL,1003,667,336,3,0,0,0,0.6650049850448654
2026-05-01,D7T5G,NHS ESSEX INTEGRATED CARE BOARD,NT490,SOUTHEND PRIVATE HOSPITAL,1268,1093,175,8,0,0,0,0.86198738170347
2026-05-01,D7T5G,NHS ESSEX INTEGRATED CARE BOARD,NVC13,OAKS HOSPITAL,1052,603,449,0,0,0,0,0.5731939163498099
2026-05-01,D7T5G,NHS ESSEX INTEGRATED CARE BOARD,NVC18,SPRINGFIELD HOSPITAL,4602,3106,1496,98,66,13,0,0.6749239461103868
2026-05-01,D7T5G,NHS ESSEX INTEGRATED CARE BOARD,RAJ,MID AND SOUTH ESSEX NHS FOUNDATION TRUST,171496,86322,85174,12250,2415,630,34,0.5033470168400429
2026-05-01,D7T5G,NHS ESSEX INTEGRATED CARE BOARD,RDE,EAST SUFFOLK AND NORTH ESSEX NHS FOUNDATION TRUST,90293,55537,34756,122,1,0,0,0.6150753657537129
2026-05-01,D7T5G,NHS ESSEX INTEGRATED CARE BOARD,RQW,THE PRINCESS ALEXANDRA HOSPITAL NHS TRUST,38802,25929,12873,405,57,19,6,0.668238750579867
2026-05-01,D7T5G,NHS ESSEX INTEGRATED CARE BOARD,X7M7U,ACES LAKESIDE,9,8,1,0,0,0,0,0.8888888888888888
2026-05-01,QE1,NHS LANCASHIRE AND SOUTH CUMBRIA INTEGRATED CARE BOARD,A4M8P,BUCKSHAW HOSPITAL,3084,2216,868,9,3,1,0,0.7185473411154345
2026-05-01,QE1,NHS LANCASHIRE AND SOUTH CUMBRIA INTEGRATED CARE BOARD,A5E1F,OPTEGRA EYE HOSPITAL PRESTON,239,232,7,0,0,0,0,0.9707112970711297
2026-05-01,QE1,NHS LANCASHIRE AND SOUTH CUMBRIA INTEGRATED CARE BOARD,AAV,COMMUNITY HEALTH AND EYECARE LIMITED,5424,4830,594,0,0,0,0,0.8904867256637168
2026-05-01,QE1,NHS LANCASHIRE AND SOUTH CUMBRIA INTEGRATED CARE BOARD,C3Y0A,SPAMEDICA BLACKPOOL,231,210,21,0,0,0,0,0.9090909090909091
2026-05-01,QE1,NHS LANCASHIRE AND SOUTH CUMBRIA INTEGRATED CARE BOARD,NP9,BESPOKE HEALTHCARE LTD,608,434,174,0,0,0,0,0.7138157894736842
2026-05-01,QE1,NHS LANCASHIRE AND SOUTH CUMBRIA INTEGRATED CARE BOARD,NPG13,SPAMEDICA SKELMERSDALE,154,145,9,0,0,0,0,0.9415584415584416
2026-05-01,QE1,NHS LANCASHIRE AND SOUTH CUMBRIA INTEGRATED CARE BOARD,NPG17,SPAMEDICA PRESTON,397,380,17,0,0,0,0,0.9571788413098237
2026-05-01,QE1,NHS LANCASHIRE AND SOUTH CUMBRIA INTEGRATED CARE BOARD,NT347,SPIRE FYLDE COAST HOSPITAL,3531,2562,969,4,0,0,0,0.7255734919286321
2026-05-01,QE1,NHS LANCASHIRE AND SOUTH CUMBRIA INTEGRATED CARE BOARD,NT403,BEARDWOOD HOSPITAL,2120,1561,559,0,0,0,0,0.7363207547169811
2026-05-01,QE1,NHS LANCASHIRE AND SOUTH CUMBRIA INTEGRATED CARE BOARD,NT449,LANCASTER PRIVATE HOSPITAL,296,267,29,1,0,0,0,0.902027027027027
2026-05-01,QE1,NHS LANCASHIRE AND SOUTH CUMBRIA INTEGRATED CARE BOARD,NVC05,EUXTON HALL HOSPITAL,3228,2061,1167,4,0,0,0,0.6384758364312267
2026-05-01,QE1,NHS LANCASHIRE AND SOUTH CUMBRIA INTEGRATED CARE BOARD,NVC07,FULWOOD HALL HOSPITAL,4110,2980,1130,0,0,0,0,0.7250608272506083
2026-05-01,QE1,NHS LANCASHIRE AND SOUTH CUMBRIA INTEGRATED CARE BOARD,NVC16,RENACRES HOSPITAL,4874,2234,2640,113,1,0,0,0.4583504308576118
2026-05-01,QE1,NHS LANCASHIRE AND SOUTH CUMBRIA INTEGRATED CARE BOARD,R1G7E,SPAMEDICA KENDAL,453,431,22,0,0,0,0,0.9514348785871964
2026-05-01,QE1,NHS LANCASHIRE AND SOUTH CUMBRIA INTEGRATED CARE BOARD,RTX,UNIVERSITY HOSPITALS OF MORECAMBE BAY NHS FOUNDATION TRUST,34920,24802,10118,589,6,0,0,0.7102520045819015
2026-05-01,QE1,NHS LANCASHIRE AND SOUTH CUMBRIA INTEGRATED CARE BOARD,RW5,LANCASHIRE & SOUTH CUMBRIA NHS FOUNDATION TRUST,4141,3882,259,0,0,0,0,0.9374547210818643
2026-05-01,QE1,NHS LANCASHIRE AND SOUTH CUMBRIA INTEGRATED CARE BOARD,RXL,BLACKPOOL TEACHING HOSPITALS NHS FOUNDATION TRUST,41045,24433,16612,1081,112,0,0,0.595273480326471
2026-05-01,QE1,NHS LANCASHIRE AND SOUTH CUMBRIA INTEGRATED CARE BOARD,RXN,LANCASHIRE TEACHING HOSPITALS NHS FOUNDATION TRUST,60428,34712,25716,815,0,0,0,0.5744356920632819
2026-05-01,QE1,NHS LANCASHIRE AND SOUTH CUMBRIA INTEGRATED CARE BOARD,RXR,EAST LANCASHIRE HOSPITALS NHS TRUST,46714,33224,13490,264,0,0,0,0.7112214753607056
2026-05-01,QF7,NHS SOUTH YORKSHIRE INTEGRATED CARE BOARD,B3M1X,CLAREMONT PRIVATE HOSPITAL,3092,1788,1304,28,4,2,1,0.5782664941785253
2026-05-01,QF7,NHS SOUTH YORKSHIRE INTEGRATED CARE BOARD,NPG10,SPAMEDICA SHEFFIELD,485,453,32,0,0,0,0,0.934020618556701
2026-05-01,QF7,NHS SOUTH YORKSHIRE INTEGRATED CARE BOARD,NT440,THORNBURY HOSPITAL,695,506,189,0,0,0,0,0.7280575539568346
2026-05-01,QF7,NHS SOUTH YORKSHIRE INTEGRATED CARE BOARD,NTX,THE ONE HEALTH GROUP PLC,5045,3773,1272,19,0,0,0,0.7478691774033697
2026-05-01,QF7,NHS SOUTH YORKSHIRE INTEGRATED CARE BOARD,NVC14,PARK HILL HOSPITAL,723,556,167,0,0,0,0,0.7690179806362379
2026-05-01,QF7,NHS SOUTH YORKSHIRE INTEGRATED CARE BOARD,Q6V1S,OPTEGRA EYE HOSPITAL SHEFFIELD,339,328,11,0,0,0,0,0.967551622418879
2026-05-01,QF7,NHS SOUTH YORKSHIRE INTEGRATED CARE BOARD,RCU,SHEFFIELD CHILDREN'S NHS FOUNDATION TRUST,11305,8379,2926,155,5,0,0,0.7411764705882353
2026-05-01,QF7,NHS SOUTH YORKSHIRE INTEGRATED CARE BOARD,RFF,BARNSLEY HOSPITAL NHS FOUNDATION TRUST,22324,16094,6230,104,0,0,0,0.7209281490772264
2026-05-01,QF7,NHS SOUTH YORKSHIRE INTEGRATED CARE BOARD,RFR,THE ROTHERHAM NHS FOUNDATION TRUST,29741,20853,8888,396,0,0,0,0.7011532900709458
2026-05-01,QF7,NHS SOUTH YORKSHIRE INTEGRATED CARE BOARD,RP5,DONCASTER AND BASSETLAW TEACHING HOSPITALS NHS FOUNDATION TRUST,54205,33924,20281,1330,59,3,1,0.6258463241398395
2026-05-01,QF7,NHS SOUTH YORKSHIRE INTEGRATED CARE BOARD,T8V3L,SPAMEDICA DONCASTER,499,484,15,0,0,0,0,0.969939879759519
2026-05-01,QF7,NHS SOUTH YORKSHIRE INTEGRATED CARE BOARD,V8A3H,SPAMEDICA SHEFFIELD COMMUNITY DIAGNOSTIC & TREATMENT CENTRE,59,59,0,0,0,0,0,1
2026-05-01,QGH,NHS HEREFORDSHIRE AND WORCESTERSHIRE INTEGRATED CARE BOARD,ACG31,NEWMEDICA - WORCESTER,917,762,155,0,0,0,0,0.8309705561613958
2026-05-01,QGH,NHS HEREFORDSHIRE AND WORCESTERSHIRE INTEGRATED CARE BOARD,H2K1G,NEWMEDICA - BROMSGROVE,467,377,90,0,0,0,0,0.8072805139186295
2026-05-01,QGH,NHS HEREFORDSHIRE AND WORCESTERSHIRE INTEGRATED CARE BOARD,J0M7P,SPAMEDICA HEREFORD DIAGNOSTIC AND TREATMENT CENTRE,40,39,1,0,0,0,0,0.975
2026-05-01,QGH,NHS HEREFORDSHIRE AND WORCESTERSHIRE INTEGRATED CARE BOARD,J3X4C,SPAMEDICA WORCESTER,448,399,49,0,0,0,0,0.890625
2026-05-01,QGH,NHS HEREFORDSHIRE AND WORCESTERSHIRE INTEGRATED CARE BOARD,NT219,"NUFFIELD HEALTH, HEREFORD HOSPITAL",398,306,92,0,0,0,0,0.7688442211055276
2026-05-01,QGH,NHS HEREFORDSHIRE AND WORCESTERSHIRE INTEGRATED CARE BOARD,NT301,SPIRE SOUTH BANK HOSPITAL,748,491,257,1,1,0,0,0.6564171122994652
2026-05-01,QGH,NHS HEREFORDSHIRE AND WORCESTERSHIRE INTEGRATED CARE BOARD,NT412,DROITWICH SPA HOSPITAL,1346,759,587,2,0,0,0,0.5638930163447251
2026-05-01,QGH,NHS HEREFORDSHIRE AND WORCESTERSHIRE INTEGRATED CARE BOARD,R1A,HEREFORDSHIRE AND WORCESTERSHIRE HEALTH AND CARE NHS TRUST,22,22,0,0,0,0,0,1
2026-05-01,QGH,NHS HEREFORDSHIRE AND WORCESTERSHIRE INTEGRATED CARE BOARD,R5J3Z,BORDER HEALTH ALLIANCE LIMITED,641,469,172,0,0,0,0,0.7316692667706708
2026-05-01,QGH,NHS HEREFORDSHIRE AND WORCESTERSHIRE INTEGRATED CARE BOARD,RLQ,WYE VALLEY NHS TRUST,27140,17581,9559,618,263,138,5,0.6477892409727339
2026-05-01,QGH,NHS HEREFORDSHIRE AND WORCESTERSHIRE INTEGRATED CARE BOARD,RWP,WORCESTERSHIRE ACUTE HOSPITALS NHS TRUST,57652,36026,21626,787,8,3,1,0.6248872545618539
2026-05-01,QHL,NHS BIRMINGHAM AND SOLIHULL INTEGRATED CARE BOARD,J7V1N,SPAMEDICA SOLIHULL,488,402,86,1,0,0,0,0.8237704918032787
2026-05-01,QHL,NHS BIRMINGHAM AND SOLIHULL INTEGRATED CARE BOARD,M2Y6D,PRACTICE PLUS GROUP HOSPITAL BIRMINGHAM,1634,1282,352,6,0,0,0,0.784577723378213
2026-05-01,QHL,NHS BIRMINGHAM AND SOLIHULL INTEGRATED CARE BOARD,NNH05,OPTEGRA (BIRMINGHAM EYE HOSPITAL),782,745,37,0,0,0,0,0.9526854219948849
2026-05-01,QHL,NHS BIRMINGHAM AND SOLIHULL INTEGRATED CARE BOARD,NPG11,SPAMEDICA BIRMINGHAM,805,706,99,0,0,0,0,0.8770186335403727
2026-05-01,QHL,NHS BIRMINGHAM AND SOLIHULL INTEGRATED CARE BOARD,NT320,SPIRE PARKWAY HOSPITAL,1300,894,406,24,6,1,0,0.6876923076923077
2026-05-01,QHL,NHS BIRMINGHAM AND SOLIHULL INTEGRATED CARE BOARD,NT429,PRIORY HOSPITAL,569,430,139,0,0,0,0,0.7557117750439367
2026-05-01,QHL,NHS BIRMINGHAM AND SOLIHULL INTEGRATED CARE BOARD,NT445,EDGBASTON HOSPITAL,1,1,0,0,0,0,0,1
2026-05-01,QHL,NHS BIRMINGHAM AND SOLIHULL INTEGRATED CARE BOARD,NVC44,THE WESTBOURNE CENTRE,3290,1849,1441,16,3,0,0,0.5620060790273557
2026-05-01,QHL,NHS BIRMINGHAM AND SOLIHULL INTEGRATED CARE BOARD,RQ3,BIRMINGHAM WOMEN'S AND CHILDREN'S NHS FOUNDATION TRUST,22008,14251,7757,110,0,0,0,0.6475372591784806
2026-05-01,QHL,NHS BIRMINGHAM AND SOLIHULL INTEGRATED CARE BOARD,RRJ,THE ROYAL ORTHOPAEDIC HOSPITAL NHS FOUNDATION TRUST,13010,8768,4242,107,0,0,0,0.6739431206764027
2026-05-01,QHL,NHS BIRMINGHAM AND SOLIHULL INTEGRATED CARE BOARD,RRK,UNIVERSITY HOSPITALS BIRMINGHAM NHS FOUNDATION TRUST,92998,63804,29194,246,9,0,0,0.6860792705219467
2026-05-01,QHL,NHS BIRMINGHAM AND SOLIHULL INTEGRATED CARE BOARD,RYW,BIRMINGHAM COMMUNITY HEALTHCARE NHS FOUNDATION TRUST,14636,11521,3115,1,0,0,0,0.787168625307461
2026-05-01,QHL,NHS BIRMINGHAM AND SOLIHULL INTEGRATED CARE BOARD,S0L9O,ACES BIRMINGHAM,21,14,7,1,0,0,0,0.6666666666666666
2026-05-01,QHL,NHS BIRMINGHAM AND SOLIHULL INTEGRATED CARE BOARD,S1Z4X,NEWMEDICA - BIRMINGHAM,957,928,29,0,0,0,0,0.9696969696969697
2026-05-01,QHL,NHS BIRMINGHAM AND SOLIHULL INTEGRATED CARE BOARD,S4E3I,MIDLAND EYE (EYE-DOCS LTD),638,610,28,0,0,0,0,0.9561128526645768
2026-05-01,QHM,NHS NORTH EAST AND NORTH CUMBRIA INTEGRATED CARE BOARD,ACG24,NEWMEDICA - TEESSIDE - NORTH ORMESBY,1631,1577,54,0,0,0,0,0.9668914776210914
2026-05-01,QHM,NHS NORTH EAST AND NORTH CUMBRIA INTEGRATED CARE BOARD,E1U4T,SPAMEDICA CARLISLE,926,847,79,0,0,0,0,0.9146868250539957
2026-05-01,QHM,NHS NORTH EAST AND NORTH CUMBRIA INTEGRATED CARE BOARD,E4K5T,OPTEGRA EYE HOSPITAL NEWCASTLE,487,481,6,0,0,0,0,0.9876796714579056
2026-05-01,QHM,NHS NORTH EAST AND NORTH CUMBRIA INTEGRATED CARE BOARD,F0R0W,NEWMEDICA - DARLINGTON,78,77,1,0,0,0,0,0.9871794871794872
2026-05-01,QHM,NHS NORTH EAST AND NORTH CUMBRIA INTEGRATED CARE BOARD,G5X2Q,SPAMEDICA NORTH TYNESIDE,487,456,31,1,0,0,0,0.9363449691991786
2026-05-01,QHM,NHS NORTH EAST AND NORTH CUMBRIA INTEGRATED CARE BOARD,I7G8X,ACES NEWCASTLE,30,27,3,0,0,0,0,0.9
2026-05-01,QHM,NHS NORTH EAST AND NORTH CUMBRIA INTEGRATED CARE BOARD,NMG,CORA HEALTH MSK (FORMERLY CONNECT HEALTH LTD),21802,19491,2311,2,0,0,0,0.8940005504082195
2026-05-01,QHM,NHS NORTH EAST AND NORTH CUMBRIA INTEGRATED CARE BOARD,NN4,TYNESIDE SURGICAL SERVICES LTD,1443,1200,243,4,0,0,0,0.8316008316008316
2026-05-01,QHM,NHS NORTH EAST AND NORTH CUMBRIA INTEGRATED CARE BOARD,NPG22,SPAMEDICA STOCKTON-ON-TEES,509,466,43,0,0,0,0,0.9155206286836935
2026-05-01,QHM,NHS NORTH EAST AND NORTH CUMBRIA INTEGRATED CARE BOARD,NT229,"NUFFIELD HEALTH, NEWCASTLE UPON TYNE HOSPITAL",464,231,233,19,3,1,0,0.4978448275862069
2026-05-01,QHM,NHS NORTH EAST AND NORTH CUMBRIA INTEGRATED CARE BOARD,NT237,"NUFFIELD HEALTH, TEES HOSPITAL",1683,1309,374,0,0,0,0,0.7777777777777778
2026-05-01,QHM,NHS NORTH EAST AND NORTH CUMBRIA INTEGRATED CARE BOARD,NT333,SPIRE WASHINGTON HOSPITAL,2053,1599,454,37,2,0,0,0.7788602045786653
2026-05-01,QHM,NHS NORTH EAST AND NORTH CUMBRIA INTEGRATED CARE BOARD,NT457,WOODLANDS HOSPITAL,2849,2269,580,8,0,0,0,0.7964197964197964
2026-05-01,QHM,NHS NORTH EAST AND NORTH CUMBRIA INTEGRATED CARE BOARD,NVC0R,TEES VALLEY HOSPITAL,4210,3220,990,0,0,0,0,0.7648456057007126
2026-05-01,QHM,NHS NORTH EAST AND NORTH CUMBRIA INTEGRATED CARE BOARD,NVC29,COBALT HOSPITAL,2052,1323,729,4,0,0,0,0.6447368421052632
2026-05-01,QHM,NHS NORTH EAST AND NORTH CUMBRIA INTEGRATED CARE BOARD,R0B,SOUTH TYNESIDE AND SUNDERLAND NHS FOUNDATION TRUST,58858,45150,13708,0,0,0,0,0.7671004791192362
2026-05-01,QHM,NHS NORTH EAST AND NORTH CUMBRIA INTEGRATED CARE BOARD,R6B6E,ACES DARLINGTON,1,1,0,0,0,0,0,1
2026-05-01,QHM,NHS NORTH EAST AND NORTH CUMBRIA INTEGRATED CARE BOARD,R7W2O,NEWCASTLE NEWMEDICA LTD,865,850,15,0,0,0,0,0.9826589595375722
2026-05-01,QHM,NHS NORTH EAST AND NORTH CUMBRIA INTEGRATED CARE BOARD,RNN,NORTH CUMBRIA INTEGRATED CARE NHS FOUNDATION TRUST,35639,23498,12141,492,2,1,0,0.659333875810208
2026-05-01,QHM,NHS NORTH EAST AND NORTH CUMBRIA INTEGRATED CARE BOARD,RR7,GATESHEAD HEALTH NHS FOUNDATION TRUST,11890,9319,2571,8,0,0,0,0.7837678721614803
2026-05-01,QHM,NHS NORTH EAST AND NORTH CUMBRIA INTEGRATED CARE BOARD,RTD,THE NEWCASTLE UPON TYNE HOSPITALS NHS FOUNDATION TRUST,86197,63390,22807,693,19,1,0,0.7354084248871771
2026-05-01,QHM,NHS NORTH EAST AND NORTH CUMBRIA INTEGRATED CARE BOARD,RTF,NORTHUMBRIA HEALTHCARE NHS FOUNDATION TRUST,39520,32806,6714,0,0,0,0,0.8301113360323886
2026-05-01,QHM,NHS NORTH EAST AND NORTH CUMBRIA INTEGRATED CARE BOARD,RTR,SOUTH TEES HOSPITALS NHS FOUNDATION TRUST,56598,37479,19119,675,22,0,0,0.6621965440474928
2026-05-01,QHM,NHS NORTH EAST AND NORTH CUMBRIA INTEGRATED CARE BOARD,RVW,NORTH TEES AND HARTLEPOOL NHS FOUNDATION TRUST,22873,16534,6339,216,0,0,0,0.7228610151707253
2026-05-01,QHM,NHS NORTH EAST AND NORTH CUMBRIA INTEGRATED CARE BOARD,RX4,"CUMBRIA, NORTHUMBERLAND, TYNE AND WEAR NHS FOUNDATION TRUST",133,133,0,0,0,0,0,1
2026-05-01,QHM,NHS NORTH EAST AND NORTH CUMBRIA INTEGRATED CARE BOARD,RXP,COUNTY DURHAM AND DARLINGTON NHS FOUNDATION TRUST,52378,35145,17233,774,0,0,0,0.6709878193134522
2026-05-01,QHM,NHS NORTH EAST AND NORTH CUMBRIA INTEGRATED CARE BOARD,S5D8W,ACES MIDDLESBOROUGH,1,1,0,0,0,0,0,1
2026-05-01,QHM,NHS NORTH EAST AND NORTH CUMBRIA INTEGRATED CARE BOARD,Z9Z1G,SPAMEDICA GATESHEAD,580,545,35,0,0,0,0,0.9396551724137931
2026-05-01,QJ2,NHS DERBY AND DERBYSHIRE INTEGRATED CARE BOARD,ACG26,NEWMEDICA - NORTH DERBYSHIRE - MIDLAND COURT,1237,1123,114,0,0,0,0,0.9078415521422797
2026-05-01,QJ2,NHS DERBY AND DERBYSHIRE INTEGRATED CARE BOARD,NPG23,SPAMEDICA DERBY,607,580,27,0,0,0,0,0.9555189456342669
2026-05-01,QJ2,NHS DERBY AND DERBYSHIRE INTEGRATED CARE BOARD,NT213,"NUFFIELD HEALTH, DERBY HOSPITAL",1138,662,476,6,0,0,0,0.5817223198594025
2026-05-01,QJ2,NHS DERBY AND DERBYSHIRE INTEGRATED CARE BOARD,NTP13,PRACTICE PLUS GROUP HOSPITAL - BARLBOROUGH,1760,1316,444,2,0,0,0,0.7477272727272727
2026-05-01,QJ2,NHS DERBY AND DERBYSHIRE INTEGRATED CARE BOARD,RFS,CHESTERFIELD ROYAL HOSPITAL NHS FOUNDATION TRUST,27341,16985,10356,627,9,0,0,0.6212281920924618
2026-05-01,QJ2,NHS DERBY AND DERBYSHIRE INTEGRATED CARE BOARD,RTG,UNIVERSITY HOSPITALS OF DERBY AND BURTON NHS FOUNDATION TRUST,93839,57132,36707,1674,79,13,3,0.6088300173701766
2026-05-01,QJ2,NHS DERBY AND DERBYSHIRE INTEGRATED CARE BOARD,T4I8V,SPAMEDICA CHESTERFIELD,229,218,11,0,0,0,0,0.9519650655021834
2026-05-01,QJK,NHS DEVON INTEGRATED CARE BOARD,ACG36,NEWMEDICA - EXETER - GLEN HOUSE,490,460,30,0,0,0,0,0.9387755102040817
2026-05-01,QJK,NHS DEVON INTEGRATED CARE BOARD,D3O0Z,PLYMOUTH NEWMEDICA LTD,682,628,54,0,0,0,0,0.9208211143695014
2026-05-01,QJK,NHS DEVON INTEGRATED CARE BOARD,M5E1S,SPAMEDICA EXETER,392,341,51,1,0,0,0,0.8698979591836735
2026-05-01,QJK,NHS DEVON INTEGRATED CARE BOARD,N1M9Z,ACES EXETER,75,65,10,1,0,0,0,0.8666666666666667
2026-05-01,QJK,NHS DEVON INTEGRATED CARE BOARD,N8Z8E,ACES TORQUAY,1,1,0,0,0,0,0,1
2026-05-01,QJK,NHS DEVON INTEGRATED CARE BOARD,NR5,LIVEWELL SOUTHWEST,63,62,1,0,0,0,0,0.9841269841269841
2026-05-01,QJK,NHS DEVON INTEGRATED CARE BOARD,NT215,"NUFFIELD HEALTH, EXETER HOSPITAL",390,193,197,20,6,3,1,0.4948717948717949
2026-05-01,QJK,NHS DEVON INTEGRATED CARE BOARD,NT233,"NUFFIELD HEALTH, PLYMOUTH HOSPITAL",1011,676,335,9,1,0,0,0.66864490603363
2026-05-01,QJK,NHS DEVON INTEGRATED CARE BOARD,NTPH5,PRACTICE PLUS GROUP HOSPITAL - PLYMOUTH,1564,1348,216,9,1,0,0,0.8618925831202046
2026-05-01,QJK,NHS DEVON INTEGRATED CARE BOARD,NVC08,MOUNT STUART HOSPITAL,2267,1330,937,25,2,0,0,0.5866784296426996
2026-05-01,QJK,NHS DEVON INTEGRATED CARE BOARD,NVC0Y,EXETER MEDICAL,266,218,48,2,0,0,0,0.8195488721804511
2026-05-01,QJK,NHS DEVON INTEGRATED CARE BOARD,RH8,ROYAL DEVON UNIVERSITY HEALTHCARE NHS FOUNDATION TRUST,75722,47675,28047,1423,160,17,0,0.6296056628192599
2026-05-01,QJK,NHS DEVON INTEGRATED CARE BOARD,RK9,UNIVERSITY HOSPITALS PLYMOUTH NHS TRUST,47642,31942,15700,607,53,6,1,0.6704588388396793
2026-05-01,QJM,NHS LINCOLNSHIRE INTEGRATED CARE BOARD,N6Z0R,NEWMEDICA - LINCOLN,27,24,3,0,0,0,0,0.8888888888888888
2026-05-01,QJM,NHS LINCOLNSHIRE INTEGRATED CARE BOARD,NT450,LINCOLN PRIVATE HOSPITAL,1164,724,440,0,0,0,0,0.6219931271477663
2026-05-01,QJM,NHS LINCOLNSHIRE INTEGRATED CARE BOARD,NVC27,BOSTON WEST HOSPITAL,2346,1495,851,20,0,0,0,0.6372549019607843
2026-05-01,QJM,NHS LINCOLNSHIRE INTEGRATED CARE BOARD,P1N3Z,DEEPING SURGICAL,133,111,22,0,0,0,0,0.8345864661654135
2026-05-01,QJM,NHS LINCOLNSHIRE INTEGRATED CARE BOARD,RP7,LINCOLNSHIRE PARTNERSHIP NHS FOUNDATION TRUST,14,12,2,1,1,1,1,0.8571428571428571
2026-05-01,QJM,NHS LINCOLNSHIRE INTEGRATED CARE BOARD,RWD,UNITED LINCOLNSHIRE TEACHING HOSPITALS NHS TRUST,69131,42327,26804,751,3,0,0,0.6122723524901997
2026-05-01,QJM,NHS LINCOLNSHIRE INTEGRATED CARE BOARD,T1I9W,ACES LINCOLN,7,6,1,0,0,0,0,0.8571428571428571
2026-05-01,QK1,"NHS LEICESTER, LEICESTERSHIRE AND RUTLAND INTEGRATED CARE BOARD",A4Q9X,NEWMEDICA LEICESTER,906,819,87,0,0,0,0,0.9039735099337748
2026-05-01,QK1,"NHS LEICESTER, LEICESTERSHIRE AND RUTLAND INTEGRATED CARE BOARD",A8L1O,OPTEGRA EYE HOSPITAL LEICESTER,199,186,13,0,0,0,0,0.9346733668341709
2026-05-01,QK1,"NHS LEICESTER, LEICESTERSHIRE AND RUTLAND INTEGRATED CARE BOARD",DPK,THE STONEYGATE EYE HOSPITAL,782,689,93,0,0,0,0,0.881074168797954
2026-05-01,QK1,"NHS LEICESTER, LEICESTERSHIRE AND RUTLAND INTEGRATED CARE BOARD",L9D3Z,SPAMEDICA LEICESTER,391,363,28,0,0,0,0,0.928388746803069
2026-05-01,QK1,"NHS LEICESTER, LEICESTERSHIRE AND RUTLAND INTEGRATED CARE BOARD",NT226,"NUFFIELD HEALTH, LEICESTER HOSPITAL",452,398,54,6,3,3,1,0.8805309734513275
2026-05-01,QK1,"NHS LEICESTER, LEICESTERSHIRE AND RUTLAND INTEGRATED CARE BOARD",NT322,SPIRE LEICESTER HOSPITAL,819,489,330,4,0,0,0,0.5970695970695971
2026-05-01,QK1,"NHS LEICESTER, LEICESTERSHIRE AND RUTLAND INTEGRATED CARE BOARD",RWE,UNIVERSITY HOSPITALS OF LEICESTER NHS TRUST,116019,69027,46992,2460,54,1,0,0.5949628940087399
2026-05-01,QKK,NHS SOUTH EAST LONDON INTEGRATED CARE BOARD,NCN,DMC HEALTHCARE,1886,1639,247,36,30,26,12,0.869034994697773
2026-05-01,QKK,NHS SOUTH EAST LONDON INTEGRATED CARE BOARD,NT406,BLACKHEATH HOSPITAL,1389,985,404,10,5,0,0,0.709143268538517
2026-05-01,QKK,NHS SOUTH EAST LONDON INTEGRATED CARE BOARD,NT409,CHELSFIELD PARK HOSPITAL,725,619,106,1,0,0,0,0.8537931034482759
2026-05-01,QKK,NHS SOUTH EAST LONDON INTEGRATED CARE BOARD,NT437,SLOANE HOSPITAL,694,594,100,4,0,0,0,0.8559077809798271
2026-05-01,QKK,NHS SOUTH EAST LONDON INTEGRATED CARE BOARD,Q2Y5H,OVIVA UK LTD,8096,5409,2687,312,27,3,0,0.6681077075098815
2026-05-01,QKK,NHS SOUTH EAST LONDON INTEGRATED CARE BOARD,RJ1,GUY'S AND ST THOMAS' NHS FOUNDATION TRUST,111987,77376,34611,750,29,6,6,0.6909373409413593
2026-05-01,QKK,NHS SOUTH EAST LONDON INTEGRATED CARE BOARD,RJ2,LEWISHAM AND GREENWICH NHS TRUST,57310,37180,20130,935,86,11,2,0.6487523992322457
2026-05-01,QKK,NHS SOUTH EAST LONDON INTEGRATED CARE BOARD,RJZ,KING'S COLLEGE HOSPITAL NHS FOUNDATION TRUST,88671,59836,28835,1504,118,5,0,0.6748091258697884
2026-05-01,QKK,NHS SOUTH EAST LONDON INTEGRATED CARE BOARD,RPG,OXLEAS NHS FOUNDATION TRUST,1435,948,487,248,0,0,0,0.6606271777003484
2026-05-01,QKK,NHS SOUTH EAST LONDON INTEGRATED CARE BOARD,Y8L9S,SPAMEDICA BROMLEY,704,635,69,0,0,0,0,0.9019886363636364
2026-05-01,QKS,NHS KENT AND MEDWAY INTEGRATED CARE BOARD,ADP02,KIMS HOSPITAL (NEWNHAM COURT),1287,1116,171,1,0,0,0,0.8671328671328671
2026-05-01,QKS,NHS KENT AND MEDWAY INTEGRATED CARE BOARD,AVQ01,ONE ASHFORD HOSPITAL,964,811,153,2,0,0,0,0.8412863070539419
2026-05-01,QKS,NHS KENT AND MEDWAY INTEGRATED CARE BOARD,G3E7R,OPTEGRA EYE HOSPITAL MAIDSTONE,433,433,0,0,0,0,0,1
2026-05-01,QKS,NHS KENT AND MEDWAY INTEGRATED CARE BOARD,M0N7E,SPAMEDICA SITTINGBOURNE,208,186,22,0,0,0,0,0.8942307692307693
2026-05-01,QKS,NHS KENT AND MEDWAY INTEGRATED CARE BOARD,NN8,SPENCER PRIVATE HOSPITALS LTD,3799,2349,1450,47,4,0,0,0.6183206106870229
2026-05-01,QKS,NHS KENT AND MEDWAY INTEGRATED CARE BOARD,NT239,"NUFFIELD HEALTH, TUNBRIDGE WELLS HOSPITAL",99,84,15,0,0,0,0,0.8484848484848485
2026-05-01,QKS,NHS KENT AND MEDWAY INTEGRATED CARE BOARD,NT312,SPIRE ALEXANDRA HOSPITAL,1401,1070,331,7,0,0,0,0.7637401855817273
2026-05-01,QKS,NHS KENT AND MEDWAY INTEGRATED CARE BOARD,NT408,CHAUCER HOSPITAL,861,689,172,0,0,0,0,0.8002322880371661
2026-05-01,QKS,NHS KENT AND MEDWAY INTEGRATED CARE BOARD,NTP16,PRACTICE PLUS GROUP SURGICAL CENTRE - GILLINGHAM,1002,885,117,4,2,0,0,0.8832335329341318
2026-05-01,QKS,NHS KENT AND MEDWAY INTEGRATED CARE BOARD,NWF01,BENENDEN HOSPITAL,1526,1233,293,4,1,0,0,0.8079947575360419
2026-05-01,QKS,NHS KENT AND MEDWAY INTEGRATED CARE BOARD,NYR,CORA HEALTH DIAGNOSTICS (FORMERLY HEALTHSHARE DIAGNOSTICS),1671,1068,603,35,6,6,4,0.6391382405745063
2026-05-01,QKS,NHS KENT AND MEDWAY INTEGRATED CARE BOARD,RN7,DARTFORD AND GRAVESHAM NHS TRUST,31405,19340,12065,671,0,0,0,0.6158255054927559
2026-05-01,QKS,NHS KENT AND MEDWAY INTEGRATED CARE BOARD,RPA,MEDWAY NHS FOUNDATION TRUST,34468,21033,13435,483,0,0,0,0.6102181733782058
2026-05-01,QKS,NHS KENT AND MEDWAY INTEGRATED CARE BOARD,RVV,EAST KENT HOSPITALS UNIVERSITY NHS FOUNDATION TRUST,82010,46525,35485,2161,125,7,1,0.5673088647725887
2026-05-01,QKS,NHS KENT AND MEDWAY INTEGRATED CARE BOARD,RWF,MAIDSTONE AND TUNBRIDGE WELLS NHS TRUST,50333,37249,13084,14,5,0,0,0.7400512586176068
2026-05-01,QKS,NHS KENT AND MEDWAY INTEGRATED CARE BOARD,RYY,KENT COMMUNITY HEALTH NHS FOUNDATION TRUST,4572,4565,7,0,0,0,0,0.9984689413823272
2026-05-01,QKS,NHS KENT AND MEDWAY INTEGRATED CARE BOARD,U0K8N,CES MEDICAL,58,52,6,0,0,0,0,0.896551724137931
2026-05-01,QKS,NHS KENT AND MEDWAY INTEGRATED CARE BOARD,X1M4L,ACES MAIDSTONE,3,0,3,0,0,0,0,0
2026-05-01,QKS,NHS KENT AND MEDWAY INTEGRATED CARE BOARD,Z4F8Y,ACES DARTFORD,486,433,53,2,1,0,0,0.8909465020576132
2026-05-01,QMF,NHS NORTH EAST LONDON INTEGRATED CARE BOARD,B4N1U,SPAMEDICA ROMFORD,977,893,84,0,0,0,0,0.9140225179119754
2026-05-01,QMF,NHS NORTH EAST LONDON INTEGRATED CARE BOARD,NT314,SPIRE LONDON EAST,3390,1992,1398,64,2,0,0,0.5876106194690266
2026-05-01,QMF,NHS NORTH EAST LONDON INTEGRATED CARE BOARD,NT422,LONDON INDEPENDENT HOSPITAL,4128,3374,754,8,0,0,0,0.8173449612403101
2026-05-01,QMF,NHS NORTH EAST LONDON INTEGRATED CARE BOARD,NTP15,PRACTICE PLUS GROUP HOSPITAL - ILFORD,4836,3449,1387,47,12,1,0,0.7131927212572374
2026-05-01,QMF,NHS NORTH EAST LONDON INTEGRATED CARE BOARD,R1H,BARTS HEALTH NHS TRUST,121706,77135,44571,1163,43,0,0,0.6337814076545117
2026-05-01,QMF,NHS NORTH EAST LONDON INTEGRATED CARE BOARD,RF4,"BARKING, HAVERING AND REDBRIDGE UNIVERSITY HOSPITALS NHS TRUST",68706,46913,21793,919,62,0,0,0.6828079061508456
2026-05-01,QMF,NHS NORTH EAST LONDON INTEGRATED CARE BOARD,RQX,HOMERTON HEALTHCARE NHS FOUNDATION TRUST,27439,20838,6601,223,10,1,1,0.7594300083822296
2026-05-01,QMF,NHS NORTH EAST LONDON INTEGRATED CARE BOARD,V3J9W,PASTEL HEALTH,188,126,62,0,0,0,0,0.6702127659574468
2026-05-01,QMF,NHS NORTH EAST LONDON INTEGRATED CARE BOARD,V8N5R,SPAMEDICA DALSTON,555,497,58,0,0,0,0,0.8954954954954955
2026-05-01,QNC,NHS STAFFORDSHIRE AND STOKE-ON-TRENT INTEGRATED CARE BOARD,B6Z0N,OPTEGRA EYE HOSPITAL UTTOXETER,262,240,22,0,0,0,0,0.916030534351145
2026-05-01,QNC,NHS STAFFORDSHIRE AND STOKE-ON-TRENT INTEGRATED CARE BOARD,NPG15,SPAMEDICA NEWCASTLE-UNDER-LYME,329,320,9,0,0,0,0,0.9726443768996961
2026-05-01,QNC,NHS STAFFORDSHIRE AND STOKE-ON-TRENT INTEGRATED CARE BOARD,NT230,"NUFFIELD HEALTH, NORTH STAFFORDSHIRE HOSPITAL",1167,830,337,10,3,0,0,0.7112253641816624
2026-05-01,QNC,NHS STAFFORDSHIRE AND STOKE-ON-TRENT INTEGRATED CARE BOARD,NT321,SPIRE LITTLE ASTON HOSPITAL,1353,958,395,11,3,0,0,0.7080561714708056
2026-05-01,QNC,NHS STAFFORDSHIRE AND STOKE-ON-TRENT INTEGRATED CARE BOARD,NVC0I,BEACON PARK HOSPITAL,1272,764,508,2,1,1,0,0.60062893081761
2026-05-01,QNC,NHS STAFFORDSHIRE AND STOKE-ON-TRENT INTEGRATED CARE BOARD,NVC17,ROWLEY HALL HOSPITAL,2480,1502,978,1,1,1,1,0.6056451612903225
2026-05-01,QNC,NHS STAFFORDSHIRE AND STOKE-ON-TRENT INTEGRATED CARE BOARD,RJE,UNIVERSITY HOSPITALS OF NORTH MIDLANDS NHS TRUST,70616,44991,25625,1277,87,3,0,0.6371218987198368
2026-05-01,QNC,NHS STAFFORDSHIRE AND STOKE-ON-TRENT INTEGRATED CARE BOARD,RRE,MIDLANDS PARTNERSHIP UNIVERSITY NHS FOUNDATION TRUST,9467,8744,723,0,0,0,0,0.9236294496672652
2026-05-01,QOC,"NHS SHROPSHIRE, TELFORD AND WREKIN INTEGRATED CARE BOARD",AHP,ST MICHAEL'S CLINIC LIMITED,1818,1210,608,19,3,0,0,0.6655665566556656
2026-05-01,QOC,"NHS SHROPSHIRE, TELFORD AND WREKIN INTEGRATED CARE BOARD",NT235,"NUFFIELD HEALTH, SHREWSBURY HOSPITAL",614,524,90,0,0,0,0,0.8534201954397395
2026-05-01,QOC,"NHS SHROPSHIRE, TELFORD AND WREKIN INTEGRATED CARE BOARD",P5Y6K,NEWMEDICA - SHREWSBURY,457,453,4,0,0,0,0,0.9912472647702407
2026-05-01,QOC,"NHS SHROPSHIRE, TELFORD AND WREKIN INTEGRATED CARE BOARD",R1D,SHROPSHIRE COMMUNITY HEALTH NHS TRUST,7977,6554,1423,0,0,0,0,0.8216121348878024
2026-05-01,QOC,"NHS SHROPSHIRE, TELFORD AND WREKIN INTEGRATED CARE BOARD",RL1,THE ROBERT JONES AND AGNES HUNT ORTHOPAEDIC HOSPITAL NHS FOUNDATION TRUST,23494,12594,10900,2686,1758,1140,394,0.536051757895633
2026-05-01,QOC,"NHS SHROPSHIRE, TELFORD AND WREKIN INTEGRATED CARE BOARD",RXW,THE SHREWSBURY AND TELFORD HOSPITAL NHS TRUST,36456,25466,10990,0,0,0,0,0.6985407066052227
2026-05-01,QOC,"NHS SHROPSHIRE, TELFORD AND WREKIN INTEGRATED CARE BOARD",V5F1D,SPAMEDICA TELFORD,504,454,50,1,0,0,0,0.9007936507936508
2026-05-01,QOP,NHS GREATER MANCHESTER INTEGRATED CARE BOARD,D1V5N,ACES BOLTON,1,1,0,0,0,0,0,1
2026-05-01,QOP,NHS GREATER MANCHESTER INTEGRATED CARE BOARD,DXV,OMNES HEALTHCARE LTD,14182,8250,5932,208,65,18,3,0.5817233112395995
2026-05-01,QOP,NHS GREATER MANCHESTER INTEGRATED CARE BOARD,I1H7K,SPAMEDICA SALE,260,236,24,0,0,0,0,0.9076923076923077
2026-05-01,QOP,NHS GREATER MANCHESTER INTEGRATED CARE BOARD,M9U8M,ENDOCARE DIAGNOSTICS LTD,71,71,0,0,0,0,0,1
2026-05-01,QOP,NHS GREATER MANCHESTER INTEGRATED CARE BOARD,N1L8R,ACES MANCHESTER ST JOHNS STREET,15,11,4,1,0,0,0,0.7333333333333333
2026-05-01,QOP,NHS GREATER MANCHESTER INTEGRATED CARE BOARD,NLE01,LANCASTER HOUSE CONSULTING DIAGNOSTICS SURGICAL LTD HQ,1271,1073,198,0,0,0,0,0.8442171518489379
2026-05-01,QOP,NHS GREATER MANCHESTER INTEGRATED CARE BOARD,NN5,MANCHESTER SURGICAL SERVICES LTD,388,358,30,0,0,0,0,0.9226804123711341
2026-05-01,QOP,NHS GREATER MANCHESTER INTEGRATED CARE BOARD,NNH04,OPTEGRA (MANCHESTER EYE HOSPITAL),784,760,24,0,0,0,0,0.9693877551020408
2026-05-01,QOP,NHS GREATER MANCHESTER INTEGRATED CARE BOARD,NPG01,SPAMEDICA MANCHESTER,375,333,42,0,0,0,0,0.888
2026-05-01,QOP,NHS GREATER MANCHESTER INTEGRATED CARE BOARD,NPG08,SPAMEDICA BOLTON,756,721,35,1,0,0,0,0.9537037037037037
2026-05-01,QOP,NHS GREATER MANCHESTER INTEGRATED CARE BOARD,NRL,HEART NETWORKS,569,557,12,0,0,0,0,0.9789103690685413
2026-05-01,QOP,NHS GREATER MANCHESTER INTEGRATED CARE BOARD,NRP,BEACON MEDICAL SERVICES GROUP LIMITED,4103,3726,377,0,0,0,0,0.9081160126736534
2026-05-01,QOP,NHS GREATER MANCHESTER INTEGRATED CARE BOARD,NT327,SPIRE MANCHESTER HOSPITAL,582,460,122,2,0,0,0,0.7903780068728522
2026-05-01,QOP,NHS GREATER MANCHESTER INTEGRATED CARE BOARD,NT401,ALEXANDRA HOSPITAL,604,386,218,0,0,0,0,0.6390728476821192
2026-05-01,QOP,NHS GREATER MANCHESTER INTEGRATED CARE BOARD,NT404,BEAUMONT HOSPITAL,3426,2165,1261,1,0,0,0,0.6319322825452423
2026-05-01,QOP,NHS GREATER MANCHESTER INTEGRATED CARE BOARD,NT420,HIGHFIELD HOSPITAL,909,631,278,0,0,0,0,0.6941694169416942
2026-05-01,QOP,NHS GREATER MANCHESTER INTEGRATED CARE BOARD,NTPAE,PRACTICE PLUS GROUP OPHTHALMOLOGY - NORTH WEST,1590,1436,154,0,0,0,0,0.9031446540880503
2026-05-01,QOP,NHS GREATER MANCHESTER INTEGRATED CARE BOARD,NVC12,OAKLANDS HOSPITAL,3583,2426,1157,0,0,0,0,0.6770862405805191
2026-05-01,QOP,NHS GREATER MANCHESTER INTEGRATED CARE BOARD,O1P6X,SPAMEDICA OLDHAM,718,655,63,0,0,0,0,0.9122562674094707
2026-05-01,QOP,NHS GREATER MANCHESTER INTEGRATED CARE BOARD,R0A,MANCHESTER UNIVERSITY NHS FOUNDATION TRUST,168762,107283,61479,1525,0,0,0,0.6357059053578412
2026-05-01,QOP,NHS GREATER MANCHESTER INTEGRATED CARE BOARD,RBV,THE CHRISTIE NHS FOUNDATION TRUST,3037,2952,85,0,0,0,0,0.9720118538030952
2026-05-01,QOP,NHS GREATER MANCHESTER INTEGRATED CARE BOARD,RM3,NORTHERN CARE ALLIANCE NHS FOUNDATION TRUST,134640,78605,56035,3703,97,1,0,0.5838161021984551
2026-05-01,QOP,NHS GREATER MANCHESTER INTEGRATED CARE BOARD,RMC,BOLTON NHS FOUNDATION TRUST,37294,22637,14657,395,0,0,0,0.6069877192041615
2026-05-01,QOP,NHS GREATER MANCHESTER INTEGRATED CARE BOARD,RMP,TAMESIDE AND GLOSSOP INTEGRATED CARE NHS FOUNDATION TRUST,16888,13106,3782,0,0,0,0,0.7760540028422549
2026-05-01,QOP,NHS GREATER MANCHESTER INTEGRATED CARE BOARD,RRF,"WRIGHTINGTON, WIGAN AND LEIGH TEACHING HOSPITALS NHS FOUNDATION TRUST",44695,26983,17712,1056,44,0,0,0.6037140619756125
2026-05-01,QOP,NHS GREATER MANCHESTER INTEGRATED CARE BOARD,RWJ,STOCKPORT NHS FOUNDATION TRUST,34649,21398,13251,177,3,0,0,0.6175647204825536
2026-05-01,QOP,NHS GREATER MANCHESTER INTEGRATED CARE BOARD,S8O6A,ACES MANCHESTER TRAFFORD,4,3,1,0,0,0,0,0.75
2026-05-01,QOP,NHS GREATER MANCHESTER INTEGRATED CARE BOARD,W7J4C,ACES MANCHESTER,77,54,23,5,2,1,0,0.7012987012987013
2026-05-01,QOP,NHS GREATER MANCHESTER INTEGRATED CARE BOARD,Z2L9B,NEWMEDICA - MANCHESTER WEST,355,282,73,1,1,1,0,0.7943661971830986
2026-05-01,QOQ,NHS HUMBER AND NORTH YORKSHIRE INTEGRATED CARE BOARD,A1S9E,OPTEGRA EYE HOSPITAL YORK,665,644,21,0,0,0,0,0.968421052631579
2026-05-01,QOQ,NHS HUMBER AND NORTH YORKSHIRE INTEGRATED CARE BOARD,ACG12,NEWMEDICA COMMUNITY OPHTHALMOLOGY - NORTH EAST LINCOLNSHIRE - GRIMSBY,994,821,173,1,0,0,0,0.8259557344064387
2026-05-01,QOQ,NHS HUMBER AND NORTH YORKSHIRE INTEGRATED CARE BOARD,ACG22,NEWMEDICA - BRIGG - RIVERSIDE SURGERY,721,599,122,0,0,0,0,0.8307905686546463
2026-05-01,QOQ,NHS HUMBER AND NORTH YORKSHIRE INTEGRATED CARE BOARD,NL3,CARE PLUS GROUP,229,205,24,3,0,0,0,0.8951965065502183
2026-05-01,QOQ,NHS HUMBER AND NORTH YORKSHIRE INTEGRATED CARE BOARD,NPG18,SPAMEDICA HULL,571,548,23,0,0,0,0,0.9597197898423818
2026-05-01,QOQ,NHS HUMBER AND NORTH YORKSHIRE INTEGRATED CARE BOARD,NT245,"NUFFIELD HEALTH, YORK HOSPITAL",1279,967,312,2,0,0,0,0.7560594214229867
2026-05-01,QOQ,NHS HUMBER AND NORTH YORKSHIRE INTEGRATED CARE BOARD,NT351,SPIRE HULL AND EAST RIDING HOSPITAL,2847,1736,1111,0,0,0,0,0.6097646645591851
2026-05-01,QOQ,NHS HUMBER AND NORTH YORKSHIRE INTEGRATED CARE BOARD,NT447,DUCHY HOSPITAL,349,287,62,0,0,0,0,0.8223495702005731
2026-05-01,QOQ,NHS HUMBER AND NORTH YORKSHIRE INTEGRATED CARE BOARD,NTE02,ST HUGH'S HOSPITAL,2157,1793,364,14,5,1,1,0.8312471024571164
2026-05-01,QOQ,NHS HUMBER AND NORTH YORKSHIRE INTEGRATED CARE BOARD,NVC28,CLIFTON PARK HOSPITAL,1621,1055,566,4,0,0,0,0.6508328192473781
2026-05-01,QOQ,NHS HUMBER AND NORTH YORKSHIRE INTEGRATED CARE BOARD,RCB,YORK AND SCARBOROUGH TEACHING HOSPITALS NHS FOUNDATION TRUST,55885,32498,23387,1052,0,0,0,0.5815156124183591
2026-05-01,QOQ,NHS HUMBER AND NORTH YORKSHIRE INTEGRATED CARE BOARD,RCD,HARROGATE AND DISTRICT NHS FOUNDATION TRUST,21881,16741,5140,4,0,0,0,0.7650930030620173
2026-05-01,QOQ,NHS HUMBER AND NORTH YORKSHIRE INTEGRATED CARE BOARD,RJL,NORTHERN LINCOLNSHIRE AND GOOLE NHS FOUNDATION TRUST,41549,25765,15784,1038,50,1,0,0.6201111940118895
2026-05-01,QOQ,NHS HUMBER AND NORTH YORKSHIRE INTEGRATED CARE BOARD,RWA,HULL UNIVERSITY TEACHING HOSPITALS NHS TRUST,84209,48206,36003,3069,141,3,0,0.5724566257763422
2026-05-01,QOQ,NHS HUMBER AND NORTH YORKSHIRE INTEGRATED CARE BOARD,Z1E5F,NEWMEDICA - HARROGATE,276,256,20,0,0,0,0,0.927536231884058
2026-05-01,QOX,"NHS BATH AND NORTH EAST SOMERSET, SWINDON AND WILTSHIRE INTEGRATED CARE BOARD",D0V5X,NEWMEDICA - SWINDON MURDOCK ROAD,147,123,24,0,0,0,0,0.8367346938775511
2026-05-01,QOX,"NHS BATH AND NORTH EAST SOMERSET, SWINDON AND WILTSHIRE INTEGRATED CARE BOARD",DFY01,COTSWOLDS SURGICAL PARTNERS,268,264,4,0,0,0,0,0.9850746268656716
2026-05-01,QOX,"NHS BATH AND NORTH EAST SOMERSET, SWINDON AND WILTSHIRE INTEGRATED CARE BOARD",G3Z1Q,SULIS HOSPITAL BATH (FOXCOTE AVENUE),3759,2747,1012,4,0,0,0,0.7307794626230381
2026-05-01,QOX,"NHS BATH AND NORTH EAST SOMERSET, SWINDON AND WILTSHIRE INTEGRATED CARE BOARD",H1T2P,SPAMEDICA SWINDON,128,122,6,0,0,0,0,0.953125
2026-05-01,QOX,"NHS BATH AND NORTH EAST SOMERSET, SWINDON AND WILTSHIRE INTEGRATED CARE BOARD",NQT5K,ST MARTINS HOSPITAL,129,102,27,1,0,0,0,0.7906976744186046
2026-05-01,QOX,"NHS BATH AND NORTH EAST SOMERSET, SWINDON AND WILTSHIRE INTEGRATED CARE BOARD",NT402,BATH CLINIC,683,544,139,0,0,0,0,0.7964860907759883
2026-05-01,QOX,"NHS BATH AND NORTH EAST SOMERSET, SWINDON AND WILTSHIRE INTEGRATED CARE BOARD",NT430,RIDGEWAY HOSPITAL,377,316,61,0,0,0,0,0.8381962864721485
2026-05-01,QOX,"NHS BATH AND NORTH EAST SOMERSET, SWINDON AND WILTSHIRE INTEGRATED CARE BOARD",NTPH3,PRACTICE PLUS GROUP SURGICAL CENTRE - DEVIZES,2850,2274,576,2,0,0,0,0.7978947368421052
2026-05-01,QOX,"NHS BATH AND NORTH EAST SOMERSET, SWINDON AND WILTSHIRE INTEGRATED CARE BOARD",NVC09,NEW HALL HOSPITAL,3441,2506,935,18,1,0,0,0.7282766637605347
2026-05-01,QOX,"NHS BATH AND NORTH EAST SOMERSET, SWINDON AND WILTSHIRE INTEGRATED CARE BOARD",NXP,INDEPENDENT HEALTH GROUP,987,931,56,0,0,0,0,0.9432624113475178
2026-05-01,QOX,"NHS BATH AND NORTH EAST SOMERSET, SWINDON AND WILTSHIRE INTEGRATED CARE BOARD",RD1,ROYAL UNITED HOSPITALS BATH NHS FOUNDATION TRUST,40061,28473,11588,155,0,0,0,0.7107411197923167
2026-05-01,QOX,"NHS BATH AND NORTH EAST SOMERSET, SWINDON AND WILTSHIRE INTEGRATED CARE BOARD",RN3,GREAT WESTERN HOSPITALS NHS FOUNDATION TRUST,43973,25166,18807,1074,12,0,0,0.5723057330634708
2026-05-01,QOX,"NHS BATH AND NORTH EAST SOMERSET, SWINDON AND WILTSHIRE INTEGRATED CARE BOARD",RNZ,SALISBURY NHS FOUNDATION TRUST,30303,21819,8484,69,1,0,0,0.72002772002772
2026-05-01,QPM,NHS NORTHAMPTONSHIRE INTEGRATED CARE BOARD,K8I4X,GLENDON WOOD HOSPITAL,1534,1186,348,1,0,0,0,0.7731421121251629
2026-05-01,QPM,NHS NORTHAMPTONSHIRE INTEGRATED CARE BOARD,M4C5R,NEWMEDICA - NORTHAMPTON,1346,1163,183,1,0,0,0,0.8640416047548292
2026-05-01,QPM,NHS NORTHAMPTONSHIRE INTEGRATED CARE BOARD,NT441,THREE SHIRES HOSPITAL,3642,2251,1391,20,0,0,0,0.6180669961559583
2026-05-01,QPM,NHS NORTHAMPTONSHIRE INTEGRATED CARE BOARD,NVC23,WOODLAND HOSPITAL,4817,3061,1756,3,0,0,0,0.6354577537886651
2026-05-01,QPM,NHS NORTHAMPTONSHIRE INTEGRATED CARE BOARD,RNQ,KETTERING GENERAL HOSPITAL NHS FOUNDATION TRUST,26714,17168,9546,121,0,0,0,0.6426592797783933
2026-05-01,QPM,NHS NORTHAMPTONSHIRE INTEGRATED CARE BOARD,RNS,NORTHAMPTON GENERAL HOSPITAL NHS TRUST,40769,24989,15780,429,0,0,0,0.6129412053275773
2026-05-01,QR1,NHS GLOUCESTERSHIRE INTEGRATED CARE BOARD,A0C5S,SPAMEDICA GLOUCESTER,102,96,6,0,0,0,0,0.9411764705882353
2026-05-01,QR1,NHS GLOUCESTERSHIRE INTEGRATED CARE BOARD,AAH,TETBURY HOSPITAL TRUST LTD,291,269,22,1,0,0,0,0.9243986254295533
2026-05-01,QR1,NHS GLOUCESTERSHIRE INTEGRATED CARE BOARD,ACG13,NEWMEDICA - GLOUCESTER (ASPEN MEDICAL CENTRE),461,377,84,1,0,0,0,0.8177874186550976
2026-05-01,QR1,NHS GLOUCESTERSHIRE INTEGRATED CARE BOARD,L0D9W,NEWMEDICA - GLOUCESTER (BRIGHOUSE COURT),1196,1001,195,1,0,0,0,0.8369565217391305
2026-05-01,QR1,NHS GLOUCESTERSHIRE INTEGRATED CARE BOARD,NT211,"NUFFIELD HEALTH, CHELTENHAM HOSPITAL",40,19,21,1,0,0,0,0.475
2026-05-01,QR1,NHS GLOUCESTERSHIRE INTEGRATED CARE BOARD,NVC22,WINFIELD HOSPITAL,1281,966,315,0,0,0,0,0.7540983606557377
2026-05-01,QR1,NHS GLOUCESTERSHIRE INTEGRATED CARE BOARD,RTE,GLOUCESTERSHIRE HOSPITALS NHS FOUNDATION TRUST,70646,52611,18035,14,0,0,0,0.7447130764657589
2026-05-01,QRL,NHS HAMPSHIRE AND ISLE OF WIGHT INTEGRATED CARE BOARD,A1U4J,SPAMEDICA PORTSMOUTH,226,186,40,1,0,0,0,0.8230088495575221
2026-05-01,QRL,NHS HAMPSHIRE AND ISLE OF WIGHT INTEGRATED CARE BOARD,B9M3W,SPAMEDICA SOUTHAMPTON,433,300,133,88,0,0,0,0.6928406466512702
2026-05-01,QRL,NHS HAMPSHIRE AND ISLE OF WIGHT INTEGRATED CARE BOARD,D0Y2J,OPTEGRA AT HAVANT HEALTH CENTRE (HAVANT),17,17,0,0,0,0,0,1
2026-05-01,QRL,NHS HAMPSHIRE AND ISLE OF WIGHT INTEGRATED CARE BOARD,GEC01,RAPID INVESTIGATION SERVICE,147,147,0,0,0,0,0,1
2026-05-01,QRL,NHS HAMPSHIRE AND ISLE OF WIGHT INTEGRATED CARE BOARD,L4R3R,NEWMEDICA - HAMPSHIRE,2332,1350,982,41,0,0,0,0.5789022298456261
2026-05-01,QRL,NHS HAMPSHIRE AND ISLE OF WIGHT INTEGRATED CARE BOARD,NEY,PIONEER HEALTHCARE LIMITED,106,62,44,13,7,1,0,0.5849056603773585
2026-05-01,QRL,NHS HAMPSHIRE AND ISLE OF WIGHT INTEGRATED CARE BOARD,NNH06,OPTEGRA (SOLENT EYE HOSPITAL),683,683,0,0,0,0,0,1
2026-05-01,QRL,NHS HAMPSHIRE AND ISLE OF WIGHT INTEGRATED CARE BOARD,NRF,UNIVERSITY OF SOUTHAMPTON AUDITORY IMPLANT SERVICE,172,109,63,5,2,0,0,0.6337209302325582
2026-05-01,QRL,NHS HAMPSHIRE AND ISLE OF WIGHT INTEGRATED CARE BOARD,NT214,"NUFFIELD HEALTH, WESSEX HOSPITAL",556,250,306,10,0,0,0,0.44964028776978415
2026-05-01,QRL,NHS HAMPSHIRE AND ISLE OF WIGHT INTEGRATED CARE BOARD,NT304,SPIRE SOUTHAMPTON HOSPITAL,238,133,105,6,0,0,0,0.5588235294117647
2026-05-01,QRL,NHS HAMPSHIRE AND ISLE OF WIGHT INTEGRATED CARE BOARD,NT305,SPIRE PORTSMOUTH HOSPITAL,439,256,183,4,0,0,0,0.5831435079726651
2026-05-01,QRL,NHS HAMPSHIRE AND ISLE OF WIGHT INTEGRATED CARE BOARD,NT345,SPIRE CLARE PARK HOSPITAL,328,210,118,1,0,0,0,0.6402439024390244
2026-05-01,QRL,NHS HAMPSHIRE AND ISLE OF WIGHT INTEGRATED CARE BOARD,NT418,HAMPSHIRE CLINIC,374,206,168,2,0,0,0,0.5508021390374331
2026-05-01,QRL,NHS HAMPSHIRE AND ISLE OF WIGHT INTEGRATED CARE BOARD,NT433,SARUM ROAD HOSPITAL,273,139,134,2,0,0,0,0.5091575091575091
2026-05-01,QRL,NHS HAMPSHIRE AND ISLE OF WIGHT INTEGRATED CARE BOARD,NTP11,PRACTICE PLUS GROUP HOSPITAL - SOUTHAMPTON,10853,6846,4007,7,0,0,0,0.630793329033447
2026-05-01,QRL,NHS HAMPSHIRE AND ISLE OF WIGHT INTEGRATED CARE BOARD,NTPAD,PRACTICE PLUS GROUP SURGICAL CENTRE - ST MARYS PORTSMOUTH,1848,1782,66,0,0,0,0,0.9642857142857143
2026-05-01,QRL,NHS HAMPSHIRE AND ISLE OF WIGHT INTEGRATED CARE BOARD,Q4W9A,ACES SOUTHAMPTON,42,40,2,0,0,0,0,0.9523809523809523
2026-05-01,QRL,NHS HAMPSHIRE AND ISLE OF WIGHT INTEGRATED CARE BOARD,Q8X0X,SPAMEDICA ISLE OF WIGHT COMMUNITY DIAGNOSTIC & TREATMENT CENTRE,37,33,4,0,0,0,0,0.8918918918918919
2026-05-01,QRL,NHS HAMPSHIRE AND ISLE OF WIGHT INTEGRATED CARE BOARD,R1F,ISLE OF WIGHT NHS TRUST,12762,8191,4571,89,0,0,0,0.6418272997962702
2026-05-01,QRL,NHS HAMPSHIRE AND ISLE OF WIGHT INTEGRATED CARE BOARD,RHM,UNIVERSITY HOSPITAL SOUTHAMPTON NHS FOUNDATION TRUST,63136,41506,21630,1257,125,2,0,0.6574062341611758
2026-05-01,QRL,NHS HAMPSHIRE AND ISLE OF WIGHT INTEGRATED CARE BOARD,RHU,PORTSMOUTH HOSPITALS UNIVERSITY NHS TRUST,56584,34432,22152,2012,115,0,0,0.6085112399264809
2026-05-01,QRL,NHS HAMPSHIRE AND ISLE OF WIGHT INTEGRATED CARE BOARD,RN5,HAMPSHIRE HOSPITALS NHS FOUNDATION TRUST,49936,32500,17436,1337,57,5,0,0.6508330663248959
2026-05-01,QRL,NHS HAMPSHIRE AND ISLE OF WIGHT INTEGRATED CARE BOARD,RW1,HAMPSHIRE AND ISLE OF WIGHT HEALTHCARE NHS FOUNDATION TRUST,4480,3989,491,0,0,0,0,0.8904017857142857
2026-05-01,QRL,NHS HAMPSHIRE AND ISLE OF WIGHT INTEGRATED CARE BOARD,Y7W8F,ACES SOUTHAMPTON - EAST ST,18,17,1,0,0,0,0,0.9444444444444444
2026-05-01,QSL,NHS SOMERSET INTEGRATED CARE BOARD,G6S7A,SPAMEDICA TAUNTON,758,604,154,0,0,0,0,0.7968337730870713
2026-05-01,QSL,NHS SOMERSET INTEGRATED CARE BOARD,NPR01,ABOUT HEALTH HQ,1341,1338,3,2,0,0,0,0.9977628635346756
2026-05-01,QSL,NHS SOMERSET INTEGRATED CARE BOARD,NT238,"NUFFIELD HEALTH, TAUNTON HOSPITAL",555,320,235,3,0,0,0,0.5765765765765766
2026-05-01,QSL,NHS SOMERSET INTEGRATED CARE BOARD,NTPH1,PRACTICE PLUS GROUP HOSPITAL - SHEPTON MALLET,2721,2027,694,29,3,1,0,0.7449467107680999
2026-05-01,QSL,NHS SOMERSET INTEGRATED CARE BOARD,RH5,SOMERSET NHS FOUNDATION TRUST,54011,35432,18579,1304,37,2,0,0.6560145155616448
2026-05-01,QT1,NHS NOTTINGHAM AND NOTTINGHAMSHIRE INTEGRATED CARE BOARD,A4Y8X,ACES NOTTINGHAM,49,41,8,0,0,0,0,0.8367346938775511
2026-05-01,QT1,NHS NOTTINGHAM AND NOTTINGHAMSHIRE INTEGRATED CARE BOARD,A6U7U,OPTEGRA EYE HOSPITAL NOTTINGHAM,170,170,0,0,0,0,0,1
2026-05-01,QT1,NHS NOTTINGHAM AND NOTTINGHAMSHIRE INTEGRATED CARE BOARD,ACG30,NEWMEDICA - WORKSOP - DUKERIES,160,151,9,0,0,0,0,0.94375
2026-05-01,QT1,NHS NOTTINGHAM AND NOTTINGHAMSHIRE INTEGRATED CARE BOARD,B1A5K,NEWMEDICA - NOTTINGHAM,714,686,28,0,0,0,0,0.9607843137254902
2026-05-01,QT1,NHS NOTTINGHAM AND NOTTINGHAMSHIRE INTEGRATED CARE BOARD,G3O5P,SPAMEDICA NEWARK,570,540,30,9,0,0,0,0.9473684210526315
2026-05-01,QT1,NHS NOTTINGHAM AND NOTTINGHAMSHIRE INTEGRATED CARE BOARD,M6L9D,NEWMEDICA - NOTTINGHAM - KEYWORTH,29,29,0,0,0,0,0,1
2026-05-01,QT1,NHS NOTTINGHAM AND NOTTINGHAMSHIRE INTEGRATED CARE BOARD,NT30A,SPIRE NOTTINGHAM HOSPITAL,644,512,132,1,0,0,0,0.7950310559006211
2026-05-01,QT1,NHS NOTTINGHAM AND NOTTINGHAMSHIRE INTEGRATED CARE BOARD,NT427,PARK HOSPITAL,2182,1404,778,40,12,5,0,0.6434463794683777
2026-05-01,QT1,NHS NOTTINGHAM AND NOTTINGHAMSHIRE INTEGRATED CARE BOARD,NVC40,WOODTHORPE HOSPITAL,3642,2685,957,5,0,0,0,0.7372322899505767
2026-05-01,QT1,NHS NOTTINGHAM AND NOTTINGHAMSHIRE INTEGRATED CARE BOARD,RK5,SHERWOOD FOREST HOSPITALS NHS FOUNDATION TRUST,33007,21353,11654,347,0,0,0,0.6469233798891144
2026-05-01,QT1,NHS NOTTINGHAM AND NOTTINGHAMSHIRE INTEGRATED CARE BOARD,RX1,NOTTINGHAM UNIVERSITY HOSPITALS NHS TRUST,84603,54991,29612,1955,4,1,0,0.6499887710837677
2026-05-01,QT6,NHS CORNWALL AND THE ISLES OF SCILLY INTEGRATED CARE BOARD,E3D4A,SPAMEDICA TRURO,346,322,24,0,0,0,0,0.930635838150289
2026-05-01,QT6,NHS CORNWALL AND THE ISLES OF SCILLY INTEGRATED CARE BOARD,NAM01,PROBUS SURGICAL CENTRE,595,576,19,0,0,0,0,0.9680672268907563
2026-05-01,QT6,NHS CORNWALL AND THE ISLES OF SCILLY INTEGRATED CARE BOARD,NVC04,DUCHY HOSPITAL,1729,1105,624,10,0,0,0,0.6390977443609023
2026-05-01,QT6,NHS CORNWALL AND THE ISLES OF SCILLY INTEGRATED CARE BOARD,REF,ROYAL CORNWALL HOSPITALS NHS TRUST,42577,31489,11088,406,37,2,0,0.7395777062733401
2026-05-01,QT6,NHS CORNWALL AND THE ISLES OF SCILLY INTEGRATED CARE BOARD,RJ8,CORNWALL PARTNERSHIP NHS FOUNDATION TRUST,705,692,13,0,0,0,0,0.9815602836879432
2026-05-01,QUA,NHS BLACK COUNTRY INTEGRATED CARE BOARD,DXN,MODALITY LLP,2026,88,1938,27,0,0,0,0.04343534057255676
2026-05-01,QUA,NHS BLACK COUNTRY INTEGRATED CARE BOARD,NPG20,SPAMEDICA WOLVERHAMPTON,898,835,63,0,0,0,0,0.9298440979955457
2026-05-01,QUA,NHS BLACK COUNTRY INTEGRATED CARE BOARD,NT242,"NUFFIELD HEALTH, WOLVERHAMPTON HOSPITAL",489,418,71,0,0,0,0,0.8548057259713702
2026-05-01,QUA,NHS BLACK COUNTRY INTEGRATED CARE BOARD,NVC1H,STOURSIDE HOSPITAL,2978,2131,847,12,2,0,0,0.7155809267965078
2026-05-01,QUA,NHS BLACK COUNTRY INTEGRATED CARE BOARD,NVC21,WEST MIDLANDS HOSPITAL,574,398,176,7,0,0,0,0.6933797909407665
2026-05-01,QUA,NHS BLACK COUNTRY INTEGRATED CARE BOARD,RBK,WALSALL HEALTHCARE NHS TRUST,27784,20665,7119,4,0,0,0,0.7437733947595738
2026-05-01,QUA,NHS BLACK COUNTRY INTEGRATED CARE BOARD,RL4,THE ROYAL WOLVERHAMPTON NHS TRUST,73165,44205,28960,1809,0,0,0,0.6041823276156633
2026-05-01,QUA,NHS BLACK COUNTRY INTEGRATED CARE BOARD,RNA,THE DUDLEY GROUP NHS FOUNDATION TRUST,46254,30131,16123,11,0,0,0,0.6514247416439659
2026-05-01,QUA,NHS BLACK COUNTRY INTEGRATED CARE BOARD,RXK,SANDWELL AND WEST BIRMINGHAM HOSPITALS NHS TRUST,66145,40708,25437,369,4,0,0,0.615435785017764
2026-05-01,QUY,"NHS BRISTOL, NORTH SOMERSET AND SOUTH GLOUCESTERSHIRE INTEGRATED CARE BOARD",ACG20,NEWMEDICA - BRISTOL - LITFIELD HOUSE,357,303,54,1,0,0,0,0.8487394957983193
2026-05-01,QUY,"NHS BRISTOL, NORTH SOMERSET AND SOUTH GLOUCESTERSHIRE INTEGRATED CARE BOARD",ACG38,NEWMEDICA - LANGFORD,432,372,60,1,1,0,0,0.8611111111111112
2026-05-01,QUY,"NHS BRISTOL, NORTH SOMERSET AND SOUTH GLOUCESTERSHIRE INTEGRATED CARE BOARD",H4J9P,NEWMEDICA AZTEC WEST,757,573,184,0,0,0,0,0.7569352708058125
2026-05-01,QUY,"NHS BRISTOL, NORTH SOMERSET AND SOUTH GLOUCESTERSHIRE INTEGRATED CARE BOARD",NFH,SOMERSET SURGICAL SERVICES HQ,1577,1324,253,1,0,0,0,0.839568801521877
2026-05-01,QUY,"NHS BRISTOL, NORTH SOMERSET AND SOUTH GLOUCESTERSHIRE INTEGRATED CARE BOARD",NLX,SIRONA CARE & HEALTH,4533,4195,338,0,0,0,0,0.9254356938010148
2026-05-01,QUY,"NHS BRISTOL, NORTH SOMERSET AND SOUTH GLOUCESTERSHIRE INTEGRATED CARE BOARD",NT206,"NUFFIELD HEALTH, BRISTOL HOSPITAL (CHESTERFIELD)",621,369,252,0,0,0,0,0.5942028985507246
2026-05-01,QUY,"NHS BRISTOL, NORTH SOMERSET AND SOUTH GLOUCESTERSHIRE INTEGRATED CARE BOARD",NT302,SPIRE BRISTOL HOSPITAL,794,463,331,11,0,0,0,0.5831234256926953
2026-05-01,QUY,"NHS BRISTOL, NORTH SOMERSET AND SOUTH GLOUCESTERSHIRE INTEGRATED CARE BOARD",NTPH2,PRACTICE PLUS GROUP HOSPITAL - EMERSONS GREEN,5735,4428,1307,0,0,0,0,0.7721011333914559
2026-05-01,QUY,"NHS BRISTOL, NORTH SOMERSET AND SOUTH GLOUCESTERSHIRE INTEGRATED CARE BOARD",NWV01,COHESE HEALTHCARE,1016,1013,3,0,0,0,0,0.9970472440944882
2026-05-01,QUY,"NHS BRISTOL, NORTH SOMERSET AND SOUTH GLOUCESTERSHIRE INTEGRATED CARE BOARD",P1B7M,SPAMEDICA BRISTOL,304,292,12,0,0,0,0,0.9605263157894737
2026-05-01,QUY,"NHS BRISTOL, NORTH SOMERSET AND SOUTH GLOUCESTERSHIRE INTEGRATED CARE BOARD",RA7,UNIVERSITY HOSPITALS BRISTOL AND WESTON NHS FOUNDATION TRUST,50245,34435,15810,419,0,0,0,0.6853418250572196
2026-05-01,QUY,"NHS BRISTOL, NORTH SOMERSET AND SOUTH GLOUCESTERSHIRE INTEGRATED CARE BOARD",RVJ,NORTH BRISTOL NHS TRUST,41518,29568,11950,41,4,0,0,0.7121730333831109
2026-05-01,QUY,"NHS BRISTOL, NORTH SOMERSET AND SOUTH GLOUCESTERSHIRE INTEGRATED CARE BOARD",T1T4S,ACES BRISTOL,83,69,14,0,0,0,0,0.8313253012048193
2026-05-01,QVV,NHS DORSET INTEGRATED CARE BOARD,H4Y7F,SPAMEDICA DORCHESTER,616,579,37,0,0,0,0,0.939935064935065
2026-05-01,QVV,NHS DORSET INTEGRATED CARE BOARD,L6O7H,SPAMEDICA POOLE,1018,939,79,1,0,0,0,0.9223968565815324
2026-05-01,QVV,NHS DORSET INTEGRATED CARE BOARD,NT202,"NUFFIELD HEALTH, BOURNEMOUTH HOSPITAL",463,317,146,0,0,0,0,0.6846652267818575
2026-05-01,QVV,NHS DORSET INTEGRATED CARE BOARD,NT419,HARBOUR HOSPITAL,167,111,56,0,0,0,0,0.6646706586826348
2026-05-01,QVV,NHS DORSET INTEGRATED CARE BOARD,NT443,WINTERBOURNE HOSPITAL,422,287,135,0,0,0,0,0.6800947867298578
2026-05-01,QVV,NHS DORSET INTEGRATED CARE BOARD,R0D,UNIVERSITY HOSPITALS DORSET NHS FOUNDATION TRUST,67497,45151,22346,672,0,0,0,0.6689334340785517
2026-05-01,QVV,NHS DORSET INTEGRATED CARE BOARD,RBD,DORSET COUNTY HOSPITAL NHS FOUNDATION TRUST,22351,13635,8716,356,0,0,0,0.610039819247461
2026-05-01,QWE,NHS SOUTH WEST LONDON INTEGRATED CARE BOARD,N1N0Y,SPAMEDICA CROYDON,197,181,16,0,0,0,0,0.9187817258883249
2026-05-01,QWE,NHS SOUTH WEST LONDON INTEGRATED CARE BOARD,NLG,COMMUNITAS CLINICS,4299,3173,1126,21,1,0,0,0.7380786229355664
2026-05-01,QWE,NHS SOUTH WEST LONDON INTEGRATED CARE BOARD,NT3X3,SPIRE ST ANTHONY'S HOSPITAL,1052,969,83,5,0,0,0,0.9211026615969582
2026-05-01,QWE,NHS SOUTH WEST LONDON INTEGRATED CARE BOARD,NT436,SHIRLEY OAKS HOSPITAL,1032,750,282,6,0,0,0,0.7267441860465116
2026-05-01,QWE,NHS SOUTH WEST LONDON INTEGRATED CARE BOARD,R0F4N,NUFFIELD HEALTH PARKSIDE HOSPITAL,795,532,263,94,77,75,51,0.6691823899371069
2026-05-01,QWE,NHS SOUTH WEST LONDON INTEGRATED CARE BOARD,RAX,KINGSTON AND RICHMOND NHS FOUNDATION TRUST,40333,26918,13415,199,3,1,1,0.6673939454045075
2026-05-01,QWE,NHS SOUTH WEST LONDON INTEGRATED CARE BOARD,RJ6,CROYDON HEALTH SERVICES NHS TRUST,35654,25367,10287,624,45,4,0,0.7114769731306445
2026-05-01,QWE,NHS SOUTH WEST LONDON INTEGRATED CARE BOARD,RJ7,ST GEORGE'S UNIVERSITY HOSPITALS NHS FOUNDATION TRUST,69355,43740,25615,579,21,0,0,0.6306683007713936
2026-05-01,QWE,NHS SOUTH WEST LONDON INTEGRATED CARE BOARD,RVR,EPSOM AND ST HELIER UNIVERSITY HOSPITALS NHS TRUST,57374,38303,19071,496,33,6,1,0.6676020497089273
2026-05-01,QWO,NHS WEST YORKSHIRE INTEGRATED CARE BOARD,ACG19,NEWMEDICA COMMUNITY OPHTHALMOLOGY - LEEDS,687,630,57,0,0,0,0,0.9170305676855895
2026-05-01,QWO,NHS WEST YORKSHIRE INTEGRATED CARE BOARD,ACG40,NEWMEDICA - WAKEFIELD,593,524,69,0,0,0,0,0.8836424957841484
2026-05-01,QWO,NHS WEST YORKSHIRE INTEGRATED CARE BOARD,AJ8,THE GRANGE MEDICAL CENTRE HQ,154,154,0,0,0,0,0,1
2026-05-01,QWO,NHS WEST YORKSHIRE INTEGRATED CARE BOARD,C9A7J,NEWMEDICA - BRADFORD & HUDDERSFIELD,850,793,57,0,0,0,0,0.9329411764705883
2026-05-01,QWO,NHS WEST YORKSHIRE INTEGRATED CARE BOARD,E6F9I,ACES BRADFORD,3,3,0,0,0,0,0,1
2026-05-01,QWO,NHS WEST YORKSHIRE INTEGRATED CARE BOARD,I2C7H,SPAMEDICA BRADFORD,319,305,14,0,0,0,0,0.9561128526645768
2026-05-01,QWO,NHS WEST YORKSHIRE INTEGRATED CARE BOARD,NEQ,PHOENIX HEALTH SOLUTIONS LIMITED HQ,568,524,44,0,0,0,0,0.9225352112676056
2026-05-01,QWO,NHS WEST YORKSHIRE INTEGRATED CARE BOARD,NID,THE LIVING CARE GROUP,565,565,0,0,0,0,0,1
2026-05-01,QWO,NHS WEST YORKSHIRE INTEGRATED CARE BOARD,NL8,LOCALA COMMUNITY PARTNERSHIPS CIC,1294,1086,208,0,0,0,0,0.839258114374034
2026-05-01,QWO,NHS WEST YORKSHIRE INTEGRATED CARE BOARD,NNH02,OPTEGRA YORKSHIRE EYE HOSPITAL,807,671,136,0,0,0,0,0.8314745972738538
2026-05-01,QWO,NHS WEST YORKSHIRE INTEGRATED CARE BOARD,NPG07,SPAMEDICA EYE HOSPITAL (WAKEFIELD),781,740,41,0,0,0,0,0.9475032010243278
2026-05-01,QWO,NHS WEST YORKSHIRE INTEGRATED CARE BOARD,NQH,NOVUS HEALTH LTD,853,833,20,0,0,0,0,0.9765533411488863
2026-05-01,QWO,NHS WEST YORKSHIRE INTEGRATED CARE BOARD,NT332,SPIRE LEEDS HOSPITAL,867,696,171,0,0,0,0,0.8027681660899654
2026-05-01,QWO,NHS WEST YORKSHIRE INTEGRATED CARE BOARD,NT348,SPIRE ELLAND HOSPITAL,1382,1018,364,4,1,0,0,0.7366136034732272
2026-05-01,QWO,NHS WEST YORKSHIRE INTEGRATED CARE BOARD,NT350,SPIRE METHLEY PARK HOSPITAL,906,725,181,2,2,0,0,0.8002207505518764
2026-05-01,QWO,NHS WEST YORKSHIRE INTEGRATED CARE BOARD,NT448,HUDDERSFIELD PRIVATE HOSPITAL,1146,1029,117,4,1,0,0,0.8979057591623036
2026-05-01,QWO,NHS WEST YORKSHIRE INTEGRATED CARE BOARD,NVC20,THE YORKSHIRE CLINIC,7428,5534,1894,34,1,0,0,0.7450188476036618
2026-05-01,QWO,NHS WEST YORKSHIRE INTEGRATED CARE BOARD,P0C3F,SPAMEDICA LEEDS,382,353,29,0,0,0,0,0.9240837696335078
2026-05-01,QWO,NHS WEST YORKSHIRE INTEGRATED CARE BOARD,P1G3N,ACES LEEDS WHITE ROSE,12,11,1,0,0,0,0,0.9166666666666666
2026-05-01,QWO,NHS WEST YORKSHIRE INTEGRATED CARE BOARD,RAE,BRADFORD TEACHING HOSPITALS NHS FOUNDATION TRUST,31525,21653,9872,65,0,0,0,0.6868517049960349
2026-05-01,QWO,NHS WEST YORKSHIRE INTEGRATED CARE BOARD,RCF,AIREDALE NHS FOUNDATION TRUST,14234,10167,4067,49,0,0,0,0.7142756779541942
2026-05-01,QWO,NHS WEST YORKSHIRE INTEGRATED CARE BOARD,RR8,LEEDS TEACHING HOSPITALS NHS TRUST,87202,59588,27614,1459,234,24,5,0.6833329510791037
2026-05-01,QWO,NHS WEST YORKSHIRE INTEGRATED CARE BOARD,RWY,CALDERDALE AND HUDDERSFIELD NHS FOUNDATION TRUST,36074,26854,9220,4,0,0,0,0.744414259577535
2026-05-01,QWO,NHS WEST YORKSHIRE INTEGRATED CARE BOARD,RXF,MID YORKSHIRE TEACHING NHS TRUST,55592,36774,18818,327,3,0,0,0.661498057274428
2026-05-01,QWO,NHS WEST YORKSHIRE INTEGRATED CARE BOARD,RXG,SOUTH WEST YORKSHIRE PARTNERSHIP NHS FOUNDATION TRUST,4465,4354,111,0,0,0,0,0.9751399776035834
2026-05-01,QWO,NHS WEST YORKSHIRE INTEGRATED CARE BOARD,TAD,BRADFORD DISTRICT CARE NHS FOUNDATION TRUST,571,298,273,25,0,0,0,0.521891418563923
2026-05-01,QWO,NHS WEST YORKSHIRE INTEGRATED CARE BOARD,X0R3Y,ACES LEEDS KING STREET,23,20,3,1,0,0,0,0.8695652173913043
2026-05-01,QWU,NHS COVENTRY AND WARWICKSHIRE INTEGRATED CARE BOARD,ACG08,NEWMEDICA OPHTHALMOLOGY - NUNEATON - CAMP HILL - GP LED HEALTH CENTRE,9,9,0,0,0,0,0,1
2026-05-01,QWU,NHS COVENTRY AND WARWICKSHIRE INTEGRATED CARE BOARD,NPG21,SPAMEDICA COVENTRY,815,757,58,0,0,0,0,0.9288343558282208
2026-05-01,QWU,NHS COVENTRY AND WARWICKSHIRE INTEGRATED CARE BOARD,NT224,"NUFFIELD HEALTH, WARWICKSHIRE HOSPITAL",427,319,108,12,4,0,0,0.747072599531616
2026-05-01,QWU,NHS COVENTRY AND WARWICKSHIRE INTEGRATED CARE BOARD,NT424,MERIDEN HOSPITAL,1803,1528,275,0,0,0,0,0.8474764281752635
2026-05-01,QWU,NHS COVENTRY AND WARWICKSHIRE INTEGRATED CARE BOARD,RJC,SOUTH WARWICKSHIRE UNIVERSITY NHS FOUNDATION TRUST,31023,21394,9629,229,0,0,0,0.6896173806530639
2026-05-01,QWU,NHS COVENTRY AND WARWICKSHIRE INTEGRATED CARE BOARD,RKB,UNIVERSITY HOSPITALS COVENTRY AND WARWICKSHIRE NHS TRUST,73771,42777,30994,2219,43,0,0,0.5798620053950739
2026-05-01,QWU,NHS COVENTRY AND WARWICKSHIRE INTEGRATED CARE BOARD,RLT,GEORGE ELIOT HOSPITAL NHS TRUST,19240,12328,6912,119,0,0,0,0.6407484407484407
2026-05-01,QYG,NHS CHESHIRE AND MERSEYSIDE INTEGRATED CARE BOARD,ACM,EYE CARE MEDICAL LTD,3,3,0,0,0,0,0,1
2026-05-01,QYG,NHS CHESHIRE AND MERSEYSIDE INTEGRATED CARE BOARD,AQK,VERNOVA HEALTHCARE COMMUNITY INTEREST COMPANY,296,241,55,2,1,0,0,0.8141891891891891
2026-05-01,QYG,NHS CHESHIRE AND MERSEYSIDE INTEGRATED CARE BOARD,D2L5T,ACES LIVERPOOL,40,35,5,1,0,0,0,0.875
2026-05-01,QYG,NHS CHESHIRE AND MERSEYSIDE INTEGRATED CARE BOARD,DTT,PHOENIX PUBLIC HEALTH LTD,179,152,27,1,0,0,0,0.8491620111731844
2026-05-01,QYG,NHS CHESHIRE AND MERSEYSIDE INTEGRATED CARE BOARD,F1Y1H,NEWMEDICA - CHESHIRE OAKS,451,345,106,1,1,0,0,0.7649667405764967
2026-05-01,QYG,NHS CHESHIRE AND MERSEYSIDE INTEGRATED CARE BOARD,NCR,ISIGHT,1335,1179,156,1,0,0,0,0.8831460674157303
2026-05-01,QYG,NHS CHESHIRE AND MERSEYSIDE INTEGRATED CARE BOARD,NPG02,SPAMEDICA WIRRAL,482,462,20,0,0,0,0,0.9585062240663901
2026-05-01,QYG,NHS CHESHIRE AND MERSEYSIDE INTEGRATED CARE BOARD,NPG06,SPAMEDICA LIVERPOOL,470,444,26,0,0,0,0,0.9446808510638298
2026-05-01,QYG,NHS CHESHIRE AND MERSEYSIDE INTEGRATED CARE BOARD,NPG14,SPAMEDICA WIDNES,326,309,17,0,0,0,0,0.9478527607361963
2026-05-01,QYG,NHS CHESHIRE AND MERSEYSIDE INTEGRATED CARE BOARD,NT210,"NUFFIELD HEALTH, THE GROSVENOR HOSPITAL, CHESTER",479,332,147,1,0,0,0,0.6931106471816284
2026-05-01,QYG,NHS CHESHIRE AND MERSEYSIDE INTEGRATED CARE BOARD,NT324,SPIRE CHESHIRE HOSPITAL,1179,939,240,0,0,0,0,0.7964376590330788
2026-05-01,QYG,NHS CHESHIRE AND MERSEYSIDE INTEGRATED CARE BOARD,NT325,SPIRE MURRAYFIELD HOSPITAL,870,671,199,2,1,0,0,0.771264367816092
2026-05-01,QYG,NHS CHESHIRE AND MERSEYSIDE INTEGRATED CARE BOARD,NT337,SPIRE LIVERPOOL HOSPITAL,2379,1901,478,13,0,0,0,0.7990752416981926
2026-05-01,QYG,NHS CHESHIRE AND MERSEYSIDE INTEGRATED CARE BOARD,NT339,SPIRE REGENCY HOSPITAL,2181,2049,132,0,0,0,0,0.9394773039889959
2026-05-01,QYG,NHS CHESHIRE AND MERSEYSIDE INTEGRATED CARE BOARD,R6X7C,SPAMEDICA MACCLESFIELD COMMUNITY DIAGNOSTIC & TREATMENT CENTRE,83,82,1,0,0,0,0,0.9879518072289156
2026-05-01,QYG,NHS CHESHIRE AND MERSEYSIDE INTEGRATED CARE BOARD,RBL,WIRRAL UNIVERSITY TEACHING HOSPITAL NHS FOUNDATION TRUST,45415,29809,15606,307,0,0,0,0.6563690410657271
2026-05-01,QYG,NHS CHESHIRE AND MERSEYSIDE INTEGRATED CARE BOARD,RBN,MERSEY AND WEST LANCASHIRE TEACHING HOSPITALS NHS TRUST,80984,54278,26706,1407,14,3,1,0.670231156771708
2026-05-01,QYG,NHS CHESHIRE AND MERSEYSIDE INTEGRATED CARE BOARD,RBQ,LIVERPOOL HEART AND CHEST HOSPITAL NHS FOUNDATION TRUST,5796,4522,1274,26,1,0,0,0.7801932367149759
2026-05-01,QYG,NHS CHESHIRE AND MERSEYSIDE INTEGRATED CARE BOARD,RBS,ALDER HEY CHILDREN'S NHS FOUNDATION TRUST,16962,11814,5148,211,7,0,0,0.6964980544747081
2026-05-01,QYG,NHS CHESHIRE AND MERSEYSIDE INTEGRATED CARE BOARD,RBT,MID CHESHIRE HOSPITALS NHS FOUNDATION TRUST,29111,19430,9681,346,3,0,0,0.6674452955927312
2026-05-01,QYG,NHS CHESHIRE AND MERSEYSIDE INTEGRATED CARE BOARD,REM,LIVERPOOL UNIVERSITY HOSPITALS NHS FOUNDATION TRUST,61413,37202,24211,707,0,0,0,0.6057675085079707
2026-05-01,QYG,NHS CHESHIRE AND MERSEYSIDE INTEGRATED CARE BOARD,REN,THE CLATTERBRIDGE CANCER CENTRE NHS FOUNDATION TRUST,629,617,12,0,0,0,0,0.9809220985691574
2026-05-01,QYG,NHS CHESHIRE AND MERSEYSIDE INTEGRATED CARE BOARD,REP,LIVERPOOL WOMEN'S NHS FOUNDATION TRUST,11610,7313,4297,256,8,1,0,0.6298880275624462
2026-05-01,QYG,NHS CHESHIRE AND MERSEYSIDE INTEGRATED CARE BOARD,RET,THE WALTON CENTRE NHS FOUNDATION TRUST,15364,10084,5280,253,7,2,0,0.6563394949231971
2026-05-01,QYG,NHS CHESHIRE AND MERSEYSIDE INTEGRATED CARE BOARD,RJN,EAST CHESHIRE NHS TRUST,17033,10146,6887,415,15,2,2,0.5956672341924499
2026-05-01,QYG,NHS CHESHIRE AND MERSEYSIDE INTEGRATED CARE BOARD,RJR,COUNTESS OF CHESTER HOSPITAL NHS FOUNDATION TRUST,32255,21468,10787,219,2,0,0,0.6655712292667804
2026-05-01,QYG,NHS CHESHIRE AND MERSEYSIDE INTEGRATED CARE BOARD,RWW,NORTH CHESHIRE AND MERSEY NHS FOUNDATION TRUST,33932,22099,11833,310,3,0,0,0.6512731345043027
2026-05-01,QYG,NHS CHESHIRE AND MERSEYSIDE INTEGRATED CARE BOARD,V4U1Y,SPAMEDICA CHESTER,218,199,19,1,0,0,0,0.9128440366972477
2026-05-01,QYG,NHS CHESHIRE AND MERSEYSIDE INTEGRATED CARE BOARD,X7Y2H,ACES WILMSLOW,6,5,1,1,0,0,0,0.8333333333333334
2026-05-01,QYG,NHS CHESHIRE AND MERSEYSIDE INTEGRATED CARE BOARD,Y9S1N,FAIRFIELD INDEPENDENT HOSPITAL,1600,1021,579,42,0,0,0,0.638125
2026-05-01,QYG,NHS CHESHIRE AND MERSEYSIDE INTEGRATED CARE BOARD,Z5J5V,SPAMEDICA HAYDOCK,353,332,21,2,0,0,0,0.9405099150141643
2026-05-01,S0E4D,NHS THAMES VALLEY INTEGRATED CARE BOARD,C5Y9L,NEWMEDICA - BERKSHIRE - BRACKNELL,141,116,25,0,0,0,0,0.8226950354609929
2026-05-01,S0E4D,NHS THAMES VALLEY INTEGRATED CARE BOARD,DJH01,THE ROYAL BUCKINGHAMSHIRE HOSPITAL LTD,31,27,4,0,0,0,0,0.8709677419354839
2026-05-01,S0E4D,NHS THAMES VALLEY INTEGRATED CARE BOARD,F9Z4V,CIRCLE READING HOSPITAL,1726,1331,395,7,1,1,0,0.7711471610660486
2026-05-01,S0E4D,NHS THAMES VALLEY INTEGRATED CARE BOARD,J3J8Z,NEWMEDICA - OXFORDSHIRE,1035,944,91,1,0,0,0,0.9120772946859903
2026-05-01,S0E4D,NHS THAMES VALLEY INTEGRATED CARE BOARD,N8R1N,NEWMEDICA - BERKSHIRE,1406,938,468,10,2,0,0,0.6671408250355618
2026-05-01,S0E4D,NHS THAMES VALLEY INTEGRATED CARE BOARD,NT244,NUFFIELD HOSPITAL OXFORD (THE MANOR),106,89,17,0,0,0,0,0.839622641509434
2026-05-01,S0E4D,NHS THAMES VALLEY INTEGRATED CARE BOARD,NT343,SPIRE THAMES VALLEY HOSPITAL,458,188,270,12,1,0,0,0.4104803493449782
2026-05-01,S0E4D,NHS THAMES VALLEY INTEGRATED CARE BOARD,NT344,SPIRE DUNEDIN HOSPITAL,293,229,64,2,0,0,0,0.7815699658703071
2026-05-01,S0E4D,NHS THAMES VALLEY INTEGRATED CARE BOARD,NT410,CHILTERN HOSPITAL,402,337,65,0,0,0,0,0.8383084577114428
2026-05-01,S0E4D,NHS THAMES VALLEY INTEGRATED CARE BOARD,NT428,PRINCESS MARGARET HOSPITAL,49,42,7,0,0,0,0,0.8571428571428571
2026-05-01,S0E4D,NHS THAMES VALLEY INTEGRATED CARE BOARD,NT435,SHELBURNE HOSPITAL,136,97,39,0,0,0,0,0.7132352941176471
2026-05-01,S0E4D,NHS THAMES VALLEY INTEGRATED CARE BOARD,NV1,INHEALTH LIMITED,935,783,152,0,0,0,0,0.8374331550802139
2026-05-01,S0E4D,NHS THAMES VALLEY INTEGRATED CARE BOARD,NVC02,THE BERKSHIRE INDEPENDENT HOSPITAL,1206,919,287,10,0,0,0,0.7620232172470979
2026-05-01,S0E4D,NHS THAMES VALLEY INTEGRATED CARE BOARD,NVC25,THE CHERWELL HOSPITAL,2092,1431,661,4,4,1,1,0.6840344168260039
2026-05-01,S0E4D,NHS THAMES VALLEY INTEGRATED CARE BOARD,O5Y9D,SPAMEDICA OXFORD,201,179,22,0,0,0,0,0.8905472636815921
2026-05-01,S0E4D,NHS THAMES VALLEY INTEGRATED CARE BOARD,RHW,ROYAL BERKSHIRE NHS FOUNDATION TRUST,36116,30008,6108,39,7,0,0,0.8308782810942519
2026-05-01,S0E4D,NHS THAMES VALLEY INTEGRATED CARE BOARD,RTH,OXFORD UNIVERSITY HOSPITALS NHS FOUNDATION TRUST,91148,56900,34248,1692,54,1,0,0.6242594461754509
2026-05-01,S0E4D,NHS THAMES VALLEY INTEGRATED CARE BOARD,RWX,BERKSHIRE HEALTHCARE NHS FOUNDATION TRUST,115,115,0,0,0,0,0,1
2026-05-01,S0E4D,NHS THAMES VALLEY INTEGRATED CARE BOARD,RXQ,BUCKINGHAMSHIRE HEALTHCARE NHS TRUST,46681,28993,17688,64,0,0,0,0.621087808744457
2026-05-01,S0E4D,NHS THAMES VALLEY INTEGRATED CARE BOARD,T8R5I,SPAMEDICA WOKINGHAM,242,218,24,1,0,0,0,0.9008264462809917
2026-05-01,S1Y5D,NHS CENTRAL EAST INTEGRATED CARE BOARD,A9T5Y,RSA (ATHENA SURGICAL CENTRE),5,5,0,0,0,0,0,1
2026-05-01,S1Y5D,NHS CENTRAL EAST INTEGRATED CARE BOARD,AVQ03,ONE HATFIELD HOSPITAL,481,269,212,17,0,0,0,0.5592515592515592
2026-05-01,S1Y5D,NHS CENTRAL EAST INTEGRATED CARE BOARD,AWR,ONE STOP DOCTORS LIMITED,687,516,171,3,0,0,0,0.7510917030567685
2026-05-01,S1Y5D,NHS CENTRAL EAST INTEGRATED CARE BOARD,B9J4U,SPAMEDICA PETERBOROUGH,439,398,41,0,0,0,0,0.9066059225512528
2026-05-01,S1Y5D,NHS CENTRAL EAST INTEGRATED CARE BOARD,F7F6D,NEWMEDICA - HERTFORSHIRE - WELWYN GARDEN CITY,1056,889,167,1,0,0,0,0.8418560606060606
2026-05-01,S1Y5D,NHS CENTRAL EAST INTEGRATED CARE BOARD,H7X1I,ANGLIA COMMUNITY EYE SERVICE - CAMBRIDGE,269,244,25,1,1,1,0,0.9070631970260223
2026-05-01,S1Y5D,NHS CENTRAL EAST INTEGRATED CARE BOARD,K3V9U,SPAMEDICA STEVENAGE COMMUNITY DIAGNOSTIC & TREATMENT CENTRE,4,3,1,0,0,0,0,0.75
2026-05-01,S1Y5D,NHS CENTRAL EAST INTEGRATED CARE BOARD,K9J3O,SPAMEDICA LUTON,263,231,32,0,0,0,0,0.8783269961977186
2026-05-01,S1Y5D,NHS CENTRAL EAST INTEGRATED CARE BOARD,NPG19,SPAMEDICA BEDFORD,368,348,20,0,0,0,0,0.9456521739130435
2026-05-01,S1Y5D,NHS CENTRAL EAST INTEGRATED CARE BOARD,NQM01,ORTHOPAEDICS & SPINE SPECIALIST HOSPITAL SITE,153,127,26,0,0,0,0,0.8300653594771242
2026-05-01,S1Y5D,NHS CENTRAL EAST INTEGRATED CARE BOARD,NT209,"NUFFIELD HEALTH, CAMBRIDGE HOSPITAL",206,122,84,1,0,0,0,0.5922330097087378
2026-05-01,S1Y5D,NHS CENTRAL EAST INTEGRATED CARE BOARD,NT315,SPIRE BUSHEY HOSPITAL,1122,1051,71,0,0,0,0,0.9367201426024956
2026-05-01,S1Y5D,NHS CENTRAL EAST INTEGRATED CARE BOARD,NT316,SPIRE HARPENDEN HOSPITAL,761,642,119,0,0,0,0,0.8436268068331143
2026-05-01,S1Y5D,NHS CENTRAL EAST INTEGRATED CARE BOARD,NT317,SPIRE CAMBRIDGE LEA HOSPITAL,382,270,112,2,2,0,0,0.7068062827225131
2026-05-01,S1Y5D,NHS CENTRAL EAST INTEGRATED CARE BOARD,NT423,MANOR HOSPITAL,700,343,357,13,1,0,0,0.49
2026-05-01,S1Y5D,NHS CENTRAL EAST INTEGRATED CARE BOARD,NT434,SAXON CLINIC,803,369,434,13,1,0,0,0.45952677459526775
2026-05-01,S1Y5D,NHS CENTRAL EAST INTEGRATED CARE BOARD,NVC06,FITZWILLIAM HOSPITAL,6539,3377,3162,90,0,0,0,0.5164398226028445
2026-05-01,S1Y5D,NHS CENTRAL EAST INTEGRATED CARE BOARD,NVC15,PINEHILL HOSPITAL,1842,1146,696,42,0,0,0,0.6221498371335505
2026-05-01,S1Y5D,NHS CENTRAL EAST INTEGRATED CARE BOARD,NVC19,RIVERS HOSPITAL,4279,2945,1334,30,0,0,0,0.6882449170366908
2026-05-01,S1Y5D,NHS CENTRAL EAST INTEGRATED CARE BOARD,NVC31,BLAKELANDS HOSPITAL,2178,1547,631,7,1,0,0,0.7102846648301194
2026-05-01,S1Y5D,NHS CENTRAL EAST INTEGRATED CARE BOARD,NX501,ANGLIA COMMUNITY EYE SERVICE LTD,783,720,63,5,0,0,0,0.9195402298850575
2026-05-01,S1Y5D,NHS CENTRAL EAST INTEGRATED CARE BOARD,O6X7Z,SPAMEDICA CAMBRIDGE,488,434,54,0,0,0,0,0.889344262295082
2026-05-01,S1Y5D,NHS CENTRAL EAST INTEGRATED CARE BOARD,O9Q4E,ANGLIA COMMUNITY EYE SERVICE - PETERBOROUGH,347,291,56,4,1,1,0,0.8386167146974063
2026-05-01,S1Y5D,NHS CENTRAL EAST INTEGRATED CARE BOARD,Q1W6P,SPAMEDICA WATFORD,536,508,28,0,0,0,0,0.9477611940298507
2026-05-01,S1Y5D,NHS CENTRAL EAST INTEGRATED CARE BOARD,RC9,BEDFORDSHIRE HOSPITALS NHS FOUNDATION TRUST,81846,49441,32405,596,20,0,0,0.6040735038975638
2026-05-01,S1Y5D,NHS CENTRAL EAST INTEGRATED CARE BOARD,RD8,MILTON KEYNES UNIVERSITY HOSPITAL NHS FOUNDATION TRUST,36450,21971,14479,1105,47,8,4,0.6027709190672154
2026-05-01,S1Y5D,NHS CENTRAL EAST INTEGRATED CARE BOARD,RGM,ROYAL PAPWORTH HOSPITAL NHS FOUNDATION TRUST,5403,4339,1064,29,5,1,0,0.8030723672034055
2026-05-01,S1Y5D,NHS CENTRAL EAST INTEGRATED CARE BOARD,RGN,NORTH WEST ANGLIA NHS FOUNDATION TRUST,78222,47372,30850,372,0,0,0,0.6056096750274859
2026-05-01,S1Y5D,NHS CENTRAL EAST INTEGRATED CARE BOARD,RGT,CAMBRIDGE UNIVERSITY HOSPITALS NHS FOUNDATION TRUST,59827,38633,21194,964,43,3,2,0.6457452320858476
2026-05-01,S1Y5D,NHS CENTRAL EAST INTEGRATED CARE BOARD,RT1,CAMBRIDGESHIRE AND PETERBOROUGH NHS FOUNDATION TRUST,85,22,63,4,0,0,0,0.25882352941176473
2026-05-01,S1Y5D,NHS CENTRAL EAST INTEGRATED CARE BOARD,RWG,WEST HERTFORDSHIRE TEACHING HOSPITALS NHS TRUST,45479,31638,13841,471,0,0,0,0.695661733987115
2026-05-01,S1Y5D,NHS CENTRAL EAST INTEGRATED CARE BOARD,RWH,EAST AND NORTH HERTFORDSHIRE TEACHING NHS TRUST,54018,35696,18322,418,10,0,0,0.6608167647821097
2026-05-01,S1Y5D,NHS CENTRAL EAST INTEGRATED CARE BOARD,S3H9L,THE HAMPTONS HOSPITAL LTD,744,439,305,32,8,1,0,0.5900537634408602
2026-05-01,S1Y5D,NHS CENTRAL EAST INTEGRATED CARE BOARD,U1P4Z,ACES MILTON KEYNES,144,124,20,0,0,0,0,0.8611111111111112
2026-05-01,S9B9J,NHS SURREY AND SUSSEX INTEGRATED CARE BOARD,D5P5H,SPAMEDICA BEXHILL,263,245,18,0,0,0,0,0.9315589353612167
2026-05-01,S9B9J,NHS SURREY AND SUSSEX INTEGRATED CARE BOARD,D9E5L,OPTEGRA EYE HOSPITAL BRIGHTON,737,736,1,0,0,0,0,0.9986431478968792
2026-05-01,S9B9J,NHS SURREY AND SUSSEX INTEGRATED CARE BOARD,F4B0R,SPAMEDICA GUILDFORD,37,34,3,0,0,0,0,0.918918918918919
2026-05-01,S9B9J,NHS SURREY AND SUSSEX INTEGRATED CARE BOARD,I9A4A,SPAMEDICA BRIGHTON,254,226,28,0,0,0,0,0.889763779527559
2026-05-01,S9B9J,NHS SURREY AND SUSSEX INTEGRATED CARE BOARD,M7C9Q,SPAMEDICA EPSOM,421,397,24,0,0,0,0,0.9429928741092637
2026-05-01,S9B9J,NHS SURREY AND SUSSEX INTEGRATED CARE BOARD,NDJ,FIRST COMMUNITY HEALTH AND CARE CIC,883,798,85,0,0,0,0,0.9037372593431483
2026-05-01,S9B9J,NHS SURREY AND SUSSEX INTEGRATED CARE BOARD,NNE,DORKING HEALTHCARE LIMITED (DHC),6230,4859,1371,0,0,0,0,0.7799357945425361
2026-05-01,S9B9J,NHS SURREY AND SUSSEX INTEGRATED CARE BOARD,NNH03,OPTEGRA (SURREY EYE HOSPITAL),946,946,0,0,0,0,0,1
2026-05-01,S9B9J,NHS SURREY AND SUSSEX INTEGRATED CARE BOARD,NT205,"NUFFIELD HEALTH, BRIGHTON HOSPITAL",759,339,420,102,47,20,1,0.44664031620553357
2026-05-01,S9B9J,NHS SURREY AND SUSSEX INTEGRATED CARE BOARD,NT212,"NUFFIELD HEALTH, CHICHESTER HOSPITAL",461,356,105,0,0,0,0,0.7722342733188721
2026-05-01,S9B9J,NHS SURREY AND SUSSEX INTEGRATED CARE BOARD,NT216,"NUFFIELD HEALTH, GUILDFORD HOSPITAL",80,46,34,0,0,0,0,0.575
2026-05-01,S9B9J,NHS SURREY AND SUSSEX INTEGRATED CARE BOARD,NT218,"NUFFIELD HEALTH, HAYWARDS HEATH HOSPITAL",476,253,223,11,3,0,0,0.5315126050420168
2026-05-01,S9B9J,NHS SURREY AND SUSSEX INTEGRATED CARE BOARD,NT241,"NUFFIELD HEALTH, WOKING HOSPITAL",377,335,42,3,3,2,0,0.8885941644562334
2026-05-01,S9B9J,NHS SURREY AND SUSSEX INTEGRATED CARE BOARD,NT308,SPIRE GATWICK PARK HOSPITAL,1411,1109,302,24,4,3,0,0.7859673990077959
2026-05-01,S9B9J,NHS SURREY AND SUSSEX INTEGRATED CARE BOARD,NT364,SPIRE MONTEFIORE HOSPITAL,626,363,263,9,1,0,0,0.5798722044728435
2026-05-01,S9B9J,NHS SURREY AND SUSSEX INTEGRATED CARE BOARD,NT417,GORING HALL HOSPITAL,817,487,330,0,0,0,0,0.5960832313341493
2026-05-01,S9B9J,NHS SURREY AND SUSSEX INTEGRATED CARE BOARD,NT431,RUNNYMEDE HOSPITAL,236,187,49,1,1,0,0,0.7923728813559322
2026-05-01,S9B9J,NHS SURREY AND SUSSEX INTEGRATED CARE BOARD,NT455,MOUNT ALVERNIA HOSPITAL,251,172,79,4,1,0,0,0.6852589641434262
2026-05-01,S9B9J,NHS SURREY AND SUSSEX INTEGRATED CARE BOARD,NVC01,ASHTEAD HOSPITAL,1070,822,248,5,0,0,0,0.7682242990654206
2026-05-01,S9B9J,NHS SURREY AND SUSSEX INTEGRATED CARE BOARD,NVC11,NORTH DOWNS HOSPITAL,1497,1041,456,9,0,0,0,0.6953907815631263
2026-05-01,S9B9J,NHS SURREY AND SUSSEX INTEGRATED CARE BOARD,NVM,EPSOMEDICAL GROUP,3024,2519,505,41,14,5,2,0.8330026455026455
2026-05-01,S9B9J,NHS SURREY AND SUSSEX INTEGRATED CARE BOARD,NXM01,THE HORDER CENTRE - ST JOHNS ROAD,1297,699,598,5,2,1,1,0.5389360061680802
2026-05-01,S9B9J,NHS SURREY AND SUSSEX INTEGRATED CARE BOARD,NYG,SUSSEX COMMUNITY DERMATOLOGY SERVICE,13952,11457,2495,32,0,0,0,0.8211725917431193
2026-05-01,S9B9J,NHS SURREY AND SUSSEX INTEGRATED CARE BOARD,RA2,ROYAL SURREY NHS FOUNDATION TRUST,31101,19812,11289,433,13,3,1,0.6370213176425196
2026-05-01,S9B9J,NHS SURREY AND SUSSEX INTEGRATED CARE BOARD,RDR,SUSSEX COMMUNITY NHS FOUNDATION TRUST,12717,6765,5952,202,12,1,1,0.5319650861052135
2026-05-01,S9B9J,NHS SURREY AND SUSSEX INTEGRATED CARE BOARD,RDU,FRIMLEY HEALTH NHS FOUNDATION TRUST,66704,41418,25286,801,11,0,0,0.6209222835212281
2026-05-01,S9B9J,NHS SURREY AND SUSSEX INTEGRATED CARE BOARD,RPC,QUEEN VICTORIA HOSPITAL NHS FOUNDATION TRUST,21770,13554,8216,254,42,13,1,0.6225999081304547
2026-05-01,S9B9J,NHS SURREY AND SUSSEX INTEGRATED CARE BOARD,RTK,ASHFORD AND ST PETER'S HOSPITALS NHS FOUNDATION TRUST,52856,33141,19715,740,76,23,6,0.6270054487664598
2026-05-01,S9B9J,NHS SURREY AND SUSSEX INTEGRATED CARE BOARD,RTP,SURREY AND SUSSEX HEALTHCARE NHS TRUST,48877,32291,16586,836,74,6,1,0.6606583873805676
2026-05-01,S9B9J,NHS SURREY AND SUSSEX INTEGRATED CARE BOARD,RXC,EAST SUSSEX HEALTHCARE NHS TRUST,57746,39200,18546,425,2,0,0,0.6788348976552488
2026-05-01,S9B9J,NHS SURREY AND SUSSEX INTEGRATED CARE BOARD,RYR,UNIVERSITY HOSPITALS SUSSEX NHS FOUNDATION TRUST,116207,62825,53382,4297,354,2,0,0.5406300825251491
2026-05-01,T6Y0W,NHS NORFOLK AND SUFFOLK INTEGRATED CARE BOARD,ACG37,NEWMEDICA - IPSWICH,1212,1167,45,0,0,0,0,0.9628712871287128
2026-05-01,T6Y0W,NHS NORFOLK AND SUFFOLK INTEGRATED CARE BOARD,B5M7B,NEWMEDICA - NORWICH,1688,1493,195,1,0,0,0,0.884478672985782
2026-05-01,T6Y0W,NHS NORFOLK AND SUFFOLK INTEGRATED CARE BOARD,DFQ,NORWICH & NORFOLK SURGICAL LTD (N2S),1040,859,181,0,0,0,0,0.8259615384615384
2026-05-01,T6Y0W,NHS NORFOLK AND SUFFOLK INTEGRATED CARE BOARD,F7B2B,ANGLIA COMMUNITY EYE SERVICE - BURY ST EDMUNDS,16,14,2,0,0,0,0,0.875
2026-05-01,T6Y0W,NHS NORFOLK AND SUFFOLK INTEGRATED CARE BOARD,G4H0I,NEWMEDICA SUFFOLK - BURY ST EDMUNDS - CLARITY HOUSE,641,598,43,0,0,0,0,0.9329173166926678
2026-05-01,T6Y0W,NHS NORFOLK AND SUFFOLK INTEGRATED CARE BOARD,K7J9E,ANGLIA COMMUNITY EYE SERVICE - NORWICH,15,13,2,1,0,0,0,0.8666666666666667
2026-05-01,T6Y0W,NHS NORFOLK AND SUFFOLK INTEGRATED CARE BOARD,M3R0W,SPAMEDICA NORWICH,356,296,60,0,0,0,0,0.8314606741573034
2026-05-01,T6Y0W,NHS NORFOLK AND SUFFOLK INTEGRATED CARE BOARD,NT318,SPIRE NORWICH HOSPITAL,923,674,249,1,1,0,0,0.7302275189599133
2026-05-01,T6Y0W,NHS NORFOLK AND SUFFOLK INTEGRATED CARE BOARD,NT446,ST EDMUNDS HOSPITAL,513,279,234,1,0,0,0,0.543859649122807
2026-05-01,T6Y0W,NHS NORFOLK AND SUFFOLK INTEGRATED CARE BOARD,NX504,ANGLIA COMMUNITY EYE SERVICES FAKENHAM,401,369,32,7,1,0,0,0.9201995012468828
2026-05-01,T6Y0W,NHS NORFOLK AND SUFFOLK INTEGRATED CARE BOARD,NX505,ANGLIA COMMUNITY EYE SERVICE - FAKENHAM MEDICAL PRACTICE,4,1,3,1,1,0,0,0.25
2026-05-01,T6Y0W,NHS NORFOLK AND SUFFOLK INTEGRATED CARE BOARD,NX507,ANGLIA COMMUNITY EYE SERVICE - THETFORD HEALTHY LIVING CENTRE,267,252,15,4,1,1,0,0.9438202247191011
2026-05-01,T6Y0W,NHS NORFOLK AND SUFFOLK INTEGRATED CARE BOARD,RCX,"THE QUEEN ELIZABETH HOSPITAL, KING'S LYNN, NHS FOUNDATION TRUST",25600,15742,9858,432,1,0,0,0.614921875
2026-05-01,T6Y0W,NHS NORFOLK AND SUFFOLK INTEGRATED CARE BOARD,RGP,JAMES PAGET UNIVERSITY HOSPITALS NHS FOUNDATION TRUST,32805,19045,13760,1186,104,2,1,0.5805517451607987
2026-05-01,T6Y0W,NHS NORFOLK AND SUFFOLK INTEGRATED CARE BOARD,RGR,WEST SUFFOLK NHS FOUNDATION TRUST,33140,21669,11471,472,28,0,0,0.6538624019312009
2026-05-01,T6Y0W,NHS NORFOLK AND SUFFOLK INTEGRATED CARE BOARD,RM1,NORFOLK AND NORWICH UNIVERSITY HOSPITALS NHS FOUNDATION TRUST,68317,42778,25539,1832,135,2,0,0.6261691819020156
2026-05-01,Z9B2Z,NHS WEST AND NORTH LONDON INTEGRATED CARE BOARD,A1D1B,SPAMEDICA WEMBLEY,433,379,54,0,0,0,0,0.8752886836027713
2026-05-01,Z9B2Z,NHS WEST AND NORTH LONDON INTEGRATED CARE BOARD,A9P5F,ACES WHITE CITY,146,119,27,1,0,0,0,0.815068493150685
2026-05-01,Z9B2Z,NHS WEST AND NORTH LONDON INTEGRATED CARE BOARD,AY1,MEDEFER,256,207,49,0,0,0,0,0.80859375
2026-05-01,Z9B2Z,NHS WEST AND NORTH LONDON INTEGRATED CARE BOARD,DX1,THE NEW FOSCOTE HOSPITAL LTD,399,370,29,0,0,0,0,0.9273182957393483
2026-05-01,Z9B2Z,NHS WEST AND NORTH LONDON INTEGRATED CARE BOARD,G3Q3Z,NUFFIELD HEALTH HIGHGATE HOSPITAL,1096,1000,96,6,5,3,2,0.9124087591240876
2026-05-01,Z9B2Z,NHS WEST AND NORTH LONDON INTEGRATED CARE BOARD,I7Q4A,OPTEGRA EYE HOSPITAL WEST LONDON,644,592,52,0,0,0,0,0.9192546583850931
2026-05-01,Z9B2Z,NHS WEST AND NORTH LONDON INTEGRATED CARE BOARD,NHW,STANDARD HEALTH LTD,105,78,27,0,0,0,0,0.7428571428571429
2026-05-01,Z9B2Z,NHS WEST AND NORTH LONDON INTEGRATED CARE BOARD,NNH07,OPTEGRA LONDON EYE HOSPITAL,906,855,51,0,0,0,0,0.9437086092715232
2026-05-01,Z9B2Z,NHS WEST AND NORTH LONDON INTEGRATED CARE BOARD,NT405,BISHOPS WOOD HOSPITAL,609,539,70,0,0,0,0,0.8850574712643678
2026-05-01,Z9B2Z,NHS WEST AND NORTH LONDON INTEGRATED CARE BOARD,NT411,CLEMENTINE CHURCHILL HOSPITAL,2115,2050,65,0,0,0,0,0.9692671394799054
2026-05-01,Z9B2Z,NHS WEST AND NORTH LONDON INTEGRATED CARE BOARD,NT416,HENDON HOSPITAL,1279,909,370,12,4,4,2,0.7107114933541829
2026-05-01,Z9B2Z,NHS WEST AND NORTH LONDON INTEGRATED CARE BOARD,NT421,KINGS OAK HOSPITAL,1389,1042,347,2,2,1,0,0.750179985601152
2026-05-01,Z9B2Z,NHS WEST AND NORTH LONDON INTEGRATED CARE BOARD,NT451,CAVELL HOSPITAL,1370,982,388,7,0,0,0,0.7167883211678832
2026-05-01,Z9B2Z,NHS WEST AND NORTH LONDON INTEGRATED CARE BOARD,R1K,LONDON NORTH WEST UNIVERSITY HEALTHCARE NHS TRUST,82280,52442,29838,605,1,0,0,0.6373602333495382
2026-05-01,Z9B2Z,NHS WEST AND NORTH LONDON INTEGRATED CARE BOARD,RAL,ROYAL FREE LONDON NHS FOUNDATION TRUST,139283,88217,51066,1826,71,4,0,0.633365163013433
2026-05-01,Z9B2Z,NHS WEST AND NORTH LONDON INTEGRATED CARE BOARD,RAN,ROYAL NATIONAL ORTHOPAEDIC HOSPITAL NHS TRUST,8800,6524,2276,5,0,0,0,0.7413636363636363
2026-05-01,Z9B2Z,NHS WEST AND NORTH LONDON INTEGRATED CARE BOARD,RAS,THE HILLINGDON HOSPITALS NHS FOUNDATION TRUST,33233,21284,11949,143,8,0,0,0.6404477477206392
2026-05-01,Z9B2Z,NHS WEST AND NORTH LONDON INTEGRATED CARE BOARD,RKE,WHITTINGTON HEALTH NHS TRUST,23281,16375,6906,83,0,0,0,0.7033632575920278
2026-05-01,Z9B2Z,NHS WEST AND NORTH LONDON INTEGRATED CARE BOARD,RP4,GREAT ORMOND STREET HOSPITAL FOR CHILDREN NHS FOUNDATION TRUST,8228,5929,2299,227,71,15,0,0.7205882352941176
2026-05-01,Z9B2Z,NHS WEST AND NORTH LONDON INTEGRATED CARE BOARD,RP6,MOORFIELDS EYE HOSPITAL NHS FOUNDATION TRUST,39403,33348,6055,7,2,1,0,0.8463314976017055
2026-05-01,Z9B2Z,NHS WEST AND NORTH LONDON INTEGRATED CARE BOARD,RPY,THE ROYAL MARSDEN NHS FOUNDATION TRUST,1919,1817,102,0,0,0,0,0.9468473163105784
2026-05-01,Z9B2Z,NHS WEST AND NORTH LONDON INTEGRATED CARE BOARD,RQM,CHELSEA AND WESTMINSTER HOSPITAL NHS FOUNDATION TRUST,75533,50889,24644,1002,2,0,0,0.673732011173924
2026-05-01,Z9B2Z,NHS WEST AND NORTH LONDON INTEGRATED CARE BOARD,RRV,UNIVERSITY COLLEGE LONDON HOSPITALS NHS FOUNDATION TRUST,77649,49599,28050,1229,23,0,0,0.6387590310242244
2026-05-01,Z9B2Z,NHS WEST AND NORTH LONDON INTEGRATED CARE BOARD,RYJ,IMPERIAL COLLEGE HEALTHCARE NHS TRUST,83513,58508,25005,38,1,0,0,0.7005855375809754
2026-05-01,Z9B2Z,NHS WEST AND NORTH LONDON INTEGRATED CARE BOARD,U6A5N,ACES CHISWICK,5,5,0,0,0,0,0,1
2026-06-01,D7T5G,NHS ESSEX INTEGRATED CARE BOARD,H3W7Q,ACES CHELMSFORD,87,82,5,0,0,0,0,0.9425287356321839
2026-06-01,D7T5G,NHS ESSEX INTEGRATED CARE BOARD,H4I8B,NUFFIELD HEALTH THE HOLLY HOSPITAL,4148,2972,1176,179,102,55,14,0.71648987463838
2026-06-01,D7T5G,NHS ESSEX INTEGRATED CARE BOARD,J2H6H,SPAMEDICA COLCHESTER,151,140,11,0,0,0,0,0.9271523178807947
2026-06-01,D7T5G,NHS ESSEX INTEGRATED CARE BOARD,M2O7D,OPTEGRA EYE HOSPITAL COLCHESTER,303,284,19,0,0,0,0,0.9372937293729373
2026-06-01,D7T5G,NHS ESSEX INTEGRATED CARE BOARD,NPG16,SPAMEDICA CHELMSFORD,669,601,68,1,0,0,0,0.898355754857997
2026-06-01,D7T5G,NHS ESSEX INTEGRATED CARE BOARD,NQX,PROVIDE ENTERPRISES,251,251,0,0,0,0,0,1
2026-06-01,D7T5G,NHS ESSEX INTEGRATED CARE BOARD,NT204,"NUFFIELD HEALTH, BRENTWOOD HOSPITAL",2458,1232,1226,231,89,26,3,0.5012205044751831
2026-06-01,D7T5G,NHS ESSEX INTEGRATED CARE BOARD,NT313,SPIRE WELLESLEY HOSPITAL,1070,628,442,6,0,0,0,0.5869158878504673
2026-06-01,D7T5G,NHS ESSEX INTEGRATED CARE BOARD,NT319,SPIRE HARTSWOOD HOSPITAL,954,641,313,2,0,0,0,0.6719077568134172
2026-06-01,D7T5G,NHS ESSEX INTEGRATED CARE BOARD,NT490,SOUTHEND PRIVATE HOSPITAL,1234,1039,195,0,0,0,0,0.8419773095623987
2026-06-01,D7T5G,NHS ESSEX INTEGRATED CARE BOARD,NVC13,OAKS HOSPITAL,964,567,397,0,0,0,0,0.5881742738589212
2026-06-01,D7T5G,NHS ESSEX INTEGRATED CARE BOARD,NVC18,SPRINGFIELD HOSPITAL,4412,2839,1573,94,38,12,0,0.6434723481414325
2026-06-01,D7T5G,NHS ESSEX INTEGRATED CARE BOARD,RAJ,MID AND SOUTH ESSEX NHS FOUNDATION TRUST,165626,82366,83260,12487,2829,487,17,0.49730114837042494
2026-06-01,D7T5G,NHS ESSEX INTEGRATED CARE BOARD,RDE,EAST SUFFOLK AND NORTH ESSEX NHS FOUNDATION TRUST,89788,55205,34583,63,0,0,0,0.6148371720051677
2026-06-01,D7T5G,NHS ESSEX INTEGRATED CARE BOARD,RQW,THE PRINCESS ALEXANDRA HOSPITAL NHS TRUST,38558,26491,12067,433,44,15,5,0.6870428964157892
2026-06-01,D7T5G,NHS ESSEX INTEGRATED CARE BOARD,X7M7U,ACES LAKESIDE,7,6,1,0,0,0,0,0.8571428571428571
2026-06-01,QE1,NHS LANCASHIRE AND SOUTH CUMBRIA INTEGRATED CARE BOARD,A4M8P,BUCKSHAW HOSPITAL,3169,2283,886,16,2,0,0,0.7204165351846008
2026-06-01,QE1,NHS LANCASHIRE AND SOUTH CUMBRIA INTEGRATED CARE BOARD,A5E1F,OPTEGRA EYE HOSPITAL PRESTON,292,289,3,0,0,0,0,0.9897260273972602
2026-06-01,QE1,NHS LANCASHIRE AND SOUTH CUMBRIA INTEGRATED CARE BOARD,AAV,COMMUNITY HEALTH AND EYECARE LIMITED,5432,4770,662,3,0,0,0,0.8781296023564065
2026-06-01,QE1,NHS LANCASHIRE AND SOUTH CUMBRIA INTEGRATED CARE BOARD,C3Y0A,SPAMEDICA BLACKPOOL,248,225,23,0,0,0,0,0.907258064516129
2026-06-01,QE1,NHS LANCASHIRE AND SOUTH CUMBRIA INTEGRATED CARE BOARD,NP9,BESPOKE HEALTHCARE LTD,577,391,186,0,0,0,0,0.6776429809358753
2026-06-01,QE1,NHS LANCASHIRE AND SOUTH CUMBRIA INTEGRATED CARE BOARD,NPG13,SPAMEDICA SKELMERSDALE,130,121,9,0,0,0,0,0.9307692307692308
2026-06-01,QE1,NHS LANCASHIRE AND SOUTH CUMBRIA INTEGRATED CARE BOARD,NPG17,SPAMEDICA PRESTON,349,336,13,0,0,0,0,0.9627507163323782
2026-06-01,QE1,NHS LANCASHIRE AND SOUTH CUMBRIA INTEGRATED CARE BOARD,NT347,SPIRE FYLDE COAST HOSPITAL,3410,2067,1343,0,0,0,0,0.606158357771261
2026-06-01,QE1,NHS LANCASHIRE AND SOUTH CUMBRIA INTEGRATED CARE BOARD,NT403,BEARDWOOD HOSPITAL,2121,1570,551,0,0,0,0,0.7402168788307402
2026-06-01,QE1,NHS LANCASHIRE AND SOUTH CUMBRIA INTEGRATED CARE BOARD,NT449,LANCASTER PRIVATE HOSPITAL,284,259,25,1,0,0,0,0.9119718309859155
2026-06-01,QE1,NHS LANCASHIRE AND SOUTH CUMBRIA INTEGRATED CARE BOARD,NVC05,EUXTON HALL HOSPITAL,3232,2009,1223,13,1,0,0,0.6215965346534653
2026-06-01,QE1,NHS LANCASHIRE AND SOUTH CUMBRIA INTEGRATED CARE BOARD,NVC07,FULWOOD HALL HOSPITAL,4115,3016,1099,7,1,1,1,0.7329283110571081
2026-06-01,QE1,NHS LANCASHIRE AND SOUTH CUMBRIA INTEGRATED CARE BOARD,NVC16,RENACRES HOSPITAL,4854,2071,2783,193,1,0,0,0.42665842604037907
2026-06-01,QE1,NHS LANCASHIRE AND SOUTH CUMBRIA INTEGRATED CARE BOARD,R1G7E,SPAMEDICA KENDAL,408,385,23,0,0,0,0,0.9436274509803921
2026-06-01,QE1,NHS LANCASHIRE AND SOUTH CUMBRIA INTEGRATED CARE BOARD,RTX,UNIVERSITY HOSPITALS OF MORECAMBE BAY NHS FOUNDATION TRUST,35626,25197,10429,666,8,1,0,0.7072643574917196
2026-06-01,QE1,NHS LANCASHIRE AND SOUTH CUMBRIA INTEGRATED CARE BOARD,RW5,LANCASHIRE & SOUTH CUMBRIA NHS FOUNDATION TRUST,4222,3817,405,0,0,0,0,0.9040738986262434
2026-06-01,QE1,NHS LANCASHIRE AND SOUTH CUMBRIA INTEGRATED CARE BOARD,RXL,BLACKPOOL TEACHING HOSPITALS NHS FOUNDATION TRUST,40413,23909,16504,1101,124,0,0,0.5916165590280356
2026-06-01,QE1,NHS LANCASHIRE AND SOUTH CUMBRIA INTEGRATED CARE BOARD,RXN,LANCASHIRE TEACHING HOSPITALS NHS FOUNDATION TRUST,60692,35636,25056,666,0,0,0,0.5871614051275291
2026-06-01,QE1,NHS LANCASHIRE AND SOUTH CUMBRIA INTEGRATED CARE BOARD,RXR,EAST LANCASHIRE HOSPITALS NHS TRUST,47178,33963,13215,224,1,0,0,0.719890626987155
2026-06-01,QF7,NHS SOUTH YORKSHIRE INTEGRATED CARE BOARD,B3M1X,CLAREMONT PRIVATE HOSPITAL,3172,1770,1402,36,3,1,1,0.5580075662042875
2026-06-01,QF7,NHS SOUTH YORKSHIRE INTEGRATED CARE BOARD,NPG10,SPAMEDICA SHEFFIELD,465,420,45,0,0,0,0,0.9032258064516129
2026-06-01,QF7,NHS SOUTH YORKSHIRE INTEGRATED CARE BOARD,NT440,THORNBURY HOSPITAL,730,508,222,2,1,1,0,0.6958904109589041
2026-06-01,QF7,NHS SOUTH YORKSHIRE INTEGRATED CARE BOARD,NTX,THE ONE HEALTH GROUP PLC,4988,3925,1063,30,4,3,1,0.7868885324779471
2026-06-01,QF7,NHS SOUTH YORKSHIRE INTEGRATED CARE BOARD,NVC14,PARK HILL HOSPITAL,734,609,125,0,0,0,0,0.829700272479564
2026-06-01,QF7,NHS SOUTH YORKSHIRE INTEGRATED CARE BOARD,Q6V1S,OPTEGRA EYE HOSPITAL SHEFFIELD,386,376,10,0,0,0,0,0.9740932642487047
2026-06-01,QF7,NHS SOUTH YORKSHIRE INTEGRATED CARE BOARD,RCU,SHEFFIELD CHILDREN'S NHS FOUNDATION TRUST,11355,8441,2914,143,4,0,0,0.7433729634522237
2026-06-01,QF7,NHS SOUTH YORKSHIRE INTEGRATED CARE BOARD,RFF,BARNSLEY HOSPITAL NHS FOUNDATION TRUST,21978,15638,6340,99,0,0,0,0.7115297115297116
2026-06-01,QF7,NHS SOUTH YORKSHIRE INTEGRATED CARE BOARD,RFR,THE ROTHERHAM NHS FOUNDATION TRUST,29599,20891,8708,400,0,0,0,0.7058008716510693
2026-06-01,QF7,NHS SOUTH YORKSHIRE INTEGRATED CARE BOARD,RP5,DONCASTER AND BASSETLAW TEACHING HOSPITALS NHS FOUNDATION TRUST,54327,34829,19498,1445,69,5,2,0.6410992692399727
2026-06-01,QF7,NHS SOUTH YORKSHIRE INTEGRATED CARE BOARD,T8V3L,SPAMEDICA DONCASTER,439,419,20,0,0,0,0,0.9544419134396356
2026-06-01,QF7,NHS SOUTH YORKSHIRE INTEGRATED CARE BOARD,V8A3H,SPAMEDICA SHEFFIELD COMMUNITY DIAGNOSTIC & TREATMENT CENTRE,58,56,2,0,0,0,0,0.9655172413793104
2026-06-01,QGH,NHS HEREFORDSHIRE AND WORCESTERSHIRE INTEGRATED CARE BOARD,ACG31,NEWMEDICA - WORCESTER,966,789,177,1,0,0,0,0.8167701863354038
2026-06-01,QGH,NHS HEREFORDSHIRE AND WORCESTERSHIRE INTEGRATED CARE BOARD,H2K1G,NEWMEDICA - BROMSGROVE,476,360,116,0,0,0,0,0.7563025210084033
2026-06-01,QGH,NHS HEREFORDSHIRE AND WORCESTERSHIRE INTEGRATED CARE BOARD,J0M7P,SPAMEDICA HEREFORD DIAGNOSTIC AND TREATMENT CENTRE,48,46,2,0,0,0,0,0.9583333333333334
2026-06-01,QGH,NHS HEREFORDSHIRE AND WORCESTERSHIRE INTEGRATED CARE BOARD,J3X4C,SPAMEDICA WORCESTER,422,380,42,0,0,0,0,0.9004739336492891
2026-06-01,QGH,NHS HEREFORDSHIRE AND WORCESTERSHIRE INTEGRATED CARE BOARD,NT219,"NUFFIELD HEALTH, HEREFORD HOSPITAL",386,305,81,0,0,0,0,0.7901554404145078
2026-06-01,QGH,NHS HEREFORDSHIRE AND WORCESTERSHIRE INTEGRATED CARE BOARD,NT301,SPIRE SOUTH BANK HOSPITAL,657,424,233,1,1,0,0,0.6453576864535768
2026-06-01,QGH,NHS HEREFORDSHIRE AND WORCESTERSHIRE INTEGRATED CARE BOARD,NT412,DROITWICH SPA HOSPITAL,1110,687,423,0,0,0,0,0.6189189189189189
2026-06-01,QGH,NHS HEREFORDSHIRE AND WORCESTERSHIRE INTEGRATED CARE BOARD,R1A,HEREFORDSHIRE AND WORCESTERSHIRE HEALTH AND CARE NHS TRUST,31,30,1,0,0,0,0,0.967741935483871
2026-06-01,QGH,NHS HEREFORDSHIRE AND WORCESTERSHIRE INTEGRATED CARE BOARD,R5J3Z,BORDER HEALTH ALLIANCE LIMITED,713,457,256,0,0,0,0,0.6409537166900421
2026-06-01,QGH,NHS HEREFORDSHIRE AND WORCESTERSHIRE INTEGRATED CARE BOARD,RLQ,WYE VALLEY NHS TRUST,27486,17537,9949,638,283,144,7,0.6380339081714327
2026-06-01,QGH,NHS HEREFORDSHIRE AND WORCESTERSHIRE INTEGRATED CARE BOARD,RWP,WORCESTERSHIRE ACUTE HOSPITALS NHS TRUST,58515,36796,21719,611,3,1,0,0.6288302144749209
2026-06-01,QHL,NHS BIRMINGHAM AND SOLIHULL INTEGRATED CARE BOARD,J7V1N,SPAMEDICA SOLIHULL,419,364,55,0,0,0,0,0.8687350835322196
2026-06-01,QHL,NHS BIRMINGHAM AND SOLIHULL INTEGRATED CARE BOARD,M2Y6D,PRACTICE PLUS GROUP HOSPITAL BIRMINGHAM,1761,1301,460,19,0,0,0,0.7387847813742192
2026-06-01,QHL,NHS BIRMINGHAM AND SOLIHULL INTEGRATED CARE BOARD,NNH05,OPTEGRA (BIRMINGHAM EYE HOSPITAL),822,781,41,0,0,0,0,0.9501216545012166
2026-06-01,QHL,NHS BIRMINGHAM AND SOLIHULL INTEGRATED CARE BOARD,NPG11,SPAMEDICA BIRMINGHAM,795,726,69,0,0,0,0,0.9132075471698113
2026-06-01,QHL,NHS BIRMINGHAM AND SOLIHULL INTEGRATED CARE BOARD,NT320,SPIRE PARKWAY HOSPITAL,1226,801,425,34,6,1,0,0.6533442088091354
2026-06-01,QHL,NHS BIRMINGHAM AND SOLIHULL INTEGRATED CARE BOARD,NT429,PRIORY HOSPITAL,547,436,111,0,0,0,0,0.7970749542961609
2026-06-01,QHL,NHS BIRMINGHAM AND SOLIHULL INTEGRATED CARE BOARD,NT445,EDGBASTON HOSPITAL,1,1,0,0,0,0,0,1
2026-06-01,QHL,NHS BIRMINGHAM AND SOLIHULL INTEGRATED CARE BOARD,NVC44,THE WESTBOURNE CENTRE,3163,1863,1300,19,3,0,0,0.5889977869111603
2026-06-01,QHL,NHS BIRMINGHAM AND SOLIHULL INTEGRATED CARE BOARD,RQ3,BIRMINGHAM WOMEN'S AND CHILDREN'S NHS FOUNDATION TRUST,21543,14206,7337,105,2,0,0,0.6594253353757601
2026-06-01,QHL,NHS BIRMINGHAM AND SOLIHULL INTEGRATED CARE BOARD,RRJ,THE ROYAL ORTHOPAEDIC HOSPITAL NHS FOUNDATION TRUST,13283,9056,4227,69,0,0,0,0.6817736957012723
2026-06-01,QHL,NHS BIRMINGHAM AND SOLIHULL INTEGRATED CARE BOARD,RRK,UNIVERSITY HOSPITALS BIRMINGHAM NHS FOUNDATION TRUST,93337,64338,28999,262,3,0,0,0.6893086343036523
2026-06-01,QHL,NHS BIRMINGHAM AND SOLIHULL INTEGRATED CARE BOARD,RYW,BIRMINGHAM COMMUNITY HEALTHCARE NHS FOUNDATION TRUST,14961,12003,2958,0,0,0,0,0.8022859434529778
2026-06-01,QHL,NHS BIRMINGHAM AND SOLIHULL INTEGRATED CARE BOARD,S0L9O,ACES BIRMINGHAM,18,16,2,0,0,0,0,0.8888888888888888
2026-06-01,QHL,NHS BIRMINGHAM AND SOLIHULL INTEGRATED CARE BOARD,S1Z4X,NEWMEDICA - BIRMINGHAM,932,891,41,0,0,0,0,0.9560085836909872
2026-06-01,QHL,NHS BIRMINGHAM AND SOLIHULL INTEGRATED CARE BOARD,S4E3I,MIDLAND EYE (EYE-DOCS LTD),658,632,26,0,0,0,0,0.9604863221884499
2026-06-01,QHM,NHS NORTH EAST AND NORTH CUMBRIA INTEGRATED CARE BOARD,ACG24,NEWMEDICA - TEESSIDE - NORTH ORMESBY,1631,1566,65,0,0,0,0,0.9601471489883507
2026-06-01,QHM,NHS NORTH EAST AND NORTH CUMBRIA INTEGRATED CARE BOARD,D3R0C,ACES CARLISLE,1,0,1,1,1,1,0,0
2026-06-01,QHM,NHS NORTH EAST AND NORTH CUMBRIA INTEGRATED CARE BOARD,E1U4T,SPAMEDICA CARLISLE,812,738,74,0,0,0,0,0.9088669950738916
2026-06-01,QHM,NHS NORTH EAST AND NORTH CUMBRIA INTEGRATED CARE BOARD,E4K5T,OPTEGRA EYE HOSPITAL NEWCASTLE,534,527,7,0,0,0,0,0.9868913857677902
2026-06-01,QHM,NHS NORTH EAST AND NORTH CUMBRIA INTEGRATED CARE BOARD,F0R0W,NEWMEDICA - DARLINGTON,73,69,4,0,0,0,0,0.9452054794520548
2026-06-01,QHM,NHS NORTH EAST AND NORTH CUMBRIA INTEGRATED CARE BOARD,G5X2Q,SPAMEDICA NORTH TYNESIDE,452,401,51,0,0,0,0,0.8871681415929203
2026-06-01,QHM,NHS NORTH EAST AND NORTH CUMBRIA INTEGRATED CARE BOARD,I7G8X,ACES NEWCASTLE,24,24,0,0,0,0,0,1
2026-06-01,QHM,NHS NORTH EAST AND NORTH CUMBRIA INTEGRATED CARE BOARD,NMG,CORA HEALTH MSK (FORMERLY CONNECT HEALTH LTD),24567,21159,3408,6,4,2,1,0.8612773232384907
2026-06-01,QHM,NHS NORTH EAST AND NORTH CUMBRIA INTEGRATED CARE BOARD,NN4,TYNESIDE SURGICAL SERVICES LTD,1508,1269,239,5,1,0,0,0.8415119363395226
2026-06-01,QHM,NHS NORTH EAST AND NORTH CUMBRIA INTEGRATED CARE BOARD,NPG22,SPAMEDICA STOCKTON-ON-TEES,492,438,54,0,0,0,0,0.8902439024390244
2026-06-01,QHM,NHS NORTH EAST AND NORTH CUMBRIA INTEGRATED CARE BOARD,NT229,"NUFFIELD HEALTH, NEWCASTLE UPON TYNE HOSPITAL",425,224,201,11,1,0,0,0.5270588235294118
2026-06-01,QHM,NHS NORTH EAST AND NORTH CUMBRIA INTEGRATED CARE BOARD,NT237,"NUFFIELD HEALTH, TEES HOSPITAL",1783,1367,416,0,0,0,0,0.7666853617498598
2026-06-01,QHM,NHS NORTH EAST AND NORTH CUMBRIA INTEGRATED CARE BOARD,NT333,SPIRE WASHINGTON HOSPITAL,2132,1604,528,49,4,0,0,0.7523452157598499
2026-06-01,QHM,NHS NORTH EAST AND NORTH CUMBRIA INTEGRATED CARE BOARD,NT457,WOODLANDS HOSPITAL,2800,2301,499,4,0,0,0,0.8217857142857142
2026-06-01,QHM,NHS NORTH EAST AND NORTH CUMBRIA INTEGRATED CARE BOARD,NVC0R,TEES VALLEY HOSPITAL,4112,3052,1060,1,0,0,0,0.7422178988326849
2026-06-01,QHM,NHS NORTH EAST AND NORTH CUMBRIA INTEGRATED CARE BOARD,NVC29,COBALT HOSPITAL,2088,1337,751,11,0,0,0,0.6403256704980843
2026-06-01,QHM,NHS NORTH EAST AND NORTH CUMBRIA INTEGRATED CARE BOARD,R0B,SOUTH TYNESIDE AND SUNDERLAND NHS FOUNDATION TRUST,59937,46097,13840,0,0,0,0,0.7690908787560271
2026-06-01,QHM,NHS NORTH EAST AND NORTH CUMBRIA INTEGRATED CARE BOARD,R6B6E,ACES DARLINGTON,1,1,0,0,0,0,0,1
2026-06-01,QHM,NHS NORTH EAST AND NORTH CUMBRIA INTEGRATED CARE BOARD,R7W2O,NEWCASTLE NEWMEDICA LTD,869,864,5,0,0,0,0,0.9942462600690449
2026-06-01,QHM,NHS NORTH EAST AND NORTH CUMBRIA INTEGRATED CARE BOARD,RNN,NORTH CUMBRIA INTEGRATED CARE NHS FOUNDATION TRUST,34908,23337,11571,397,0,0,0,0.6685287040220007
2026-06-01,QHM,NHS NORTH EAST AND NORTH CUMBRIA INTEGRATED CARE BOARD,RR7,GATESHEAD HEALTH NHS FOUNDATION TRUST,11492,8992,2500,2,0,0,0,0.782457361642882
2026-06-01,QHM,NHS NORTH EAST AND NORTH CUMBRIA INTEGRATED CARE BOARD,RTD,THE NEWCASTLE UPON TYNE HOSPITALS NHS FOUNDATION TRUST,86942,64886,22056,703,22,2,0,0.746313634376941
2026-06-01,QHM,NHS NORTH EAST AND NORTH CUMBRIA INTEGRATED CARE BOARD,RTF,NORTHUMBRIA HEALTHCARE NHS FOUNDATION TRUST,39619,33241,6378,0,0,0,0,0.8390166334334537
2026-06-01,QHM,NHS NORTH EAST AND NORTH CUMBRIA INTEGRATED CARE BOARD,RTR,SOUTH TEES HOSPITALS NHS FOUNDATION TRUST,57203,38041,19162,707,12,0,0,0.6650175690086184
2026-06-01,QHM,NHS NORTH EAST AND NORTH CUMBRIA INTEGRATED CARE BOARD,RVW,NORTH TEES AND HARTLEPOOL NHS FOUNDATION TRUST,23080,16510,6570,230,0,0,0,0.7153379549393414
2026-06-01,QHM,NHS NORTH EAST AND NORTH CUMBRIA INTEGRATED CARE BOARD,RX4,"CUMBRIA, NORTHUMBERLAND, TYNE AND WEAR NHS FOUNDATION TRUST",154,152,2,0,0,0,0,0.987012987012987
2026-06-01,QHM,NHS NORTH EAST AND NORTH CUMBRIA INTEGRATED CARE BOARD,RXP,COUNTY DURHAM AND DARLINGTON NHS FOUNDATION TRUST,53479,35006,18473,943,24,0,0,0.6545746928700985
2026-06-01,QHM,NHS NORTH EAST AND NORTH CUMBRIA INTEGRATED CARE BOARD,S5D8W,ACES MIDDLESBOROUGH,2,2,0,0,0,0,0,1
2026-06-01,QHM,NHS NORTH EAST AND NORTH CUMBRIA INTEGRATED CARE BOARD,Z9Z1G,SPAMEDICA GATESHEAD,486,449,37,0,0,0,0,0.9238683127572016
2026-06-01,QJ2,NHS DERBY AND DERBYSHIRE INTEGRATED CARE BOARD,ACG26,NEWMEDICA - NORTH DERBYSHIRE - MIDLAND COURT,1207,1109,98,0,0,0,0,0.9188069594034797
2026-06-01,QJ2,NHS DERBY AND DERBYSHIRE INTEGRATED CARE BOARD,NPG23,SPAMEDICA DERBY,436,416,20,0,0,0,0,0.9541284403669725
2026-06-01,QJ2,NHS DERBY AND DERBYSHIRE INTEGRATED CARE BOARD,NT213,"NUFFIELD HEALTH, DERBY HOSPITAL",1104,613,491,2,1,1,0,0.5552536231884058
2026-06-01,QJ2,NHS DERBY AND DERBYSHIRE INTEGRATED CARE BOARD,NTP13,PRACTICE PLUS GROUP HOSPITAL - BARLBOROUGH,2017,1573,444,3,0,0,0,0.7798710956866634
2026-06-01,QJ2,NHS DERBY AND DERBYSHIRE INTEGRATED CARE BOARD,RFS,CHESTERFIELD ROYAL HOSPITAL NHS FOUNDATION TRUST,27020,16987,10033,568,8,0,0,0.6286824574389341
2026-06-01,QJ2,NHS DERBY AND DERBYSHIRE INTEGRATED CARE BOARD,RTG,UNIVERSITY HOSPITALS OF DERBY AND BURTON NHS FOUNDATION TRUST,96379,59204,37175,1782,68,11,2,0.6142831944718248
2026-06-01,QJ2,NHS DERBY AND DERBYSHIRE INTEGRATED CARE BOARD,T4I8V,SPAMEDICA CHESTERFIELD,167,155,12,0,0,0,0,0.9281437125748503
2026-06-01,QJK,NHS DEVON INTEGRATED CARE BOARD,ACG36,NEWMEDICA - EXETER - GLEN HOUSE,459,431,28,0,0,0,0,0.9389978213507625
2026-06-01,QJK,NHS DEVON INTEGRATED CARE BOARD,D3O0Z,PLYMOUTH NEWMEDICA LTD,711,644,67,0,0,0,0,0.9057665260196905
2026-06-01,QJK,NHS DEVON INTEGRATED CARE BOARD,M5E1S,SPAMEDICA EXETER,350,310,40,1,0,0,0,0.8857142857142857
2026-06-01,QJK,NHS DEVON INTEGRATED CARE BOARD,N1M9Z,ACES EXETER,75,58,17,0,0,0,0,0.7733333333333333
2026-06-01,QJK,NHS DEVON INTEGRATED CARE BOARD,N8Z8E,ACES TORQUAY,1,1,0,0,0,0,0,1
2026-06-01,QJK,NHS DEVON INTEGRATED CARE BOARD,NR5,LIVEWELL SOUTHWEST,64,62,2,0,0,0,0,0.96875
2026-06-01,QJK,NHS DEVON INTEGRATED CARE BOARD,NT215,"NUFFIELD HEALTH, EXETER HOSPITAL",363,169,194,16,6,5,1,0.465564738292011
2026-06-01,QJK,NHS DEVON INTEGRATED CARE BOARD,NT233,"NUFFIELD HEALTH, PLYMOUTH HOSPITAL",1008,645,363,8,0,0,0,0.6398809523809523
2026-06-01,QJK,NHS DEVON INTEGRATED CARE BOARD,NTPH5,PRACTICE PLUS GROUP HOSPITAL - PLYMOUTH,1575,1338,237,9,0,0,0,0.8495238095238096
2026-06-01,QJK,NHS DEVON INTEGRATED CARE BOARD,NVC08,MOUNT STUART HOSPITAL,2200,1212,988,49,4,0,0,0.5509090909090909
2026-06-01,QJK,NHS DEVON INTEGRATED CARE BOARD,NVC0Y,EXETER MEDICAL,275,229,46,3,1,0,0,0.8327272727272728
2026-06-01,QJK,NHS DEVON INTEGRATED CARE BOARD,O1B1P,ACES PLYMOUTH,1,1,0,0,0,0,0,1
2026-06-01,QJK,NHS DEVON INTEGRATED CARE BOARD,RH8,ROYAL DEVON UNIVERSITY HEALTHCARE NHS FOUNDATION TRUST,74068,47095,26973,1538,175,8,0,0.6358346384403522
2026-06-01,QJK,NHS DEVON INTEGRATED CARE BOARD,RK9,UNIVERSITY HOSPITALS PLYMOUTH NHS TRUST,47271,31864,15407,717,54,13,2,0.6740707833555457
2026-06-01,QJM,NHS LINCOLNSHIRE INTEGRATED CARE BOARD,N6Z0R,NEWMEDICA - LINCOLN,31,23,8,0,0,0,0,0.7419354838709677
2026-06-01,QJM,NHS LINCOLNSHIRE INTEGRATED CARE BOARD,NT450,LINCOLN PRIVATE HOSPITAL,1198,817,381,0,0,0,0,0.6819699499165276
2026-06-01,QJM,NHS LINCOLNSHIRE INTEGRATED CARE BOARD,NVC27,BOSTON WEST HOSPITAL,2353,1549,804,21,1,0,0,0.6583085422864429
2026-06-01,QJM,NHS LINCOLNSHIRE INTEGRATED CARE BOARD,P1N3Z,DEEPING SURGICAL,130,95,35,0,0,0,0,0.7307692307692307
2026-06-01,QJM,NHS LINCOLNSHIRE INTEGRATED CARE BOARD,RP7,LINCOLNSHIRE PARTNERSHIP NHS FOUNDATION TRUST,10,10,0,0,0,0,0,1
2026-06-01,QJM,NHS LINCOLNSHIRE INTEGRATED CARE BOARD,RWD,UNITED LINCOLNSHIRE TEACHING HOSPITALS NHS TRUST,70211,43447,26764,1113,5,2,0,0.618806169973366
2026-06-01,QJM,NHS LINCOLNSHIRE INTEGRATED CARE BOARD,T1I9W,ACES LINCOLN,6,6,0,0,0,0,0,1
2026-06-01,QK1,"NHS LEICESTER, LEICESTERSHIRE AND RUTLAND INTEGRATED CARE BOARD",A4Q9X,NEWMEDICA LEICESTER,952,853,99,1,0,0,0,0.8960084033613446
2026-06-01,QK1,"NHS LEICESTER, LEICESTERSHIRE AND RUTLAND INTEGRATED CARE BOARD",A8L1O,OPTEGRA EYE HOSPITAL LEICESTER,202,196,6,0,0,0,0,0.9702970297029703
2026-06-01,QK1,"NHS LEICESTER, LEICESTERSHIRE AND RUTLAND INTEGRATED CARE BOARD",DPK,THE STONEYGATE EYE HOSPITAL,851,716,135,0,0,0,0,0.8413631022326674
2026-06-01,QK1,"NHS LEICESTER, LEICESTERSHIRE AND RUTLAND INTEGRATED CARE BOARD",L9D3Z,SPAMEDICA LEICESTER,309,277,32,0,0,0,0,0.8964401294498382
2026-06-01,QK1,"NHS LEICESTER, LEICESTERSHIRE AND RUTLAND INTEGRATED CARE BOARD",NT226,"NUFFIELD HEALTH, LEICESTER HOSPITAL",450,408,42,2,0,0,0,0.9066666666666666
2026-06-01,QK1,"NHS LEICESTER, LEICESTERSHIRE AND RUTLAND INTEGRATED CARE BOARD",NT322,SPIRE LEICESTER HOSPITAL,639,563,76,1,0,0,0,0.8810641627543035
2026-06-01,QK1,"NHS LEICESTER, LEICESTERSHIRE AND RUTLAND INTEGRATED CARE BOARD",RWE,UNIVERSITY HOSPITALS OF LEICESTER NHS TRUST,115279,69288,45991,2402,54,1,0,0.6010461575829076
2026-06-01,QKK,NHS SOUTH EAST LONDON INTEGRATED CARE BOARD,NCN,DMC HEALTHCARE,2638,2457,181,27,19,18,11,0.9313874147081123
2026-06-01,QKK,NHS SOUTH EAST LONDON INTEGRATED CARE BOARD,NT406,BLACKHEATH HOSPITAL,1321,914,407,13,6,0,0,0.691900075700227
2026-06-01,QKK,NHS SOUTH EAST LONDON INTEGRATED CARE BOARD,NT409,CHELSFIELD PARK HOSPITAL,720,621,99,0,0,0,0,0.8625
2026-06-01,QKK,NHS SOUTH EAST LONDON INTEGRATED CARE BOARD,NT437,SLOANE HOSPITAL,703,619,84,0,0,0,0,0.8805120910384068
2026-06-01,QKK,NHS SOUTH EAST LONDON INTEGRATED CARE BOARD,Q2Y5H,OVIVA UK LTD,9372,6382,2990,475,71,5,0,0.6809645753307725
2026-06-01,QKK,NHS SOUTH EAST LONDON INTEGRATED CARE BOARD,RJ1,GUY'S AND ST THOMAS' NHS FOUNDATION TRUST,110502,75925,34577,634,53,13,3,0.6870916363504733
2026-06-01,QKK,NHS SOUTH EAST LONDON INTEGRATED CARE BOARD,RJ2,LEWISHAM AND GREENWICH NHS TRUST,57469,38261,19208,905,63,8,2,0.6657676312446711
2026-06-01,QKK,NHS SOUTH EAST LONDON INTEGRATED CARE BOARD,RJZ,KING'S COLLEGE HOSPITAL NHS FOUNDATION TRUST,89950,60734,29216,1708,165,3,0,0.6751973318510284
2026-06-01,QKK,NHS SOUTH EAST LONDON INTEGRATED CARE BOARD,RPG,OXLEAS NHS FOUNDATION TRUST,166,166,0,0,0,0,0,1
2026-06-01,QKK,NHS SOUTH EAST LONDON INTEGRATED CARE BOARD,Y8L9S,SPAMEDICA BROMLEY,666,594,72,1,0,0,0,0.8918918918918919
2026-06-01,QKS,NHS KENT AND MEDWAY INTEGRATED CARE BOARD,ADP02,KIMS HOSPITAL (NEWNHAM COURT),1285,1133,152,1,0,0,0,0.8817120622568093
2026-06-01,QKS,NHS KENT AND MEDWAY INTEGRATED CARE BOARD,AVQ01,ONE ASHFORD HOSPITAL,987,801,186,2,0,0,0,0.8115501519756839
2026-06-01,QKS,NHS KENT AND MEDWAY INTEGRATED CARE BOARD,G3E7R,OPTEGRA EYE HOSPITAL MAIDSTONE,503,503,0,0,0,0,0,1
2026-06-01,QKS,NHS KENT AND MEDWAY INTEGRATED CARE BOARD,M0N7E,SPAMEDICA SITTINGBOURNE,184,164,20,0,0,0,0,0.8913043478260869
2026-06-01,QKS,NHS KENT AND MEDWAY INTEGRATED CARE BOARD,NN8,SPENCER PRIVATE HOSPITALS LTD,3606,2207,1399,42,5,0,0,0.6120354963948974
2026-06-01,QKS,NHS KENT AND MEDWAY INTEGRATED CARE BOARD,NT239,"NUFFIELD HEALTH, TUNBRIDGE WELLS HOSPITAL",87,73,14,0,0,0,0,0.8390804597701149
2026-06-01,QKS,NHS KENT AND MEDWAY INTEGRATED CARE BOARD,NT312,SPIRE ALEXANDRA HOSPITAL,1402,1066,336,5,1,0,0,0.760342368045649
2026-06-01,QKS,NHS KENT AND MEDWAY INTEGRATED CARE BOARD,NT408,CHAUCER HOSPITAL,869,662,207,0,0,0,0,0.761795166858458
2026-06-01,QKS,NHS KENT AND MEDWAY INTEGRATED CARE BOARD,NTP16,PRACTICE PLUS GROUP SURGICAL CENTRE - GILLINGHAM,1072,968,104,3,0,0,0,0.9029850746268657
2026-06-01,QKS,NHS KENT AND MEDWAY INTEGRATED CARE BOARD,NWF01,BENENDEN HOSPITAL,1517,1192,325,4,1,0,0,0.7857613711272248
2026-06-01,QKS,NHS KENT AND MEDWAY INTEGRATED CARE BOARD,NYR,CORA HEALTH DIAGNOSTICS (FORMERLY HEALTHSHARE DIAGNOSTICS),1507,972,535,42,9,9,9,0.6449900464499004
2026-06-01,QKS,NHS KENT AND MEDWAY INTEGRATED CARE BOARD,RN7,DARTFORD AND GRAVESHAM NHS TRUST,30461,18584,11877,846,4,0,0,0.6100915925281507
2026-06-01,QKS,NHS KENT AND MEDWAY INTEGRATED CARE BOARD,RPA,MEDWAY NHS FOUNDATION TRUST,34991,21268,13723,558,0,0,0,0.6078134377411334
2026-06-01,QKS,NHS KENT AND MEDWAY INTEGRATED CARE BOARD,RVV,EAST KENT HOSPITALS UNIVERSITY NHS FOUNDATION TRUST,82404,46239,36165,2462,166,12,4,0.5611256735109946
2026-06-01,QKS,NHS KENT AND MEDWAY INTEGRATED CARE BOARD,RWF,MAIDSTONE AND TUNBRIDGE WELLS NHS TRUST,50748,37307,13441,11,1,1,0,0.7351422716166154
2026-06-01,QKS,NHS KENT AND MEDWAY INTEGRATED CARE BOARD,RYY,KENT COMMUNITY HEALTH NHS FOUNDATION TRUST,4203,4198,5,0,0,0,0,0.9988103735427076
2026-06-01,QKS,NHS KENT AND MEDWAY INTEGRATED CARE BOARD,U0K8N,CES MEDICAL,95,87,8,0,0,0,0,0.9157894736842105
2026-06-01,QKS,NHS KENT AND MEDWAY INTEGRATED CARE BOARD,X1M4L,ACES MAIDSTONE,1,0,1,0,0,0,0,0
2026-06-01,QKS,NHS KENT AND MEDWAY INTEGRATED CARE BOARD,Z4F8Y,ACES DARTFORD,579,520,59,1,0,0,0,0.8981001727115717
2026-06-01,QMF,NHS NORTH EAST LONDON INTEGRATED CARE BOARD,B4N1U,SPAMEDICA ROMFORD,849,765,84,0,0,0,0,0.901060070671378
2026-06-01,QMF,NHS NORTH EAST LONDON INTEGRATED CARE BOARD,NT314,SPIRE LONDON EAST,3521,2017,1504,81,5,1,0,0.5728486225504118
2026-06-01,QMF,NHS NORTH EAST LONDON INTEGRATED CARE BOARD,NT422,LONDON INDEPENDENT HOSPITAL,4005,3413,592,6,0,0,0,0.8521847690387017
2026-06-01,QMF,NHS NORTH EAST LONDON INTEGRATED CARE BOARD,NTP15,PRACTICE PLUS GROUP HOSPITAL - ILFORD,4736,3466,1270,53,12,9,0,0.7318412162162162
2026-06-01,QMF,NHS NORTH EAST LONDON INTEGRATED CARE BOARD,R1H,BARTS HEALTH NHS TRUST,121533,77673,43860,1095,64,0,0,0.639110365086026
2026-06-01,QMF,NHS NORTH EAST LONDON INTEGRATED CARE BOARD,RF4,"BARKING, HAVERING AND REDBRIDGE UNIVERSITY HOSPITALS NHS TRUST",68898,47356,21542,1034,62,10,2,0.6873349008679497
2026-06-01,QMF,NHS NORTH EAST LONDON INTEGRATED CARE BOARD,RQX,HOMERTON HEALTHCARE NHS FOUNDATION TRUST,26863,20262,6601,164,4,1,0,0.7542716747943268
2026-06-01,QMF,NHS NORTH EAST LONDON INTEGRATED CARE BOARD,V3J9W,PASTEL HEALTH,193,145,48,0,0,0,0,0.7512953367875648
2026-06-01,QMF,NHS NORTH EAST LONDON INTEGRATED CARE BOARD,V8N5R,SPAMEDICA DALSTON,457,416,41,0,0,0,0,0.9102844638949672
2026-06-01,QNC,NHS STAFFORDSHIRE AND STOKE-ON-TRENT INTEGRATED CARE BOARD,B6Z0N,OPTEGRA EYE HOSPITAL UTTOXETER,224,205,19,0,0,0,0,0.9151785714285714
2026-06-01,QNC,NHS STAFFORDSHIRE AND STOKE-ON-TRENT INTEGRATED CARE BOARD,NPG15,SPAMEDICA NEWCASTLE-UNDER-LYME,209,202,7,0,0,0,0,0.9665071770334929
2026-06-01,QNC,NHS STAFFORDSHIRE AND STOKE-ON-TRENT INTEGRATED CARE BOARD,NT230,"NUFFIELD HEALTH, NORTH STAFFORDSHIRE HOSPITAL",1071,736,335,8,1,0,0,0.6872082166199813
2026-06-01,QNC,NHS STAFFORDSHIRE AND STOKE-ON-TRENT INTEGRATED CARE BOARD,NT321,SPIRE LITTLE ASTON HOSPITAL,1375,982,393,13,1,0,0,0.7141818181818181
2026-06-01,QNC,NHS STAFFORDSHIRE AND STOKE-ON-TRENT INTEGRATED CARE BOARD,NVC0I,BEACON PARK HOSPITAL,1184,681,503,0,0,0,0,0.575168918918919
2026-06-01,QNC,NHS STAFFORDSHIRE AND STOKE-ON-TRENT INTEGRATED CARE BOARD,NVC17,ROWLEY HALL HOSPITAL,2354,1458,896,1,0,0,0,0.6193712829226848
2026-06-01,QNC,NHS STAFFORDSHIRE AND STOKE-ON-TRENT INTEGRATED CARE BOARD,RJE,UNIVERSITY HOSPITALS OF NORTH MIDLANDS NHS TRUST,72150,45487,26663,1366,60,4,0,0.6304504504504505
2026-06-01,QNC,NHS STAFFORDSHIRE AND STOKE-ON-TRENT INTEGRATED CARE BOARD,RRE,MIDLANDS PARTNERSHIP UNIVERSITY NHS FOUNDATION TRUST,10291,9515,776,0,0,0,0,0.9245943057040132
2026-06-01,QOC,"NHS SHROPSHIRE, TELFORD AND WREKIN INTEGRATED CARE BOARD",AHP,ST MICHAEL'S CLINIC LIMITED,1755,1149,606,17,1,0,0,0.6547008547008547
2026-06-01,QOC,"NHS SHROPSHIRE, TELFORD AND WREKIN INTEGRATED CARE BOARD",NT235,"NUFFIELD HEALTH, SHREWSBURY HOSPITAL",636,553,83,0,0,0,0,0.8694968553459119
2026-06-01,QOC,"NHS SHROPSHIRE, TELFORD AND WREKIN INTEGRATED CARE BOARD",P5Y6K,NEWMEDICA - SHREWSBURY,447,439,8,0,0,0,0,0.9821029082774049
2026-06-01,QOC,"NHS SHROPSHIRE, TELFORD AND WREKIN INTEGRATED CARE BOARD",R1D,SHROPSHIRE COMMUNITY HEALTH NHS TRUST,8039,6665,1374,1,1,1,0,0.8290832193058838
2026-06-01,QOC,"NHS SHROPSHIRE, TELFORD AND WREKIN INTEGRATED CARE BOARD",RL1,THE ROBERT JONES AND AGNES HUNT ORTHOPAEDIC HOSPITAL NHS FOUNDATION TRUST,23398,12548,10850,2584,1657,1031,367,0.5362851525771434
2026-06-01,QOC,"NHS SHROPSHIRE, TELFORD AND WREKIN INTEGRATED CARE BOARD",RXW,THE SHREWSBURY AND TELFORD HOSPITAL NHS TRUST,37236,25944,11292,0,0,0,0,0.6967450854012246
2026-06-01,QOC,"NHS SHROPSHIRE, TELFORD AND WREKIN INTEGRATED CARE BOARD",V5F1D,SPAMEDICA TELFORD,459,425,34,0,0,0,0,0.9259259259259259
2026-06-01,QOP,NHS GREATER MANCHESTER INTEGRATED CARE BOARD,AW7,REGENCY EYE HOSPITAL,5,5,0,0,0,0,0,1
2026-06-01,QOP,NHS GREATER MANCHESTER INTEGRATED CARE BOARD,D1V5N,ACES BOLTON,1,1,0,0,0,0,0,1
2026-06-01,QOP,NHS GREATER MANCHESTER INTEGRATED CARE BOARD,DXV,OMNES HEALTHCARE LTD,12206,7117,5089,209,80,44,4,0.58307389808291
2026-06-01,QOP,NHS GREATER MANCHESTER INTEGRATED CARE BOARD,I1H7K,SPAMEDICA SALE,246,214,32,1,0,0,0,0.8699186991869918
2026-06-01,QOP,NHS GREATER MANCHESTER INTEGRATED CARE BOARD,M9U8M,ENDOCARE DIAGNOSTICS LTD,56,56,0,0,0,0,0,1
2026-06-01,QOP,NHS GREATER MANCHESTER INTEGRATED CARE BOARD,N1L8R,ACES MANCHESTER ST JOHNS STREET,14,9,5,1,1,1,0,0.6428571428571429
2026-06-01,QOP,NHS GREATER MANCHESTER INTEGRATED CARE BOARD,NLE01,LANCASTER HOUSE CONSULTING DIAGNOSTICS SURGICAL LTD HQ,1263,969,294,0,0,0,0,0.7672209026128266
2026-06-01,QOP,NHS GREATER MANCHESTER INTEGRATED CARE BOARD,NN5,MANCHESTER SURGICAL SERVICES LTD,417,384,33,0,0,0,0,0.920863309352518
2026-06-01,QOP,NHS GREATER MANCHESTER INTEGRATED CARE BOARD,NNH04,OPTEGRA (MANCHESTER EYE HOSPITAL),833,797,36,0,0,0,0,0.9567827130852341
2026-06-01,QOP,NHS GREATER MANCHESTER INTEGRATED CARE BOARD,NPG01,SPAMEDICA MANCHESTER,291,251,40,0,0,0,0,0.8625429553264605
2026-06-01,QOP,NHS GREATER MANCHESTER INTEGRATED CARE BOARD,NPG08,SPAMEDICA BOLTON,620,585,35,0,0,0,0,0.9435483870967742
2026-06-01,QOP,NHS GREATER MANCHESTER INTEGRATED CARE BOARD,NRL,HEART NETWORKS,591,559,32,0,0,0,0,0.9458544839255499
2026-06-01,QOP,NHS GREATER MANCHESTER INTEGRATED CARE BOARD,NRP,BEACON MEDICAL SERVICES GROUP LIMITED,4392,4105,287,0,0,0,0,0.9346539162112932
2026-06-01,QOP,NHS GREATER MANCHESTER INTEGRATED CARE BOARD,NT327,SPIRE MANCHESTER HOSPITAL,639,563,76,1,0,0,0,0.8810641627543035
2026-06-01,QOP,NHS GREATER MANCHESTER INTEGRATED CARE BOARD,NT401,ALEXANDRA HOSPITAL,579,401,178,0,0,0,0,0.6925734024179621
2026-06-01,QOP,NHS GREATER MANCHESTER INTEGRATED CARE BOARD,NT404,BEAUMONT HOSPITAL,3498,2242,1256,0,0,0,0,0.6409376786735277
2026-06-01,QOP,NHS GREATER MANCHESTER INTEGRATED CARE BOARD,NT420,HIGHFIELD HOSPITAL,1083,701,382,1,0,0,0,0.6472760849492152
2026-06-01,QOP,NHS GREATER MANCHESTER INTEGRATED CARE BOARD,NTPAE,PRACTICE PLUS GROUP OPHTHALMOLOGY - NORTH WEST,1544,1430,114,0,0,0,0,0.9261658031088082
2026-06-01,QOP,NHS GREATER MANCHESTER INTEGRATED CARE BOARD,NVC12,OAKLANDS HOSPITAL,3352,2380,972,0,0,0,0,0.7100238663484487
2026-06-01,QOP,NHS GREATER MANCHESTER INTEGRATED CARE BOARD,O1P6X,SPAMEDICA OLDHAM,617,557,60,0,0,0,0,0.9027552674230146
2026-06-01,QOP,NHS GREATER MANCHESTER INTEGRATED CARE BOARD,R0A,MANCHESTER UNIVERSITY NHS FOUNDATION TRUST,166898,106563,60335,1437,0,0,0,0.6384917734184952
2026-06-01,QOP,NHS GREATER MANCHESTER INTEGRATED CARE BOARD,RBV,THE CHRISTIE NHS FOUNDATION TRUST,3125,3041,84,0,0,0,0,0.97312
2026-06-01,QOP,NHS GREATER MANCHESTER INTEGRATED CARE BOARD,RM3,NORTHERN CARE ALLIANCE NHS FOUNDATION TRUST,133909,76619,57290,3613,131,1,0,0.5721721467563793
2026-06-01,QOP,NHS GREATER MANCHESTER INTEGRATED CARE BOARD,RMC,BOLTON NHS FOUNDATION TRUST,37808,23062,14746,444,0,0,0,0.6099767245027508
2026-06-01,QOP,NHS GREATER MANCHESTER INTEGRATED CARE BOARD,RMP,TAMESIDE AND GLOSSOP INTEGRATED CARE NHS FOUNDATION TRUST,16793,13155,3638,0,0,0,0,0.7833621151670339
2026-06-01,QOP,NHS GREATER MANCHESTER INTEGRATED CARE BOARD,RRF,"WRIGHTINGTON, WIGAN AND LEIGH TEACHING HOSPITALS NHS FOUNDATION TRUST",45389,27674,17715,1062,74,3,0,0.6097071977791976
2026-06-01,QOP,NHS GREATER MANCHESTER INTEGRATED CARE BOARD,RWJ,STOCKPORT NHS FOUNDATION TRUST,34544,21471,13073,160,1,0,0,0.6215551181102362
2026-06-01,QOP,NHS GREATER MANCHESTER INTEGRATED CARE BOARD,S8O6A,ACES MANCHESTER TRAFFORD,3,3,0,0,0,0,0,1
2026-06-01,QOP,NHS GREATER MANCHESTER INTEGRATED CARE BOARD,W7J4C,ACES MANCHESTER,85,66,19,0,0,0,0,0.7764705882352941
2026-06-01,QOP,NHS GREATER MANCHESTER INTEGRATED CARE BOARD,Z2L9B,NEWMEDICA - MANCHESTER WEST,345,285,60,0,0,0,0,0.8260869565217391
2026-06-01,QOQ,NHS HUMBER AND NORTH YORKSHIRE INTEGRATED CARE BOARD,A1S9E,OPTEGRA EYE HOSPITAL YORK,770,709,61,0,0,0,0,0.9207792207792208
2026-06-01,QOQ,NHS HUMBER AND NORTH YORKSHIRE INTEGRATED CARE BOARD,ACG12,NEWMEDICA COMMUNITY OPHTHALMOLOGY - NORTH EAST LINCOLNSHIRE - GRIMSBY,981,781,200,1,0,0,0,0.7961264016309888
2026-06-01,QOQ,NHS HUMBER AND NORTH YORKSHIRE INTEGRATED CARE BOARD,ACG22,NEWMEDICA - BRIGG - RIVERSIDE SURGERY,751,604,147,0,0,0,0,0.8042609853528628
2026-06-01,QOQ,NHS HUMBER AND NORTH YORKSHIRE INTEGRATED CARE BOARD,NL3,CARE PLUS GROUP,246,219,27,3,0,0,0,0.8902439024390244
2026-06-01,QOQ,NHS HUMBER AND NORTH YORKSHIRE INTEGRATED CARE BOARD,NPG18,SPAMEDICA HULL,521,504,17,0,0,0,0,0.9673704414587332
2026-06-01,QOQ,NHS HUMBER AND NORTH YORKSHIRE INTEGRATED CARE BOARD,NT245,"NUFFIELD HEALTH, YORK HOSPITAL",1358,959,399,3,0,0,0,0.7061855670103093
2026-06-01,QOQ,NHS HUMBER AND NORTH YORKSHIRE INTEGRATED CARE BOARD,NT351,SPIRE HULL AND EAST RIDING HOSPITAL,2910,1797,1113,0,0,0,0,0.6175257731958763
2026-06-01,QOQ,NHS HUMBER AND NORTH YORKSHIRE INTEGRATED CARE BOARD,NT447,DUCHY HOSPITAL,351,295,56,0,0,0,0,0.8404558404558404
2026-06-01,QOQ,NHS HUMBER AND NORTH YORKSHIRE INTEGRATED CARE BOARD,NTE02,ST HUGH'S HOSPITAL,2229,1840,389,9,2,0,0,0.8254822790489008
2026-06-01,QOQ,NHS HUMBER AND NORTH YORKSHIRE INTEGRATED CARE BOARD,NVC28,CLIFTON PARK HOSPITAL,1569,1120,449,7,0,0,0,0.7138304652644997
2026-06-01,QOQ,NHS HUMBER AND NORTH YORKSHIRE INTEGRATED CARE BOARD,RCB,YORK AND SCARBOROUGH TEACHING HOSPITALS NHS FOUNDATION TRUST,56474,33327,23147,1087,0,0,0,0.5901299713142331
2026-06-01,QOQ,NHS HUMBER AND NORTH YORKSHIRE INTEGRATED CARE BOARD,RCD,HARROGATE AND DISTRICT NHS FOUNDATION TRUST,21377,16228,5149,3,0,0,0,0.7591336483136081
2026-06-01,QOQ,NHS HUMBER AND NORTH YORKSHIRE INTEGRATED CARE BOARD,RJL,NORTHERN LINCOLNSHIRE AND GOOLE NHS FOUNDATION TRUST,42014,25891,16123,1218,78,2,0,0.6162469652972818
2026-06-01,QOQ,NHS HUMBER AND NORTH YORKSHIRE INTEGRATED CARE BOARD,RWA,HULL UNIVERSITY TEACHING HOSPITALS NHS TRUST,84186,47785,36401,3188,224,5,0,0.5676121920509348
2026-06-01,QOQ,NHS HUMBER AND NORTH YORKSHIRE INTEGRATED CARE BOARD,Z1E5F,NEWMEDICA - HARROGATE,293,264,29,0,0,0,0,0.9010238907849829
2026-06-01,QOX,"NHS BATH AND NORTH EAST SOMERSET, SWINDON AND WILTSHIRE INTEGRATED CARE BOARD",D0V5X,NEWMEDICA - SWINDON MURDOCK ROAD,131,112,19,1,0,0,0,0.8549618320610687
2026-06-01,QOX,"NHS BATH AND NORTH EAST SOMERSET, SWINDON AND WILTSHIRE INTEGRATED CARE BOARD",DFY01,COTSWOLDS SURGICAL PARTNERS,282,272,10,0,0,0,0,0.9645390070921985
2026-06-01,QOX,"NHS BATH AND NORTH EAST SOMERSET, SWINDON AND WILTSHIRE INTEGRATED CARE BOARD",G3Z1Q,SULIS HOSPITAL BATH (FOXCOTE AVENUE),3895,2853,1042,6,0,0,0,0.7324775353016688
2026-06-01,QOX,"NHS BATH AND NORTH EAST SOMERSET, SWINDON AND WILTSHIRE INTEGRATED CARE BOARD",H1T2P,SPAMEDICA SWINDON,123,116,7,0,0,0,0,0.943089430894309
2026-06-01,QOX,"NHS BATH AND NORTH EAST SOMERSET, SWINDON AND WILTSHIRE INTEGRATED CARE BOARD",NQT5K,ST MARTINS HOSPITAL,101,79,22,0,0,0,0,0.7821782178217822
2026-06-01,QOX,"NHS BATH AND NORTH EAST SOMERSET, SWINDON AND WILTSHIRE INTEGRATED CARE BOARD",NT402,BATH CLINIC,696,564,132,0,0,0,0,0.8103448275862069
2026-06-01,QOX,"NHS BATH AND NORTH EAST SOMERSET, SWINDON AND WILTSHIRE INTEGRATED CARE BOARD",NT430,RIDGEWAY HOSPITAL,399,330,69,1,1,1,1,0.8270676691729323
2026-06-01,QOX,"NHS BATH AND NORTH EAST SOMERSET, SWINDON AND WILTSHIRE INTEGRATED CARE BOARD",NTPH3,PRACTICE PLUS GROUP SURGICAL CENTRE - DEVIZES,2722,2200,522,1,0,0,0,0.8082292432035268
2026-06-01,QOX,"NHS BATH AND NORTH EAST SOMERSET, SWINDON AND WILTSHIRE INTEGRATED CARE BOARD",NVC09,NEW HALL HOSPITAL,3486,2506,980,19,1,0,0,0.7188755020080321
2026-06-01,QOX,"NHS BATH AND NORTH EAST SOMERSET, SWINDON AND WILTSHIRE INTEGRATED CARE BOARD",NXP,INDEPENDENT HEALTH GROUP,855,807,48,1,0,0,0,0.9438596491228071
2026-06-01,QOX,"NHS BATH AND NORTH EAST SOMERSET, SWINDON AND WILTSHIRE INTEGRATED CARE BOARD",RD1,ROYAL UNITED HOSPITALS BATH NHS FOUNDATION TRUST,39606,27869,11737,133,0,0,0,0.7036560117153967
2026-06-01,QOX,"NHS BATH AND NORTH EAST SOMERSET, SWINDON AND WILTSHIRE INTEGRATED CARE BOARD",RN3,GREAT WESTERN HOSPITALS NHS FOUNDATION TRUST,42881,24378,18503,1091,9,0,0,0.5685035330332782
2026-06-01,QOX,"NHS BATH AND NORTH EAST SOMERSET, SWINDON AND WILTSHIRE INTEGRATED CARE BOARD",RNZ,SALISBURY NHS FOUNDATION TRUST,29733,21548,8185,84,2,0,0,0.7247166448054351
2026-06-01,QPM,NHS NORTHAMPTONSHIRE INTEGRATED CARE BOARD,K8I4X,GLENDON WOOD HOSPITAL,1591,1212,379,0,0,0,0,0.7617850408548082
2026-06-01,QPM,NHS NORTHAMPTONSHIRE INTEGRATED CARE BOARD,M4C5R,NEWMEDICA - NORTHAMPTON,1223,1048,175,0,0,0,0,0.856909239574816
2026-06-01,QPM,NHS NORTHAMPTONSHIRE INTEGRATED CARE BOARD,NT441,THREE SHIRES HOSPITAL,3728,2338,1390,21,0,0,0,0.6271459227467812
2026-06-01,QPM,NHS NORTHAMPTONSHIRE INTEGRATED CARE BOARD,NVC23,WOODLAND HOSPITAL,4641,2977,1664,3,0,0,0,0.6414565826330533
2026-06-01,QPM,NHS NORTHAMPTONSHIRE INTEGRATED CARE BOARD,RNQ,KETTERING GENERAL HOSPITAL NHS FOUNDATION TRUST,27712,18171,9541,72,0,0,0,0.6557087182448037
2026-06-01,QPM,NHS NORTHAMPTONSHIRE INTEGRATED CARE BOARD,RNS,NORTHAMPTON GENERAL HOSPITAL NHS TRUST,39604,24286,15318,374,1,0,0,0.6132208867791132
2026-06-01,QR1,NHS GLOUCESTERSHIRE INTEGRATED CARE BOARD,A0C5S,SPAMEDICA GLOUCESTER,90,85,5,0,0,0,0,0.9444444444444444
2026-06-01,QR1,NHS GLOUCESTERSHIRE INTEGRATED CARE BOARD,AAH,TETBURY HOSPITAL TRUST LTD,275,250,25,0,0,0,0,0.9090909090909091
2026-06-01,QR1,NHS GLOUCESTERSHIRE INTEGRATED CARE BOARD,ACG13,NEWMEDICA - GLOUCESTER (ASPEN MEDICAL CENTRE),520,399,121,1,0,0,0,0.7673076923076924
2026-06-01,QR1,NHS GLOUCESTERSHIRE INTEGRATED CARE BOARD,L0D9W,NEWMEDICA - GLOUCESTER (BRIGHOUSE COURT),1051,903,148,2,0,0,0,0.8591817316841104
2026-06-01,QR1,NHS GLOUCESTERSHIRE INTEGRATED CARE BOARD,NT211,"NUFFIELD HEALTH, CHELTENHAM HOSPITAL",78,35,43,8,3,0,0,0.44871794871794873
2026-06-01,QR1,NHS GLOUCESTERSHIRE INTEGRATED CARE BOARD,NVC22,WINFIELD HOSPITAL,1384,1021,363,1,0,0,0,0.7377167630057804
2026-06-01,QR1,NHS GLOUCESTERSHIRE INTEGRATED CARE BOARD,RTE,GLOUCESTERSHIRE HOSPITALS NHS FOUNDATION TRUST,69868,51361,18507,15,0,0,0,0.7351147878857274
2026-06-01,QRL,NHS HAMPSHIRE AND ISLE OF WIGHT INTEGRATED CARE BOARD,A1U4J,SPAMEDICA PORTSMOUTH,176,138,38,1,0,0,0,0.7840909090909091
2026-06-01,QRL,NHS HAMPSHIRE AND ISLE OF WIGHT INTEGRATED CARE BOARD,B9M3W,SPAMEDICA SOUTHAMPTON,357,265,92,17,0,0,0,0.742296918767507
2026-06-01,QRL,NHS HAMPSHIRE AND ISLE OF WIGHT INTEGRATED CARE BOARD,D0Y2J,OPTEGRA AT HAVANT HEALTH CENTRE (HAVANT),7,7,0,0,0,0,0,1
2026-06-01,QRL,NHS HAMPSHIRE AND ISLE OF WIGHT INTEGRATED CARE BOARD,GEC01,RAPID INVESTIGATION SERVICE,163,163,0,0,0,0,0,1
2026-06-01,QRL,NHS HAMPSHIRE AND ISLE OF WIGHT INTEGRATED CARE BOARD,L4R3R,NEWMEDICA - HAMPSHIRE,2125,1198,927,43,3,0,0,0.563764705882353
2026-06-01,QRL,NHS HAMPSHIRE AND ISLE OF WIGHT INTEGRATED CARE BOARD,NEY,PIONEER HEALTHCARE LIMITED,106,64,42,15,8,2,0,0.6037735849056604
2026-06-01,QRL,NHS HAMPSHIRE AND ISLE OF WIGHT INTEGRATED CARE BOARD,NNH06,OPTEGRA (SOLENT EYE HOSPITAL),872,872,0,0,0,0,0,1
2026-06-01,QRL,NHS HAMPSHIRE AND ISLE OF WIGHT INTEGRATED CARE BOARD,NRF,UNIVERSITY OF SOUTHAMPTON AUDITORY IMPLANT SERVICE,189,133,56,7,3,0,0,0.7037037037037037
2026-06-01,QRL,NHS HAMPSHIRE AND ISLE OF WIGHT INTEGRATED CARE BOARD,NT214,"NUFFIELD HEALTH, WESSEX HOSPITAL",561,325,236,3,0,0,0,0.5793226381461676
2026-06-01,QRL,NHS HAMPSHIRE AND ISLE OF WIGHT INTEGRATED CARE BOARD,NT304,SPIRE SOUTHAMPTON HOSPITAL,180,130,50,6,1,0,0,0.7222222222222222
2026-06-01,QRL,NHS HAMPSHIRE AND ISLE OF WIGHT INTEGRATED CARE BOARD,NT305,SPIRE PORTSMOUTH HOSPITAL,426,234,192,3,0,0,0,0.5492957746478874
2026-06-01,QRL,NHS HAMPSHIRE AND ISLE OF WIGHT INTEGRATED CARE BOARD,NT345,SPIRE CLARE PARK HOSPITAL,309,221,88,1,0,0,0,0.7152103559870551
2026-06-01,QRL,NHS HAMPSHIRE AND ISLE OF WIGHT INTEGRATED CARE BOARD,NT418,HAMPSHIRE CLINIC,364,221,143,1,0,0,0,0.6071428571428571
2026-06-01,QRL,NHS HAMPSHIRE AND ISLE OF WIGHT INTEGRATED CARE BOARD,NT433,SARUM ROAD HOSPITAL,256,142,114,1,0,0,0,0.5546875
2026-06-01,QRL,NHS HAMPSHIRE AND ISLE OF WIGHT INTEGRATED CARE BOARD,NTP11,PRACTICE PLUS GROUP HOSPITAL - SOUTHAMPTON,10481,6249,4232,7,0,0,0,0.5962217345673123
2026-06-01,QRL,NHS HAMPSHIRE AND ISLE OF WIGHT INTEGRATED CARE BOARD,NTPAD,PRACTICE PLUS GROUP SURGICAL CENTRE - ST MARYS PORTSMOUTH,1937,1866,71,0,0,0,0,0.963345379452762
2026-06-01,QRL,NHS HAMPSHIRE AND ISLE OF WIGHT INTEGRATED CARE BOARD,Q4W9A,ACES SOUTHAMPTON,48,45,3,0,0,0,0,0.9375
2026-06-01,QRL,NHS HAMPSHIRE AND ISLE OF WIGHT INTEGRATED CARE BOARD,Q8X0X,SPAMEDICA ISLE OF WIGHT COMMUNITY DIAGNOSTIC & TREATMENT CENTRE,27,22,5,0,0,0,0,0.8148148148148148
2026-06-01,QRL,NHS HAMPSHIRE AND ISLE OF WIGHT INTEGRATED CARE BOARD,R1F,ISLE OF WIGHT NHS TRUST,12768,8197,4571,98,0,0,0,0.6419956140350878
2026-06-01,QRL,NHS HAMPSHIRE AND ISLE OF WIGHT INTEGRATED CARE BOARD,RHM,UNIVERSITY HOSPITAL SOUTHAMPTON NHS FOUNDATION TRUST,63326,41343,21983,1397,155,8,0,0.6528598048195055
2026-06-01,QRL,NHS HAMPSHIRE AND ISLE OF WIGHT INTEGRATED CARE BOARD,RHU,PORTSMOUTH HOSPITALS UNIVERSITY NHS TRUST,57558,35164,22394,2072,97,4,1,0.6109315820563606
2026-06-01,QRL,NHS HAMPSHIRE AND ISLE OF WIGHT INTEGRATED CARE BOARD,RN5,HAMPSHIRE HOSPITALS NHS FOUNDATION TRUST,50470,32866,17604,1293,66,1,0,0.6511987319199525
2026-06-01,QRL,NHS HAMPSHIRE AND ISLE OF WIGHT INTEGRATED CARE BOARD,RW1,HAMPSHIRE AND ISLE OF WIGHT HEALTHCARE NHS FOUNDATION TRUST,4483,3918,565,0,0,0,0,0.8739683247825117
2026-06-01,QRL,NHS HAMPSHIRE AND ISLE OF WIGHT INTEGRATED CARE BOARD,Y7W8F,ACES SOUTHAMPTON - EAST ST,15,13,2,0,0,0,0,0.8666666666666667
2026-06-01,QSL,NHS SOMERSET INTEGRATED CARE BOARD,G6S7A,SPAMEDICA TAUNTON,725,630,95,0,0,0,0,0.8689655172413793
2026-06-01,QSL,NHS SOMERSET INTEGRATED CARE BOARD,NPR01,ABOUT HEALTH HQ,1588,1588,0,0,0,0,0,1
2026-06-01,QSL,NHS SOMERSET INTEGRATED CARE BOARD,NT238,"NUFFIELD HEALTH, TAUNTON HOSPITAL",580,292,288,1,0,0,0,0.503448275862069
2026-06-01,QSL,NHS SOMERSET INTEGRATED CARE BOARD,NTPH1,PRACTICE PLUS GROUP HOSPITAL - SHEPTON MALLET,2947,2127,820,32,4,1,0,0.7217509331523583
2026-06-01,QSL,NHS SOMERSET INTEGRATED CARE BOARD,RH5,SOMERSET NHS FOUNDATION TRUST,53524,34908,18616,1310,32,3,0,0.6521934085643823
2026-06-01,QT1,NHS NOTTINGHAM AND NOTTINGHAMSHIRE INTEGRATED CARE BOARD,A4Y8X,ACES NOTTINGHAM,48,43,5,0,0,0,0,0.8958333333333334
2026-06-01,QT1,NHS NOTTINGHAM AND NOTTINGHAMSHIRE INTEGRATED CARE BOARD,A6U7U,OPTEGRA EYE HOSPITAL NOTTINGHAM,183,183,0,0,0,0,0,1
2026-06-01,QT1,NHS NOTTINGHAM AND NOTTINGHAMSHIRE INTEGRATED CARE BOARD,ACG30,NEWMEDICA - WORKSOP - DUKERIES,181,168,13,0,0,0,0,0.9281767955801105
2026-06-01,QT1,NHS NOTTINGHAM AND NOTTINGHAMSHIRE INTEGRATED CARE BOARD,B1A5K,NEWMEDICA - NOTTINGHAM,760,703,57,0,0,0,0,0.925
2026-06-01,QT1,NHS NOTTINGHAM AND NOTTINGHAMSHIRE INTEGRATED CARE BOARD,G3O5P,SPAMEDICA NEWARK,486,454,32,5,1,0,0,0.934156378600823
2026-06-01,QT1,NHS NOTTINGHAM AND NOTTINGHAMSHIRE INTEGRATED CARE BOARD,M6L9D,NEWMEDICA - NOTTINGHAM - KEYWORTH,41,41,0,0,0,0,0,1
2026-06-01,QT1,NHS NOTTINGHAM AND NOTTINGHAMSHIRE INTEGRATED CARE BOARD,NT30A,SPIRE NOTTINGHAM HOSPITAL,652,506,146,1,0,0,0,0.7760736196319018
2026-06-01,QT1,NHS NOTTINGHAM AND NOTTINGHAMSHIRE INTEGRATED CARE BOARD,NT427,PARK HOSPITAL,2377,1576,801,24,2,2,0,0.6630206142196046
2026-06-01,QT1,NHS NOTTINGHAM AND NOTTINGHAMSHIRE INTEGRATED CARE BOARD,NVC40,WOODTHORPE HOSPITAL,3628,2784,844,2,2,1,0,0.7673649393605292
2026-06-01,QT1,NHS NOTTINGHAM AND NOTTINGHAMSHIRE INTEGRATED CARE BOARD,RK5,SHERWOOD FOREST HOSPITALS NHS FOUNDATION TRUST,32753,21224,11529,399,0,0,0,0.6480017097670442
2026-06-01,QT1,NHS NOTTINGHAM AND NOTTINGHAMSHIRE INTEGRATED CARE BOARD,RX1,NOTTINGHAM UNIVERSITY HOSPITALS NHS TRUST,80092,53852,26240,1702,58,0,0,0.672376766718274
2026-06-01,QT6,NHS CORNWALL AND THE ISLES OF SCILLY INTEGRATED CARE BOARD,E3D4A,SPAMEDICA TRURO,291,269,22,0,0,0,0,0.9243986254295533
2026-06-01,QT6,NHS CORNWALL AND THE ISLES OF SCILLY INTEGRATED CARE BOARD,NAM01,PROBUS SURGICAL CENTRE,802,777,25,0,0,0,0,0.9688279301745636
2026-06-01,QT6,NHS CORNWALL AND THE ISLES OF SCILLY INTEGRATED CARE BOARD,NVC04,DUCHY HOSPITAL,1730,1146,584,4,0,0,0,0.6624277456647398
2026-06-01,QT6,NHS CORNWALL AND THE ISLES OF SCILLY INTEGRATED CARE BOARD,REF,ROYAL CORNWALL HOSPITALS NHS TRUST,43280,32158,11122,463,39,4,1,0.7430221811460259
2026-06-01,QT6,NHS CORNWALL AND THE ISLES OF SCILLY INTEGRATED CARE BOARD,RJ8,CORNWALL PARTNERSHIP NHS FOUNDATION TRUST,735,715,20,0,0,0,0,0.9727891156462585
2026-06-01,QUA,NHS BLACK COUNTRY INTEGRATED CARE BOARD,DXN,MODALITY LLP,1178,116,1062,23,0,0,0,0.09847198641765705
2026-06-01,QUA,NHS BLACK COUNTRY INTEGRATED CARE BOARD,NPG20,SPAMEDICA WOLVERHAMPTON,781,705,76,0,0,0,0,0.9026888604353394
2026-06-01,QUA,NHS BLACK COUNTRY INTEGRATED CARE BOARD,NT242,"NUFFIELD HEALTH, WOLVERHAMPTON HOSPITAL",499,424,75,0,0,0,0,0.8496993987975952
2026-06-01,QUA,NHS BLACK COUNTRY INTEGRATED CARE BOARD,NVC1H,STOURSIDE HOSPITAL,2866,2031,835,7,2,0,0,0.7086531751570132
2026-06-01,QUA,NHS BLACK COUNTRY INTEGRATED CARE BOARD,NVC21,WEST MIDLANDS HOSPITAL,671,487,184,3,0,0,0,0.7257824143070045
2026-06-01,QUA,NHS BLACK COUNTRY INTEGRATED CARE BOARD,RBK,WALSALL HEALTHCARE NHS TRUST,27966,20919,7047,4,0,0,0,0.7480154473288994
2026-06-01,QUA,NHS BLACK COUNTRY INTEGRATED CARE BOARD,RL4,THE ROYAL WOLVERHAMPTON NHS TRUST,72008,44708,27300,1214,0,0,0,0.6208754582824131
2026-06-01,QUA,NHS BLACK COUNTRY INTEGRATED CARE BOARD,RNA,THE DUDLEY GROUP NHS FOUNDATION TRUST,47261,30727,16534,24,1,0,0,0.6501555193499926
2026-06-01,QUA,NHS BLACK COUNTRY INTEGRATED CARE BOARD,RXK,SANDWELL AND WEST BIRMINGHAM HOSPITALS NHS TRUST,66744,41215,25529,291,2,0,0,0.6175086899196932
2026-06-01,QUY,"NHS BRISTOL, NORTH SOMERSET AND SOUTH GLOUCESTERSHIRE INTEGRATED CARE BOARD",ACG20,NEWMEDICA - BRISTOL - LITFIELD HOUSE,367,314,53,1,0,0,0,0.8555858310626703
2026-06-01,QUY,"NHS BRISTOL, NORTH SOMERSET AND SOUTH GLOUCESTERSHIRE INTEGRATED CARE BOARD",ACG38,NEWMEDICA - LANGFORD,421,339,82,2,1,0,0,0.8052256532066508
2026-06-01,QUY,"NHS BRISTOL, NORTH SOMERSET AND SOUTH GLOUCESTERSHIRE INTEGRATED CARE BOARD",H4J9P,NEWMEDICA AZTEC WEST,787,575,212,1,0,0,0,0.7306226175349428
2026-06-01,QUY,"NHS BRISTOL, NORTH SOMERSET AND SOUTH GLOUCESTERSHIRE INTEGRATED CARE BOARD",NFH,SOMERSET SURGICAL SERVICES HQ,1532,1196,336,2,0,0,0,0.7806788511749347
2026-06-01,QUY,"NHS BRISTOL, NORTH SOMERSET AND SOUTH GLOUCESTERSHIRE INTEGRATED CARE BOARD",NLX,SIRONA CARE & HEALTH,3861,3765,96,0,0,0,0,0.9751359751359752
2026-06-01,QUY,"NHS BRISTOL, NORTH SOMERSET AND SOUTH GLOUCESTERSHIRE INTEGRATED CARE BOARD",NT206,"NUFFIELD HEALTH, BRISTOL HOSPITAL (CHESTERFIELD)",571,383,188,0,0,0,0,0.670753064798599
2026-06-01,QUY,"NHS BRISTOL, NORTH SOMERSET AND SOUTH GLOUCESTERSHIRE INTEGRATED CARE BOARD",NT302,SPIRE BRISTOL HOSPITAL,800,444,356,11,0,0,0,0.555
2026-06-01,QUY,"NHS BRISTOL, NORTH SOMERSET AND SOUTH GLOUCESTERSHIRE INTEGRATED CARE BOARD",NTPH2,PRACTICE PLUS GROUP HOSPITAL - EMERSONS GREEN,5409,4169,1240,1,1,0,0,0.770752449621002
2026-06-01,QUY,"NHS BRISTOL, NORTH SOMERSET AND SOUTH GLOUCESTERSHIRE INTEGRATED CARE BOARD",NWV01,COHESE HEALTHCARE,1008,1004,4,0,0,0,0,0.996031746031746
2026-06-01,QUY,"NHS BRISTOL, NORTH SOMERSET AND SOUTH GLOUCESTERSHIRE INTEGRATED CARE BOARD",P1B7M,SPAMEDICA BRISTOL,302,290,12,0,0,0,0,0.9602649006622517
2026-06-01,QUY,"NHS BRISTOL, NORTH SOMERSET AND SOUTH GLOUCESTERSHIRE INTEGRATED CARE BOARD",RA7,UNIVERSITY HOSPITALS BRISTOL AND WESTON NHS FOUNDATION TRUST,50868,35049,15819,442,0,0,0,0.6890186364708658
2026-06-01,QUY,"NHS BRISTOL, NORTH SOMERSET AND SOUTH GLOUCESTERSHIRE INTEGRATED CARE BOARD",RVJ,NORTH BRISTOL NHS TRUST,42365,30310,12055,55,4,0,0,0.7154490735276762
2026-06-01,QUY,"NHS BRISTOL, NORTH SOMERSET AND SOUTH GLOUCESTERSHIRE INTEGRATED CARE BOARD",T1T4S,ACES BRISTOL,95,75,20,0,0,0,0,0.7894736842105263
2026-06-01,QVV,NHS DORSET INTEGRATED CARE BOARD,H4Y7F,SPAMEDICA DORCHESTER,634,585,49,0,0,0,0,0.9227129337539433
2026-06-01,QVV,NHS DORSET INTEGRATED CARE BOARD,L6O7H,SPAMEDICA POOLE,980,911,69,1,0,0,0,0.9295918367346939
2026-06-01,QVV,NHS DORSET INTEGRATED CARE BOARD,NT202,"NUFFIELD HEALTH, BOURNEMOUTH HOSPITAL",420,240,180,0,0,0,0,0.5714285714285714
2026-06-01,QVV,NHS DORSET INTEGRATED CARE BOARD,NT419,HARBOUR HOSPITAL,170,114,56,0,0,0,0,0.6705882352941176
2026-06-01,QVV,NHS DORSET INTEGRATED CARE BOARD,NT443,WINTERBOURNE HOSPITAL,424,302,122,0,0,0,0,0.7122641509433962
2026-06-01,QVV,NHS DORSET INTEGRATED CARE BOARD,R0D,UNIVERSITY HOSPITALS DORSET NHS FOUNDATION TRUST,67378,45562,21816,672,0,0,0,0.6762147882098014
2026-06-01,QVV,NHS DORSET INTEGRATED CARE BOARD,RBD,DORSET COUNTY HOSPITAL NHS FOUNDATION TRUST,22644,13700,8944,399,0,0,0,0.6050167814873697
2026-06-01,QWE,NHS SOUTH WEST LONDON INTEGRATED CARE BOARD,N1N0Y,SPAMEDICA CROYDON,137,116,21,0,0,0,0,0.8467153284671532
2026-06-01,QWE,NHS SOUTH WEST LONDON INTEGRATED CARE BOARD,NLG,COMMUNITAS CLINICS,3848,3111,737,10,0,0,0,0.8084719334719335
2026-06-01,QWE,NHS SOUTH WEST LONDON INTEGRATED CARE BOARD,NT3X3,SPIRE ST ANTHONY'S HOSPITAL,1017,940,77,4,0,0,0,0.9242871189773845
2026-06-01,QWE,NHS SOUTH WEST LONDON INTEGRATED CARE BOARD,NT436,SHIRLEY OAKS HOSPITAL,1057,765,292,4,0,0,0,0.7237464522232734
2026-06-01,QWE,NHS SOUTH WEST LONDON INTEGRATED CARE BOARD,R0F4N,NUFFIELD HEALTH PARKSIDE HOSPITAL,811,536,275,96,83,73,53,0.6609124537607891
2026-06-01,QWE,NHS SOUTH WEST LONDON INTEGRATED CARE BOARD,RAX,KINGSTON AND RICHMOND NHS FOUNDATION TRUST,40399,27524,12875,134,0,0,0,0.681303992673086
2026-06-01,QWE,NHS SOUTH WEST LONDON INTEGRATED CARE BOARD,RJ6,CROYDON HEALTH SERVICES NHS TRUST,37031,26879,10152,721,36,10,1,0.7258513137641436
2026-06-01,QWE,NHS SOUTH WEST LONDON INTEGRATED CARE BOARD,RJ7,ST GEORGE'S UNIVERSITY HOSPITALS NHS FOUNDATION TRUST,69329,44952,24377,570,34,1,0,0.6483866780135297
2026-06-01,QWE,NHS SOUTH WEST LONDON INTEGRATED CARE BOARD,RVR,EPSOM AND ST HELIER UNIVERSITY HOSPITALS NHS TRUST,57011,38144,18867,514,26,1,0,0.6690638648681834
2026-06-01,QWO,NHS WEST YORKSHIRE INTEGRATED CARE BOARD,ACG19,NEWMEDICA COMMUNITY OPHTHALMOLOGY - LEEDS,701,610,91,0,0,0,0,0.8701854493580599
2026-06-01,QWO,NHS WEST YORKSHIRE INTEGRATED CARE BOARD,ACG40,NEWMEDICA - WAKEFIELD,580,493,87,0,0,0,0,0.85
2026-06-01,QWO,NHS WEST YORKSHIRE INTEGRATED CARE BOARD,AJ8,THE GRANGE MEDICAL CENTRE HQ,231,231,0,0,0,0,0,1
2026-06-01,QWO,NHS WEST YORKSHIRE INTEGRATED CARE BOARD,C9A7J,NEWMEDICA - BRADFORD & HUDDERSFIELD,834,744,90,1,0,0,0,0.8920863309352518
2026-06-01,QWO,NHS WEST YORKSHIRE INTEGRATED CARE BOARD,E6F9I,ACES BRADFORD,2,2,0,0,0,0,0,1
2026-06-01,QWO,NHS WEST YORKSHIRE INTEGRATED CARE BOARD,I2C7H,SPAMEDICA BRADFORD,303,291,12,0,0,0,0,0.9603960396039604
2026-06-01,QWO,NHS WEST YORKSHIRE INTEGRATED CARE BOARD,NEQ,PHOENIX HEALTH SOLUTIONS LIMITED HQ,569,539,30,0,0,0,0,0.9472759226713533
2026-06-01,QWO,NHS WEST YORKSHIRE INTEGRATED CARE BOARD,NID,THE LIVING CARE GROUP,1547,1547,0,0,0,0,0,1
2026-06-01,QWO,NHS WEST YORKSHIRE INTEGRATED CARE BOARD,NL8,LOCALA COMMUNITY PARTNERSHIPS CIC,1431,1188,243,0,0,0,0,0.8301886792452831
2026-06-01,QWO,NHS WEST YORKSHIRE INTEGRATED CARE BOARD,NNH02,OPTEGRA YORKSHIRE EYE HOSPITAL,858,764,94,0,0,0,0,0.8904428904428905
2026-06-01,QWO,NHS WEST YORKSHIRE INTEGRATED CARE BOARD,NPG07,SPAMEDICA EYE HOSPITAL (WAKEFIELD),783,729,54,0,0,0,0,0.9310344827586207
2026-06-01,QWO,NHS WEST YORKSHIRE INTEGRATED CARE BOARD,NQH,NOVUS HEALTH LTD,916,905,11,0,0,0,0,0.9879912663755459
2026-06-01,QWO,NHS WEST YORKSHIRE INTEGRATED CARE BOARD,NT332,SPIRE LEEDS HOSPITAL,884,703,181,0,0,0,0,0.7952488687782805
2026-06-01,QWO,NHS WEST YORKSHIRE INTEGRATED CARE BOARD,NT348,SPIRE ELLAND HOSPITAL,1294,901,393,4,2,0,0,0.69629057187017
2026-06-01,QWO,NHS WEST YORKSHIRE INTEGRATED CARE BOARD,NT350,SPIRE METHLEY PARK HOSPITAL,935,788,147,0,0,0,0,0.8427807486631016
2026-06-01,QWO,NHS WEST YORKSHIRE INTEGRATED CARE BOARD,NT448,HUDDERSFIELD PRIVATE HOSPITAL,1120,1042,78,1,1,0,0,0.9303571428571429
2026-06-01,QWO,NHS WEST YORKSHIRE INTEGRATED CARE BOARD,NVC20,THE YORKSHIRE CLINIC,7268,5526,1742,17,2,0,0,0.7603192074848651
2026-06-01,QWO,NHS WEST YORKSHIRE INTEGRATED CARE BOARD,P0C3F,SPAMEDICA LEEDS,319,299,20,1,1,0,0,0.9373040752351097
2026-06-01,QWO,NHS WEST YORKSHIRE INTEGRATED CARE BOARD,P1G3N,ACES LEEDS WHITE ROSE,11,11,0,0,0,0,0,1
2026-06-01,QWO,NHS WEST YORKSHIRE INTEGRATED CARE BOARD,RAE,BRADFORD TEACHING HOSPITALS NHS FOUNDATION TRUST,31606,21905,9701,55,0,0,0,0.6930646079858255
2026-06-01,QWO,NHS WEST YORKSHIRE INTEGRATED CARE BOARD,RCF,AIREDALE NHS FOUNDATION TRUST,14155,10048,4107,63,0,0,0,0.7098551748498764
2026-06-01,QWO,NHS WEST YORKSHIRE INTEGRATED CARE BOARD,RR8,LEEDS TEACHING HOSPITALS NHS TRUST,85753,58682,27071,1402,294,17,3,0.6843142513964526
2026-06-01,QWO,NHS WEST YORKSHIRE INTEGRATED CARE BOARD,RWY,CALDERDALE AND HUDDERSFIELD NHS FOUNDATION TRUST,35682,26930,8752,8,0,0,0,0.7547222689311137
2026-06-01,QWO,NHS WEST YORKSHIRE INTEGRATED CARE BOARD,RXF,MID YORKSHIRE TEACHING NHS TRUST,55551,36399,19152,319,8,0,0,0.655235729329805
2026-06-01,QWO,NHS WEST YORKSHIRE INTEGRATED CARE BOARD,RXG,SOUTH WEST YORKSHIRE PARTNERSHIP NHS FOUNDATION TRUST,4584,4452,132,0,0,0,0,0.9712041884816754
2026-06-01,QWO,NHS WEST YORKSHIRE INTEGRATED CARE BOARD,TAD,BRADFORD DISTRICT CARE NHS FOUNDATION TRUST,607,363,244,21,0,0,0,0.5980230642504119
2026-06-01,QWO,NHS WEST YORKSHIRE INTEGRATED CARE BOARD,X0R3Y,ACES LEEDS KING STREET,34,33,1,0,0,0,0,0.9705882352941176
2026-06-01,QWU,NHS COVENTRY AND WARWICKSHIRE INTEGRATED CARE BOARD,ACG08,NEWMEDICA OPHTHALMOLOGY - NUNEATON - CAMP HILL - GP LED HEALTH CENTRE,10,10,0,0,0,0,0,1
2026-06-01,QWU,NHS COVENTRY AND WARWICKSHIRE INTEGRATED CARE BOARD,NPG21,SPAMEDICA COVENTRY,799,740,59,1,1,0,0,0.9261576971214017
2026-06-01,QWU,NHS COVENTRY AND WARWICKSHIRE INTEGRATED CARE BOARD,NT224,"NUFFIELD HEALTH, WARWICKSHIRE HOSPITAL",435,324,111,3,0,0,0,0.7448275862068966
2026-06-01,QWU,NHS COVENTRY AND WARWICKSHIRE INTEGRATED CARE BOARD,NT424,MERIDEN HOSPITAL,1897,1609,288,0,0,0,0,0.8481813389562467
2026-06-01,QWU,NHS COVENTRY AND WARWICKSHIRE INTEGRATED CARE BOARD,RJC,SOUTH WARWICKSHIRE UNIVERSITY NHS FOUNDATION TRUST,31289,21695,9594,264,0,0,0,0.6933746684138196
2026-06-01,QWU,NHS COVENTRY AND WARWICKSHIRE INTEGRATED CARE BOARD,RKB,UNIVERSITY HOSPITALS COVENTRY AND WARWICKSHIRE NHS TRUST,72193,41780,30413,2279,31,0,0,0.5787264693252808
2026-06-01,QWU,NHS COVENTRY AND WARWICKSHIRE INTEGRATED CARE BOARD,RLT,GEORGE ELIOT HOSPITAL NHS TRUST,19369,12489,6880,101,0,0,0,0.6447932262894316
2026-06-01,QYG,NHS CHESHIRE AND MERSEYSIDE INTEGRATED CARE BOARD,ACM,EYE CARE MEDICAL LTD,5,5,0,0,0,0,0,1
2026-06-01,QYG,NHS CHESHIRE AND MERSEYSIDE INTEGRATED CARE BOARD,AQK,VERNOVA HEALTHCARE COMMUNITY INTEREST COMPANY,329,265,64,5,4,1,1,0.8054711246200608
2026-06-01,QYG,NHS CHESHIRE AND MERSEYSIDE INTEGRATED CARE BOARD,D2L5T,ACES LIVERPOOL,34,31,3,0,0,0,0,0.9117647058823529
2026-06-01,QYG,NHS CHESHIRE AND MERSEYSIDE INTEGRATED CARE BOARD,DTT,PHOENIX PUBLIC HEALTH LTD,196,162,34,0,0,0,0,0.826530612244898
2026-06-01,QYG,NHS CHESHIRE AND MERSEYSIDE INTEGRATED CARE BOARD,F1Y1H,NEWMEDICA - CHESHIRE OAKS,468,384,84,0,0,0,0,0.8205128205128205
2026-06-01,QYG,NHS CHESHIRE AND MERSEYSIDE INTEGRATED CARE BOARD,NCR,ISIGHT,1285,1131,154,1,0,0,0,0.8801556420233463
2026-06-01,QYG,NHS CHESHIRE AND MERSEYSIDE INTEGRATED CARE BOARD,NPG02,SPAMEDICA WIRRAL,417,402,15,0,0,0,0,0.9640287769784173
2026-06-01,QYG,NHS CHESHIRE AND MERSEYSIDE INTEGRATED CARE BOARD,NPG06,SPAMEDICA LIVERPOOL,490,457,33,0,0,0,0,0.9326530612244898
2026-06-01,QYG,NHS CHESHIRE AND MERSEYSIDE INTEGRATED CARE BOARD,NPG14,SPAMEDICA WIDNES,344,318,26,0,0,0,0,0.9244186046511628
2026-06-01,QYG,NHS CHESHIRE AND MERSEYSIDE INTEGRATED CARE BOARD,NT210,"NUFFIELD HEALTH, THE GROSVENOR HOSPITAL, CHESTER",468,335,133,2,0,0,0,0.7158119658119658
2026-06-01,QYG,NHS CHESHIRE AND MERSEYSIDE INTEGRATED CARE BOARD,NT324,SPIRE CHESHIRE HOSPITAL,1070,850,220,0,0,0,0,0.794392523364486
2026-06-01,QYG,NHS CHESHIRE AND MERSEYSIDE INTEGRATED CARE BOARD,NT325,SPIRE MURRAYFIELD HOSPITAL,782,576,206,2,1,0,0,0.7365728900255755
2026-06-01,QYG,NHS CHESHIRE AND MERSEYSIDE INTEGRATED CARE BOARD,NT337,SPIRE LIVERPOOL HOSPITAL,2173,1694,479,11,1,0,0,0.7795674183156925
2026-06-01,QYG,NHS CHESHIRE AND MERSEYSIDE INTEGRATED CARE BOARD,NT339,SPIRE REGENCY HOSPITAL,2197,2023,174,0,0,0,0,0.9208010923987255
2026-06-01,QYG,NHS CHESHIRE AND MERSEYSIDE INTEGRATED CARE BOARD,R6X7C,SPAMEDICA MACCLESFIELD COMMUNITY DIAGNOSTIC & TREATMENT CENTRE,81,76,5,0,0,0,0,0.9382716049382716
2026-06-01,QYG,NHS CHESHIRE AND MERSEYSIDE INTEGRATED CARE BOARD,RBL,WIRRAL UNIVERSITY TEACHING HOSPITAL NHS FOUNDATION TRUST,45369,29656,15713,322,0,0,0,0.6536621922458066
2026-06-01,QYG,NHS CHESHIRE AND MERSEYSIDE INTEGRATED CARE BOARD,RBN,MERSEY AND WEST LANCASHIRE TEACHING HOSPITALS NHS TRUST,81973,54627,27346,1558,23,3,0,0.6664023519939493
2026-06-01,QYG,NHS CHESHIRE AND MERSEYSIDE INTEGRATED CARE BOARD,RBQ,LIVERPOOL HEART AND CHEST HOSPITAL NHS FOUNDATION TRUST,5667,4450,1217,25,0,0,0,0.7852479265925534
2026-06-01,QYG,NHS CHESHIRE AND MERSEYSIDE INTEGRATED CARE BOARD,RBS,ALDER HEY CHILDREN'S NHS FOUNDATION TRUST,17095,11824,5271,227,6,0,0,0.6916642293068148
2026-06-01,QYG,NHS CHESHIRE AND MERSEYSIDE INTEGRATED CARE BOARD,RBT,MID CHESHIRE HOSPITALS NHS FOUNDATION TRUST,28421,19780,8641,266,2,0,0,0.6959642517856515
2026-06-01,QYG,NHS CHESHIRE AND MERSEYSIDE INTEGRATED CARE BOARD,REM,LIVERPOOL UNIVERSITY HOSPITALS NHS FOUNDATION TRUST,62986,38696,24290,773,0,0,0,0.6143587463880863
2026-06-01,QYG,NHS CHESHIRE AND MERSEYSIDE INTEGRATED CARE BOARD,REN,THE CLATTERBRIDGE CANCER CENTRE NHS FOUNDATION TRUST,713,696,17,0,0,0,0,0.9761570827489481
2026-06-01,QYG,NHS CHESHIRE AND MERSEYSIDE INTEGRATED CARE BOARD,REP,LIVERPOOL WOMEN'S NHS FOUNDATION TRUST,11700,7468,4232,171,7,0,0,0.6382905982905983
2026-06-01,QYG,NHS CHESHIRE AND MERSEYSIDE INTEGRATED CARE BOARD,RET,THE WALTON CENTRE NHS FOUNDATION TRUST,14881,9874,5007,262,12,2,1,0.6635306767018345
2026-06-01,QYG,NHS CHESHIRE AND MERSEYSIDE INTEGRATED CARE BOARD,RJN,EAST CHESHIRE NHS TRUST,17182,10419,6763,414,14,2,1,0.6063904085671051
2026-06-01,QYG,NHS CHESHIRE AND MERSEYSIDE INTEGRATED CARE BOARD,RJR,COUNTESS OF CHESTER HOSPITAL NHS FOUNDATION TRUST,32730,22084,10646,237,2,1,1,0.6747326611671249
2026-06-01,QYG,NHS CHESHIRE AND MERSEYSIDE INTEGRATED CARE BOARD,RWW,NORTH CHESHIRE AND MERSEY NHS FOUNDATION TRUST,34815,22657,12158,308,0,0,0,0.6507827086026138
2026-06-01,QYG,NHS CHESHIRE AND MERSEYSIDE INTEGRATED CARE BOARD,V4U1Y,SPAMEDICA CHESTER,225,212,13,0,0,0,0,0.9422222222222222
2026-06-01,QYG,NHS CHESHIRE AND MERSEYSIDE INTEGRATED CARE BOARD,X7Y2H,ACES WILMSLOW,3,2,1,0,0,0,0,0.6666666666666666
2026-06-01,QYG,NHS CHESHIRE AND MERSEYSIDE INTEGRATED CARE BOARD,Y9S1N,FAIRFIELD INDEPENDENT HOSPITAL,1497,971,526,44,3,0,0,0.648630594522378
2026-06-01,QYG,NHS CHESHIRE AND MERSEYSIDE INTEGRATED CARE BOARD,Z5J5V,SPAMEDICA HAYDOCK,352,326,26,2,0,0,0,0.9261363636363636
2026-06-01,S0E4D,NHS THAMES VALLEY INTEGRATED CARE BOARD,C5Y9L,NEWMEDICA - BERKSHIRE - BRACKNELL,124,95,29,0,0,0,0,0.7661290322580645
2026-06-01,S0E4D,NHS THAMES VALLEY INTEGRATED CARE BOARD,DJH01,THE ROYAL BUCKINGHAMSHIRE HOSPITAL LTD,25,20,5,0,0,0,0,0.8
2026-06-01,S0E4D,NHS THAMES VALLEY INTEGRATED CARE BOARD,F9Z4V,CIRCLE READING HOSPITAL,1694,1278,416,1,0,0,0,0.7544273907910272
2026-06-01,S0E4D,NHS THAMES VALLEY INTEGRATED CARE BOARD,J3J8Z,NEWMEDICA - OXFORDSHIRE,1032,842,190,1,0,0,0,0.8158914728682171
2026-06-01,S0E4D,NHS THAMES VALLEY INTEGRATED CARE BOARD,N8R1N,NEWMEDICA - BERKSHIRE,1325,891,434,4,0,0,0,0.6724528301886793
2026-06-01,S0E4D,NHS THAMES VALLEY INTEGRATED CARE BOARD,NT244,NUFFIELD HOSPITAL OXFORD (THE MANOR),113,92,21,0,0,0,0,0.8141592920353983
2026-06-01,S0E4D,NHS THAMES VALLEY INTEGRATED CARE BOARD,NT343,SPIRE THAMES VALLEY HOSPITAL,364,170,194,9,1,0,0,0.46703296703296704
2026-06-01,S0E4D,NHS THAMES VALLEY INTEGRATED CARE BOARD,NT344,SPIRE DUNEDIN HOSPITAL,293,225,68,3,0,0,0,0.7679180887372014
2026-06-01,S0E4D,NHS THAMES VALLEY INTEGRATED CARE BOARD,NT410,CHILTERN HOSPITAL,415,355,60,0,0,0,0,0.8554216867469879
2026-06-01,S0E4D,NHS THAMES VALLEY INTEGRATED CARE BOARD,NT428,PRINCESS MARGARET HOSPITAL,59,57,2,0,0,0,0,0.9661016949152542
2026-06-01,S0E4D,NHS THAMES VALLEY INTEGRATED CARE BOARD,NT435,SHELBURNE HOSPITAL,125,77,48,0,0,0,0,0.616
2026-06-01,S0E4D,NHS THAMES VALLEY INTEGRATED CARE BOARD,NV1,INHEALTH LIMITED,826,663,163,0,0,0,0,0.8026634382566586
2026-06-01,S0E4D,NHS THAMES VALLEY INTEGRATED CARE BOARD,NVC02,THE BERKSHIRE INDEPENDENT HOSPITAL,1096,817,279,6,0,0,0,0.7454379562043796
2026-06-01,S0E4D,NHS THAMES VALLEY INTEGRATED CARE BOARD,NVC25,THE CHERWELL HOSPITAL,2197,1527,670,5,3,1,0,0.6950386891215293
2026-06-01,S0E4D,NHS THAMES VALLEY INTEGRATED CARE BOARD,O5Y9D,SPAMEDICA OXFORD,165,153,12,0,0,0,0,0.9272727272727272
2026-06-01,S0E4D,NHS THAMES VALLEY INTEGRATED CARE BOARD,RHW,ROYAL BERKSHIRE NHS FOUNDATION TRUST,35155,29664,5491,27,1,0,0,0.8438060019911819
2026-06-01,S0E4D,NHS THAMES VALLEY INTEGRATED CARE BOARD,RTH,OXFORD UNIVERSITY HOSPITALS NHS FOUNDATION TRUST,90587,56601,33986,1714,58,1,1,0.6248247541037897
2026-06-01,S0E4D,NHS THAMES VALLEY INTEGRATED CARE BOARD,RWX,BERKSHIRE HEALTHCARE NHS FOUNDATION TRUST,102,102,0,0,0,0,0,1
2026-06-01,S0E4D,NHS THAMES VALLEY INTEGRATED CARE BOARD,RXQ,BUCKINGHAMSHIRE HEALTHCARE NHS TRUST,47773,30667,17106,50,1,0,0,0.6419316350239676
2026-06-01,S0E4D,NHS THAMES VALLEY INTEGRATED CARE BOARD,T8R5I,SPAMEDICA WOKINGHAM,221,200,21,0,0,0,0,0.9049773755656109
2026-06-01,S1Y5D,NHS CENTRAL EAST INTEGRATED CARE BOARD,A9T5Y,RSA (ATHENA SURGICAL CENTRE),31,31,0,0,0,0,0,1
2026-06-01,S1Y5D,NHS CENTRAL EAST INTEGRATED CARE BOARD,AVQ03,ONE HATFIELD HOSPITAL,475,242,233,20,0,0,0,0.5094736842105263
2026-06-01,S1Y5D,NHS CENTRAL EAST INTEGRATED CARE BOARD,AWR,ONE STOP DOCTORS LIMITED,773,576,197,2,0,0,0,0.7451487710219923
2026-06-01,S1Y5D,NHS CENTRAL EAST INTEGRATED CARE BOARD,B9J4U,SPAMEDICA PETERBOROUGH,398,348,50,0,0,0,0,0.8743718592964824
2026-06-01,S1Y5D,NHS CENTRAL EAST INTEGRATED CARE BOARD,F7F6D,NEWMEDICA - HERTFORSHIRE - WELWYN GARDEN CITY,1167,898,269,0,0,0,0,0.7694944301628106
2026-06-01,S1Y5D,NHS CENTRAL EAST INTEGRATED CARE BOARD,H7X1I,ANGLIA COMMUNITY EYE SERVICE - CAMBRIDGE,227,205,22,0,0,0,0,0.9030837004405287
2026-06-01,S1Y5D,NHS CENTRAL EAST INTEGRATED CARE BOARD,K3V9U,SPAMEDICA STEVENAGE COMMUNITY DIAGNOSTIC & TREATMENT CENTRE,4,3,1,0,0,0,0,0.75
2026-06-01,S1Y5D,NHS CENTRAL EAST INTEGRATED CARE BOARD,K9J3O,SPAMEDICA LUTON,262,228,34,0,0,0,0,0.8702290076335878
2026-06-01,S1Y5D,NHS CENTRAL EAST INTEGRATED CARE BOARD,NPG19,SPAMEDICA BEDFORD,290,266,24,0,0,0,0,0.9172413793103448
2026-06-01,S1Y5D,NHS CENTRAL EAST INTEGRATED CARE BOARD,NQM01,ORTHOPAEDICS & SPINE SPECIALIST HOSPITAL SITE,174,160,14,0,0,0,0,0.9195402298850575
2026-06-01,S1Y5D,NHS CENTRAL EAST INTEGRATED CARE BOARD,NT209,"NUFFIELD HEALTH, CAMBRIDGE HOSPITAL",205,125,80,3,0,0,0,0.6097560975609756
2026-06-01,S1Y5D,NHS CENTRAL EAST INTEGRATED CARE BOARD,NT315,SPIRE BUSHEY HOSPITAL,1138,1057,81,0,0,0,0,0.9288224956063269
2026-06-01,S1Y5D,NHS CENTRAL EAST INTEGRATED CARE BOARD,NT316,SPIRE HARPENDEN HOSPITAL,679,591,88,1,0,0,0,0.8703976435935199
2026-06-01,S1Y5D,NHS CENTRAL EAST INTEGRATED CARE BOARD,NT317,SPIRE CAMBRIDGE LEA HOSPITAL,428,305,123,3,0,0,0,0.7126168224299065
2026-06-01,S1Y5D,NHS CENTRAL EAST INTEGRATED CARE BOARD,NT423,MANOR HOSPITAL,696,326,370,17,1,0,0,0.46839080459770116
2026-06-01,S1Y5D,NHS CENTRAL EAST INTEGRATED CARE BOARD,NT434,SAXON CLINIC,782,342,440,15,1,0,0,0.4373401534526854
2026-06-01,S1Y5D,NHS CENTRAL EAST INTEGRATED CARE BOARD,NVC06,FITZWILLIAM HOSPITAL,6455,3506,2949,120,0,0,0,0.543144848954299
2026-06-01,S1Y5D,NHS CENTRAL EAST INTEGRATED CARE BOARD,NVC15,PINEHILL HOSPITAL,1909,1195,714,72,0,0,0,0.6259821896280775
2026-06-01,S1Y5D,NHS CENTRAL EAST INTEGRATED CARE BOARD,NVC19,RIVERS HOSPITAL,4242,2748,1494,30,0,0,0,0.6478076379066479
2026-06-01,S1Y5D,NHS CENTRAL EAST INTEGRATED CARE BOARD,NVC31,BLAKELANDS HOSPITAL,2315,1683,632,9,0,0,0,0.7269978401727861
2026-06-01,S1Y5D,NHS CENTRAL EAST INTEGRATED CARE BOARD,NX501,ANGLIA COMMUNITY EYE SERVICE LTD,708,659,49,1,0,0,0,0.9307909604519774
2026-06-01,S1Y5D,NHS CENTRAL EAST INTEGRATED CARE BOARD,O6X7Z,SPAMEDICA CAMBRIDGE,411,363,48,0,0,0,0,0.8832116788321168
2026-06-01,S1Y5D,NHS CENTRAL EAST INTEGRATED CARE BOARD,O9Q4E,ANGLIA COMMUNITY EYE SERVICE - PETERBOROUGH,294,253,41,1,0,0,0,0.8605442176870748
2026-06-01,S1Y5D,NHS CENTRAL EAST INTEGRATED CARE BOARD,Q1W6P,SPAMEDICA WATFORD,468,429,39,0,0,0,0,0.9166666666666666
2026-06-01,S1Y5D,NHS CENTRAL EAST INTEGRATED CARE BOARD,RC9,BEDFORDSHIRE HOSPITALS NHS FOUNDATION TRUST,82592,48843,33749,731,25,2,0,0.5913768888027896
2026-06-01,S1Y5D,NHS CENTRAL EAST INTEGRATED CARE BOARD,RD8,MILTON KEYNES UNIVERSITY HOSPITAL NHS FOUNDATION TRUST,36206,22093,14113,977,36,3,1,0.6102027288294758
2026-06-01,S1Y5D,NHS CENTRAL EAST INTEGRATED CARE BOARD,RGM,ROYAL PAPWORTH HOSPITAL NHS FOUNDATION TRUST,5670,4554,1116,32,5,0,0,0.8031746031746032
2026-06-01,S1Y5D,NHS CENTRAL EAST INTEGRATED CARE BOARD,RGN,NORTH WEST ANGLIA NHS FOUNDATION TRUST,76043,45744,30299,330,0,0,0,0.601554383703957
2026-06-01,S1Y5D,NHS CENTRAL EAST INTEGRATED CARE BOARD,RGT,CAMBRIDGE UNIVERSITY HOSPITALS NHS FOUNDATION TRUST,59372,38610,20762,922,51,2,1,0.6503065418042174
2026-06-01,S1Y5D,NHS CENTRAL EAST INTEGRATED CARE BOARD,RT1,CAMBRIDGESHIRE AND PETERBOROUGH NHS FOUNDATION TRUST,84,26,58,7,0,0,0,0.30952380952380953
2026-06-01,S1Y5D,NHS CENTRAL EAST INTEGRATED CARE BOARD,RWG,WEST HERTFORDSHIRE TEACHING HOSPITALS NHS TRUST,44946,31432,13514,350,0,0,0,0.6993280825879945
2026-06-01,S1Y5D,NHS CENTRAL EAST INTEGRATED CARE BOARD,RWH,EAST AND NORTH HERTFORDSHIRE TEACHING NHS TRUST,53730,35033,18697,540,16,1,0,0.6520193560394565
2026-06-01,S1Y5D,NHS CENTRAL EAST INTEGRATED CARE BOARD,S3H9L,THE HAMPTONS HOSPITAL LTD,739,524,215,19,6,1,0,0.7090663058186739
2026-06-01,S1Y5D,NHS CENTRAL EAST INTEGRATED CARE BOARD,U1P4Z,ACES MILTON KEYNES,172,153,19,0,0,0,0,0.8895348837209303
2026-06-01,S9B9J,NHS SURREY AND SUSSEX INTEGRATED CARE BOARD,D5P5H,SPAMEDICA BEXHILL,194,183,11,0,0,0,0,0.9432989690721649
2026-06-01,S9B9J,NHS SURREY AND SUSSEX INTEGRATED CARE BOARD,D9E5L,OPTEGRA EYE HOSPITAL BRIGHTON,803,802,1,0,0,0,0,0.9987546699875467
2026-06-01,S9B9J,NHS SURREY AND SUSSEX INTEGRATED CARE BOARD,F4B0R,SPAMEDICA GUILDFORD,38,35,3,0,0,0,0,0.9210526315789473
2026-06-01,S9B9J,NHS SURREY AND SUSSEX INTEGRATED CARE BOARD,I9A4A,SPAMEDICA BRIGHTON,213,188,25,0,0,0,0,0.8826291079812206
2026-06-01,S9B9J,NHS SURREY AND SUSSEX INTEGRATED CARE BOARD,M7C9Q,SPAMEDICA EPSOM,298,272,26,0,0,0,0,0.912751677852349
2026-06-01,S9B9J,NHS SURREY AND SUSSEX INTEGRATED CARE BOARD,NDJ,FIRST COMMUNITY HEALTH AND CARE CIC,960,905,55,0,0,0,0,0.9427083333333334
2026-06-01,S9B9J,NHS SURREY AND SUSSEX INTEGRATED CARE BOARD,NNE,DORKING HEALTHCARE LIMITED (DHC),6110,4792,1318,0,0,0,0,0.7842880523731588
2026-06-01,S9B9J,NHS SURREY AND SUSSEX INTEGRATED CARE BOARD,NNH03,OPTEGRA (SURREY EYE HOSPITAL),1032,1031,1,0,0,0,0,0.999031007751938
2026-06-01,S9B9J,NHS SURREY AND SUSSEX INTEGRATED CARE BOARD,NT205,"NUFFIELD HEALTH, BRIGHTON HOSPITAL",781,357,424,107,53,25,0,0.45710627400768244
2026-06-01,S9B9J,NHS SURREY AND SUSSEX INTEGRATED CARE BOARD,NT212,"NUFFIELD HEALTH, CHICHESTER HOSPITAL",470,356,114,2,1,1,1,0.7574468085106383
2026-06-01,S9B9J,NHS SURREY AND SUSSEX INTEGRATED CARE BOARD,NT216,"NUFFIELD HEALTH, GUILDFORD HOSPITAL",68,51,17,1,1,1,1,0.75
2026-06-01,S9B9J,NHS SURREY AND SUSSEX INTEGRATED CARE BOARD,NT218,"NUFFIELD HEALTH, HAYWARDS HEATH HOSPITAL",430,224,206,13,4,2,0,0.5209302325581395
2026-06-01,S9B9J,NHS SURREY AND SUSSEX INTEGRATED CARE BOARD,NT241,"NUFFIELD HEALTH, WOKING HOSPITAL",340,294,46,9,4,2,0,0.8647058823529412
2026-06-01,S9B9J,NHS SURREY AND SUSSEX INTEGRATED CARE BOARD,NT308,SPIRE GATWICK PARK HOSPITAL,1417,1145,272,26,9,4,0,0.808045165843331
2026-06-01,S9B9J,NHS SURREY AND SUSSEX INTEGRATED CARE BOARD,NT364,SPIRE MONTEFIORE HOSPITAL,665,376,289,11,0,0,0,0.5654135338345865
2026-06-01,S9B9J,NHS SURREY AND SUSSEX INTEGRATED CARE BOARD,NT417,GORING HALL HOSPITAL,906,595,311,3,0,0,0,0.6567328918322296
2026-06-01,S9B9J,NHS SURREY AND SUSSEX INTEGRATED CARE BOARD,NT431,RUNNYMEDE HOSPITAL,268,210,58,2,2,2,0,0.7835820895522388
2026-06-01,S9B9J,NHS SURREY AND SUSSEX INTEGRATED CARE BOARD,NT455,MOUNT ALVERNIA HOSPITAL,255,184,71,4,0,0,0,0.7215686274509804
2026-06-01,S9B9J,NHS SURREY AND SUSSEX INTEGRATED CARE BOARD,NVC01,ASHTEAD HOSPITAL,1051,811,240,10,1,0,0,0.7716460513796385
2026-06-01,S9B9J,NHS SURREY AND SUSSEX INTEGRATED CARE BOARD,NVC11,NORTH DOWNS HOSPITAL,1533,1061,472,12,1,1,0,0.6921069797782127
2026-06-01,S9B9J,NHS SURREY AND SUSSEX INTEGRATED CARE BOARD,NVM,EPSOMEDICAL GROUP,2926,2521,405,37,13,2,2,0.8615857826384142
2026-06-01,S9B9J,NHS SURREY AND SUSSEX INTEGRATED CARE BOARD,NXM01,THE HORDER CENTRE - ST JOHNS ROAD,1288,719,569,7,2,1,0,0.5582298136645962
2026-06-01,S9B9J,NHS SURREY AND SUSSEX INTEGRATED CARE BOARD,NYG,SUSSEX COMMUNITY DERMATOLOGY SERVICE,16318,13942,2376,60,0,0,0,0.8543939208236303
2026-06-01,S9B9J,NHS SURREY AND SUSSEX INTEGRATED CARE BOARD,RA2,ROYAL SURREY NHS FOUNDATION TRUST,31257,20147,11110,441,9,0,0,0.6445596186454234
2026-06-01,S9B9J,NHS SURREY AND SUSSEX INTEGRATED CARE BOARD,RDR,SUSSEX COMMUNITY NHS FOUNDATION TRUST,13214,7502,5712,301,14,9,2,0.5677311941879825
2026-06-01,S9B9J,NHS SURREY AND SUSSEX INTEGRATED CARE BOARD,RDU,FRIMLEY HEALTH NHS FOUNDATION TRUST,66289,41087,25202,873,7,1,0,0.619816259107846
2026-06-01,S9B9J,NHS SURREY AND SUSSEX INTEGRATED CARE BOARD,RPC,QUEEN VICTORIA HOSPITAL NHS FOUNDATION TRUST,21893,13643,8250,228,35,9,1,0.6231672223998538
2026-06-01,S9B9J,NHS SURREY AND SUSSEX INTEGRATED CARE BOARD,RTK,ASHFORD AND ST PETER'S HOSPITALS NHS FOUNDATION TRUST,54116,33851,20265,735,83,18,7,0.6255266464631533
2026-06-01,S9B9J,NHS SURREY AND SUSSEX INTEGRATED CARE BOARD,RTP,SURREY AND SUSSEX HEALTHCARE NHS TRUST,50672,33449,17223,1025,118,15,3,0.6601081465108936
2026-06-01,S9B9J,NHS SURREY AND SUSSEX INTEGRATED CARE BOARD,RXC,EAST SUSSEX HEALTHCARE NHS TRUST,55945,38343,17602,369,4,2,2,0.6853695593886853
2026-06-01,S9B9J,NHS SURREY AND SUSSEX INTEGRATED CARE BOARD,RYR,UNIVERSITY HOSPITALS SUSSEX NHS FOUNDATION TRUST,116136,61835,54301,4638,394,4,0,0.5324361093889922
2026-06-01,T6Y0W,NHS NORFOLK AND SUFFOLK INTEGRATED CARE BOARD,ACG37,NEWMEDICA - IPSWICH,1143,1100,43,0,0,0,0,0.9623797025371829
2026-06-01,T6Y0W,NHS NORFOLK AND SUFFOLK INTEGRATED CARE BOARD,B5M7B,NEWMEDICA - NORWICH,1664,1466,198,3,0,0,0,0.8810096153846154
2026-06-01,T6Y0W,NHS NORFOLK AND SUFFOLK INTEGRATED CARE BOARD,DFQ,NORWICH & NORFOLK SURGICAL LTD (N2S),1096,894,202,0,0,0,0,0.8156934306569343
2026-06-01,T6Y0W,NHS NORFOLK AND SUFFOLK INTEGRATED CARE BOARD,F7B2B,ANGLIA COMMUNITY EYE SERVICE - BURY ST EDMUNDS,10,9,1,0,0,0,0,0.9
2026-06-01,T6Y0W,NHS NORFOLK AND SUFFOLK INTEGRATED CARE BOARD,G4H0I,NEWMEDICA SUFFOLK - BURY ST EDMUNDS - CLARITY HOUSE,581,546,35,0,0,0,0,0.9397590361445783
2026-06-01,T6Y0W,NHS NORFOLK AND SUFFOLK INTEGRATED CARE BOARD,K7J9E,ANGLIA COMMUNITY EYE SERVICE - NORWICH,14,13,1,0,0,0,0,0.9285714285714286
2026-06-01,T6Y0W,NHS NORFOLK AND SUFFOLK INTEGRATED CARE BOARD,M3R0W,SPAMEDICA NORWICH,252,218,34,0,0,0,0,0.8650793650793651
2026-06-01,T6Y0W,NHS NORFOLK AND SUFFOLK INTEGRATED CARE BOARD,N3I9D,SPAMEDICA IPSWICH DIAGNOSTIC & TREATMENT CENTRE,5,5,0,0,0,0,0,1
2026-06-01,T6Y0W,NHS NORFOLK AND SUFFOLK INTEGRATED CARE BOARD,NT318,SPIRE NORWICH HOSPITAL,765,537,228,2,2,0,0,0.7019607843137254
2026-06-01,T6Y0W,NHS NORFOLK AND SUFFOLK INTEGRATED CARE BOARD,NT446,ST EDMUNDS HOSPITAL,394,276,118,0,0,0,0,0.700507614213198
2026-06-01,T6Y0W,NHS NORFOLK AND SUFFOLK INTEGRATED CARE BOARD,NX504,ANGLIA COMMUNITY EYE SERVICES FAKENHAM,416,388,28,0,0,0,0,0.9326923076923077
2026-06-01,T6Y0W,NHS NORFOLK AND SUFFOLK INTEGRATED CARE BOARD,NX505,ANGLIA COMMUNITY EYE SERVICE - FAKENHAM MEDICAL PRACTICE,3,2,1,0,0,0,0,0.6666666666666666
2026-06-01,T6Y0W,NHS NORFOLK AND SUFFOLK INTEGRATED CARE BOARD,NX507,ANGLIA COMMUNITY EYE SERVICE - THETFORD HEALTHY LIVING CENTRE,237,230,7,0,0,0,0,0.9704641350210971
2026-06-01,T6Y0W,NHS NORFOLK AND SUFFOLK INTEGRATED CARE BOARD,RCX,"THE QUEEN ELIZABETH HOSPITAL, KING'S LYNN, NHS FOUNDATION TRUST",25086,15760,9326,373,2,0,0,0.6282388583273539
2026-06-01,T6Y0W,NHS NORFOLK AND SUFFOLK INTEGRATED CARE BOARD,RGP,JAMES PAGET UNIVERSITY HOSPITALS NHS FOUNDATION TRUST,31349,18835,12514,1089,117,4,1,0.6008166129701107
2026-06-01,T6Y0W,NHS NORFOLK AND SUFFOLK INTEGRATED CARE BOARD,RGR,WEST SUFFOLK NHS FOUNDATION TRUST,33330,21848,11482,564,49,12,1,0.6555055505550555
2026-06-01,T6Y0W,NHS NORFOLK AND SUFFOLK INTEGRATED CARE BOARD,RM1,NORFOLK AND NORWICH UNIVERSITY HOSPITALS NHS FOUNDATION TRUST,70643,44105,26538,1888,202,4,0,0.6243364523024221
2026-06-01,Z9B2Z,NHS WEST AND NORTH LONDON INTEGRATED CARE BOARD,A1D1B,SPAMEDICA WEMBLEY,356,302,54,0,0,0,0,0.848314606741573
2026-06-01,Z9B2Z,NHS WEST AND NORTH LONDON INTEGRATED CARE BOARD,A9P5F,ACES WHITE CITY,156,134,22,0,0,0,0,0.8589743589743589
2026-06-01,Z9B2Z,NHS WEST AND NORTH LONDON INTEGRATED CARE BOARD,AY1,MEDEFER,403,355,48,0,0,0,0,0.8808933002481389
2026-06-01,Z9B2Z,NHS WEST AND NORTH LONDON INTEGRATED CARE BOARD,DX1,THE NEW FOSCOTE HOSPITAL LTD,408,381,27,0,0,0,0,0.9338235294117647
2026-06-01,Z9B2Z,NHS WEST AND NORTH LONDON INTEGRATED CARE BOARD,G3Q3Z,NUFFIELD HEALTH HIGHGATE HOSPITAL,1164,1048,116,7,6,3,2,0.9003436426116839
2026-06-01,Z9B2Z,NHS WEST AND NORTH LONDON INTEGRATED CARE BOARD,I7Q4A,OPTEGRA EYE HOSPITAL WEST LONDON,685,657,28,0,0,0,0,0.9591240875912409
2026-06-01,Z9B2Z,NHS WEST AND NORTH LONDON INTEGRATED CARE BOARD,NHW,STANDARD HEALTH LTD,62,30,32,0,0,0,0,0.4838709677419355
2026-06-01,Z9B2Z,NHS WEST AND NORTH LONDON INTEGRATED CARE BOARD,NNH07,OPTEGRA LONDON EYE HOSPITAL,1155,1109,46,0,0,0,0,0.9601731601731601
2026-06-01,Z9B2Z,NHS WEST AND NORTH LONDON INTEGRATED CARE BOARD,NT405,BISHOPS WOOD HOSPITAL,657,601,56,0,0,0,0,0.9147640791476408
2026-06-01,Z9B2Z,NHS WEST AND NORTH LONDON INTEGRATED CARE BOARD,NT411,CLEMENTINE CHURCHILL HOSPITAL,2145,2073,72,1,0,0,0,0.9664335664335665
2026-06-01,Z9B2Z,NHS WEST AND NORTH LONDON INTEGRATED CARE BOARD,NT416,HENDON HOSPITAL,1143,952,191,1,1,1,0,0.8328958880139983
2026-06-01,Z9B2Z,NHS WEST AND NORTH LONDON INTEGRATED CARE BOARD,NT421,KINGS OAK HOSPITAL,1464,1094,370,1,1,0,0,0.7472677595628415
2026-06-01,Z9B2Z,NHS WEST AND NORTH LONDON INTEGRATED CARE BOARD,NT451,CAVELL HOSPITAL,1499,1072,427,5,2,0,0,0.715143428952635
2026-06-01,Z9B2Z,NHS WEST AND NORTH LONDON INTEGRATED CARE BOARD,R1K,LONDON NORTH WEST UNIVERSITY HEALTHCARE NHS TRUST,81282,53077,28205,543,0,0,0,0.6529982037843557
2026-06-01,Z9B2Z,NHS WEST AND NORTH LONDON INTEGRATED CARE BOARD,RAL,ROYAL FREE LONDON NHS FOUNDATION TRUST,139530,88218,51312,1590,51,5,0,0.6322511287895076
2026-06-01,Z9B2Z,NHS WEST AND NORTH LONDON INTEGRATED CARE BOARD,RAN,ROYAL NATIONAL ORTHOPAEDIC HOSPITAL NHS TRUST,8908,6762,2146,9,2,0,0,0.759092950157162
2026-06-01,Z9B2Z,NHS WEST AND NORTH LONDON INTEGRATED CARE BOARD,RAS,THE HILLINGDON HOSPITALS NHS FOUNDATION TRUST,33277,21369,11908,113,10,0,0,0.6421552423595877
2026-06-01,Z9B2Z,NHS WEST AND NORTH LONDON INTEGRATED CARE BOARD,RKE,WHITTINGTON HEALTH NHS TRUST,22839,15605,7234,81,1,0,0,0.6832610884889881
2026-06-01,Z9B2Z,NHS WEST AND NORTH LONDON INTEGRATED CARE BOARD,RP4,GREAT ORMOND STREET HOSPITAL FOR CHILDREN NHS FOUNDATION TRUST,8382,6139,2243,232,74,8,0,0.7324027678358387
2026-06-01,Z9B2Z,NHS WEST AND NORTH LONDON INTEGRATED CARE BOARD,RP6,MOORFIELDS EYE HOSPITAL NHS FOUNDATION TRUST,39641,33672,5969,13,2,2,0,0.8494235765999849
2026-06-01,Z9B2Z,NHS WEST AND NORTH LONDON INTEGRATED CARE BOARD,RPY,THE ROYAL MARSDEN NHS FOUNDATION TRUST,1874,1763,111,0,0,0,0,0.9407684098185699
2026-06-01,Z9B2Z,NHS WEST AND NORTH LONDON INTEGRATED CARE BOARD,RQM,CHELSEA AND WESTMINSTER HOSPITAL NHS FOUNDATION TRUST,73615,50009,23606,917,0,0,0,0.679331657950146
2026-06-01,Z9B2Z,NHS WEST AND NORTH LONDON INTEGRATED CARE BOARD,RRV,UNIVERSITY COLLEGE LONDON HOSPITALS NHS FOUNDATION TRUST,77928,50674,27254,890,27,0,0,0.6502669130479417
2026-06-01,Z9B2Z,NHS WEST AND NORTH LONDON INTEGRATED CARE BOARD,RYJ,IMPERIAL COLLEGE HEALTHCARE NHS TRUST,84008,59324,24684,28,0,0,0,0.7061708408722979
2026-06-01,Z9B2Z,NHS WEST AND NORTH LONDON INTEGRATED CARE BOARD,U1I3L,UK VEIN CLINIC LTD,67,62,5,0,0,0,0,0.9253731343283582
2026-06-01,Z9B2Z,NHS WEST AND NORTH LONDON INTEGRATED CARE BOARD,U6A5N,ACES CHISWICK,6,5,1,0,0,0,0,0.8333333333333334
2026-07-01,D7T5G,NHS ESSEX INTEGRATED CARE BOARD,H3W7Q,ACES CHELMSFORD,119,111,8,0,0,0,0,0.9327731092436975
2026-07-01,D7T5G,NHS ESSEX INTEGRATED CARE BOARD,H4I8B,NUFFIELD HEALTH THE HOLLY HOSPITAL,4270,3017,1253,121,76,58,12,0.7065573770491803
2026-07-01,D7T5G,NHS ESSEX INTEGRATED CARE BOARD,J2H6H,SPAMEDICA COLCHESTER,169,151,18,0,0,0,0,0.893491124260355
2026-07-01,D7T5G,NHS ESSEX INTEGRATED CARE BOARD,M2O7D,OPTEGRA EYE HOSPITAL COLCHESTER,291,267,24,0,0,0,0,0.9175257731958762
2026-07-01,D7T5G,NHS ESSEX INTEGRATED CARE BOARD,NPG16,SPAMEDICA CHELMSFORD,714,652,62,2,0,0,0,0.9131652661064426
2026-07-01,D7T5G,NHS ESSEX INTEGRATED CARE BOARD,NQX,PROVIDE ENTERPRISES,235,235,0,0,0,0,0,1
2026-07-01,D7T5G,NHS ESSEX INTEGRATED CARE BOARD,NT204,"NUFFIELD HEALTH, BRENTWOOD HOSPITAL",2631,1295,1336,210,110,27,2,0.492208285822881
2026-07-01,D7T5G,NHS ESSEX INTEGRATED CARE BOARD,NT313,SPIRE WELLESLEY HOSPITAL,1199,668,531,9,0,0,0,0.5571309424520434
2026-07-01,D7T5G,NHS ESSEX INTEGRATED CARE BOARD,NT319,SPIRE HARTSWOOD HOSPITAL,976,678,298,1,0,0,0,0.694672131147541
2026-07-01,D7T5G,NHS ESSEX INTEGRATED CARE BOARD,NT490,SOUTHEND PRIVATE HOSPITAL,1042,851,191,0,0,0,0,0.8166986564299424
2026-07-01,D7T5G,NHS ESSEX INTEGRATED CARE BOARD,NVC13,OAKS HOSPITAL,936,569,367,1,0,0,0,0.6079059829059829
2026-07-01,D7T5G,NHS ESSEX INTEGRATED CARE BOARD,NVC18,SPRINGFIELD HOSPITAL,4155,2575,1580,70,22,5,1,0.6197352587244284
2026-07-01,D7T5G,NHS ESSEX INTEGRATED CARE BOARD,RAJ,MID AND SOUTH ESSEX NHS FOUNDATION TRUST,165420,82340,83080,13104,2986,592,7,0.4977632692540201
2026-07-01,D7T5G,NHS ESSEX INTEGRATED CARE BOARD,RDE,EAST SUFFOLK AND NORTH ESSEX NHS FOUNDATION TRUST,95757,57137,38620,497,207,114,34,0.59668744843719
2026-07-01,D7T5G,NHS ESSEX INTEGRATED CARE BOARD,RQW,THE PRINCESS ALEXANDRA HOSPITAL NHS TRUST,38992,26699,12293,427,50,26,7,0.6847302010668855
2026-07-01,D7T5G,NHS ESSEX INTEGRATED CARE BOARD,X7M7U,ACES LAKESIDE,7,6,1,0,0,0,0,0.8571428571428571
2026-07-01,QE1,NHS LANCASHIRE AND SOUTH CUMBRIA INTEGRATED CARE BOARD,A4M8P,BUCKSHAW HOSPITAL,3110,2430,680,23,3,0,0,0.7813504823151125
2026-07-01,QE1,NHS LANCASHIRE AND SOUTH CUMBRIA INTEGRATED CARE BOARD,A5E1F,OPTEGRA EYE HOSPITAL PRESTON,326,322,4,0,0,0,0,0.9877300613496932
2026-07-01,QE1,NHS LANCASHIRE AND SOUTH CUMBRIA INTEGRATED CARE BOARD,AAV,COMMUNITY HEALTH AND EYECARE LIMITED,4881,4230,651,2,1,0,0,0.8666256914566687
2026-07-01,QE1,NHS LANCASHIRE AND SOUTH CUMBRIA INTEGRATED CARE BOARD,C3Y0A,SPAMEDICA BLACKPOOL,275,251,24,0,0,0,0,0.9127272727272727
2026-07-01,QE1,NHS LANCASHIRE AND SOUTH CUMBRIA INTEGRATED CARE BOARD,NP9,BESPOKE HEALTHCARE LTD,539,346,193,0,0,0,0,0.6419294990723562
2026-07-01,QE1,NHS LANCASHIRE AND SOUTH CUMBRIA INTEGRATED CARE BOARD,NPG13,SPAMEDICA SKELMERSDALE,131,122,9,0,0,0,0,0.9312977099236641
2026-07-01,QE1,NHS LANCASHIRE AND SOUTH CUMBRIA INTEGRATED CARE BOARD,NPG17,SPAMEDICA PRESTON,345,326,19,0,0,0,0,0.9449275362318841
2026-07-01,QE1,NHS LANCASHIRE AND SOUTH CUMBRIA INTEGRATED CARE BOARD,NT347,SPIRE FYLDE COAST HOSPITAL,2998,1996,1002,2,0,0,0,0.6657771847898599
2026-07-01,QE1,NHS LANCASHIRE AND SOUTH CUMBRIA INTEGRATED CARE BOARD,NT403,BEARDWOOD HOSPITAL,1961,1516,445,0,0,0,0,0.7730749617542071
2026-07-01,QE1,NHS LANCASHIRE AND SOUTH CUMBRIA INTEGRATED CARE BOARD,NT449,LANCASTER PRIVATE HOSPITAL,328,295,33,0,0,0,0,0.899390243902439
2026-07-01,QE1,NHS LANCASHIRE AND SOUTH CUMBRIA INTEGRATED CARE BOARD,NVC05,EUXTON HALL HOSPITAL,3028,2013,1015,14,0,0,0,0.6647952443857331
2026-07-01,QE1,NHS LANCASHIRE AND SOUTH CUMBRIA INTEGRATED CARE BOARD,NVC07,FULWOOD HALL HOSPITAL,4130,3104,1026,3,0,0,0,0.7515738498789346
2026-07-01,QE1,NHS LANCASHIRE AND SOUTH CUMBRIA INTEGRATED CARE BOARD,NVC16,RENACRES HOSPITAL,4617,2006,2611,189,3,0,0,0.4344812648906216
2026-07-01,QE1,NHS LANCASHIRE AND SOUTH CUMBRIA INTEGRATED CARE BOARD,R1G7E,SPAMEDICA KENDAL,501,476,25,0,0,0,0,0.9500998003992016
2026-07-01,QE1,NHS LANCASHIRE AND SOUTH CUMBRIA INTEGRATED CARE BOARD,RTX,UNIVERSITY HOSPITALS OF MORECAMBE BAY NHS FOUNDATION TRUST,36259,24868,11391,688,13,0,0,0.6858435147135884
2026-07-01,QE1,NHS LANCASHIRE AND SOUTH CUMBRIA INTEGRATED CARE BOARD,RW5,LANCASHIRE & SOUTH CUMBRIA NHS FOUNDATION TRUST,4634,3887,747,0,0,0,0,0.8388001726370307
2026-07-01,QE1,NHS LANCASHIRE AND SOUTH CUMBRIA INTEGRATED CARE BOARD,RXL,BLACKPOOL TEACHING HOSPITALS NHS FOUNDATION TRUST,40794,23597,17197,1123,164,0,0,0.5784429082708241
2026-07-01,QE1,NHS LANCASHIRE AND SOUTH CUMBRIA INTEGRATED CARE BOARD,RXN,LANCASHIRE TEACHING HOSPITALS NHS FOUNDATION TRUST,61033,35934,25099,362,0,0,0,0.5887634558353677
2026-07-01,QE1,NHS LANCASHIRE AND SOUTH CUMBRIA INTEGRATED CARE BOARD,RXR,EAST LANCASHIRE HOSPITALS NHS TRUST,47031,33894,13137,223,0,0,0,0.7206735982649741
2026-07-01,QF7,NHS SOUTH YORKSHIRE INTEGRATED CARE BOARD,B3M1X,CLAREMONT PRIVATE HOSPITAL,3122,1604,1518,74,5,2,2,0.5137732222934016
2026-07-01,QF7,NHS SOUTH YORKSHIRE INTEGRATED CARE BOARD,NEY,PIONEER HEALTHCARE LIMITED,87,39,48,20,10,3,0,0.4482758620689655
2026-07-01,QF7,NHS SOUTH YORKSHIRE INTEGRATED CARE BOARD,NPG10,SPAMEDICA SHEFFIELD,427,386,41,0,0,0,0,0.9039812646370023
2026-07-01,QF7,NHS SOUTH YORKSHIRE INTEGRATED CARE BOARD,NT440,THORNBURY HOSPITAL,783,551,232,1,0,0,0,0.7037037037037037
2026-07-01,QF7,NHS SOUTH YORKSHIRE INTEGRATED CARE BOARD,NTX,THE ONE HEALTH GROUP PLC,5272,4212,1060,20,2,2,1,0.798937784522003
2026-07-01,QF7,NHS SOUTH YORKSHIRE INTEGRATED CARE BOARD,NVC14,PARK HILL HOSPITAL,754,618,136,1,0,0,0,0.8196286472148541
2026-07-01,QF7,NHS SOUTH YORKSHIRE INTEGRATED CARE BOARD,Q6V1S,OPTEGRA EYE HOSPITAL SHEFFIELD,383,367,16,0,0,0,0,0.95822454308094
2026-07-01,QF7,NHS SOUTH YORKSHIRE INTEGRATED CARE BOARD,RCU,SHEFFIELD CHILDREN'S NHS FOUNDATION TRUST,11619,8443,3176,136,11,1,1,0.7266546174369567
2026-07-01,QF7,NHS SOUTH YORKSHIRE INTEGRATED CARE BOARD,RFF,BARNSLEY HOSPITAL NHS FOUNDATION TRUST,21760,15363,6397,112,0,0,0,0.7060202205882353
2026-07-01,QF7,NHS SOUTH YORKSHIRE INTEGRATED CARE BOARD,RFR,THE ROTHERHAM NHS FOUNDATION TRUST,29510,20363,9147,444,0,0,0,0.6900372754998305
2026-07-01,QF7,NHS SOUTH YORKSHIRE INTEGRATED CARE BOARD,RP5,DONCASTER AND BASSETLAW TEACHING HOSPITALS NHS FOUNDATION TRUST,54941,34926,20015,1626,150,9,3,0.6357001146684625
2026-07-01,QF7,NHS SOUTH YORKSHIRE INTEGRATED CARE BOARD,T8V3L,SPAMEDICA DONCASTER,417,398,19,0,0,0,0,0.9544364508393285
2026-07-01,QF7,NHS SOUTH YORKSHIRE INTEGRATED CARE BOARD,V8A3H,SPAMEDICA SHEFFIELD COMMUNITY DIAGNOSTIC & TREATMENT CENTRE,73,72,1,0,0,0,0,0.9863013698630136
2026-07-01,QGH,NHS HEREFORDSHIRE AND WORCESTERSHIRE INTEGRATED CARE BOARD,ACG31,NEWMEDICA - WORCESTER,1004,846,158,1,0,0,0,0.8426294820717132
2026-07-01,QGH,NHS HEREFORDSHIRE AND WORCESTERSHIRE INTEGRATED CARE BOARD,H2K1G,NEWMEDICA - BROMSGROVE,511,432,79,0,0,0,0,0.8454011741682974
2026-07-01,QGH,NHS HEREFORDSHIRE AND WORCESTERSHIRE INTEGRATED CARE BOARD,J0M7P,SPAMEDICA HEREFORD DIAGNOSTIC AND TREATMENT CENTRE,44,41,3,0,0,0,0,0.9318181818181818
2026-07-01,QGH,NHS HEREFORDSHIRE AND WORCESTERSHIRE INTEGRATED CARE BOARD,J3X4C,SPAMEDICA WORCESTER,464,399,65,5,0,0,0,0.8599137931034483
2026-07-01,QGH,NHS HEREFORDSHIRE AND WORCESTERSHIRE INTEGRATED CARE BOARD,NT219,"NUFFIELD HEALTH, HEREFORD HOSPITAL",339,277,62,1,0,0,0,0.8171091445427728
2026-07-01,QGH,NHS HEREFORDSHIRE AND WORCESTERSHIRE INTEGRATED CARE BOARD,NT301,SPIRE SOUTH BANK HOSPITAL,679,455,224,3,1,0,0,0.6701030927835051
2026-07-01,QGH,NHS HEREFORDSHIRE AND WORCESTERSHIRE INTEGRATED CARE BOARD,NT412,DROITWICH SPA HOSPITAL,1011,696,315,1,0,0,0,0.6884272997032641
2026-07-01,QGH,NHS HEREFORDSHIRE AND WORCESTERSHIRE INTEGRATED CARE BOARD,R1A,HEREFORDSHIRE AND WORCESTERSHIRE HEALTH AND CARE NHS TRUST,33,32,1,0,0,0,0,0.9696969696969697
2026-07-01,QGH,NHS HEREFORDSHIRE AND WORCESTERSHIRE INTEGRATED CARE BOARD,R5J3Z,BORDER HEALTH ALLIANCE LIMITED,721,427,294,0,0,0,0,0.5922330097087378
2026-07-01,QGH,NHS HEREFORDSHIRE AND WORCESTERSHIRE INTEGRATED CARE BOARD,RLQ,WYE VALLEY NHS TRUST,27798,17597,10201,740,328,170,7,0.6330311533203827
2026-07-01,QGH,NHS HEREFORDSHIRE AND WORCESTERSHIRE INTEGRATED CARE BOARD,RWP,WORCESTERSHIRE ACUTE HOSPITALS NHS TRUST,58986,36377,22609,575,4,1,0,0.616705658969925
2026-07-01,QHL,NHS BIRMINGHAM AND SOLIHULL INTEGRATED CARE BOARD,J7V1N,SPAMEDICA SOLIHULL,426,365,61,0,0,0,0,0.8568075117370892
2026-07-01,QHL,NHS BIRMINGHAM AND SOLIHULL INTEGRATED CARE BOARD,M2Y6D,PRACTICE PLUS GROUP HOSPITAL BIRMINGHAM,1860,1282,578,25,1,0,0,0.689247311827957
2026-07-01,QHL,NHS BIRMINGHAM AND SOLIHULL INTEGRATED CARE BOARD,NNH05,OPTEGRA (BIRMINGHAM EYE HOSPITAL),804,747,57,0,0,0,0,0.9291044776119403
2026-07-01,QHL,NHS BIRMINGHAM AND SOLIHULL INTEGRATED CARE BOARD,NPG11,SPAMEDICA BIRMINGHAM,823,748,75,1,0,0,0,0.9088699878493317
2026-07-01,QHL,NHS BIRMINGHAM AND SOLIHULL INTEGRATED CARE BOARD,NT320,SPIRE PARKWAY HOSPITAL,1305,897,408,35,6,1,0,0.6873563218390805
2026-07-01,QHL,NHS BIRMINGHAM AND SOLIHULL INTEGRATED CARE BOARD,NT429,PRIORY HOSPITAL,505,411,94,0,0,0,0,0.8138613861386138
2026-07-01,QHL,NHS BIRMINGHAM AND SOLIHULL INTEGRATED CARE BOARD,NT445,EDGBASTON HOSPITAL,1,1,0,0,0,0,0,1
2026-07-01,QHL,NHS BIRMINGHAM AND SOLIHULL INTEGRATED CARE BOARD,NVC44,THE WESTBOURNE CENTRE,3122,1891,1231,21,2,0,0,0.6057014734144779
2026-07-01,QHL,NHS BIRMINGHAM AND SOLIHULL INTEGRATED CARE BOARD,RQ3,BIRMINGHAM WOMEN'S AND CHILDREN'S NHS FOUNDATION TRUST,22274,14625,7649,113,2,0,0,0.6565951333393194
2026-07-01,QHL,NHS BIRMINGHAM AND SOLIHULL INTEGRATED CARE BOARD,RRJ,THE ROYAL ORTHOPAEDIC HOSPITAL NHS FOUNDATION TRUST,13293,8886,4407,66,0,0,0,0.668472128187768
2026-07-01,QHL,NHS BIRMINGHAM AND SOLIHULL INTEGRATED CARE BOARD,RRK,UNIVERSITY HOSPITALS BIRMINGHAM NHS FOUNDATION TRUST,94792,63746,31046,230,9,0,0,0.6724829099502068
2026-07-01,QHL,NHS BIRMINGHAM AND SOLIHULL INTEGRATED CARE BOARD,RYW,BIRMINGHAM COMMUNITY HEALTHCARE NHS FOUNDATION TRUST,15246,12491,2755,1,0,0,0,0.8192968647514102
2026-07-01,QHL,NHS BIRMINGHAM AND SOLIHULL INTEGRATED CARE BOARD,S0L9O,ACES BIRMINGHAM,26,23,3,0,0,0,0,0.8846153846153846
2026-07-01,QHL,NHS BIRMINGHAM AND SOLIHULL INTEGRATED CARE BOARD,S1Z4X,NEWMEDICA - BIRMINGHAM,999,934,65,1,0,0,0,0.934934934934935
2026-07-01,QHL,NHS BIRMINGHAM AND SOLIHULL INTEGRATED CARE BOARD,S4E3I,MIDLAND EYE (EYE-DOCS LTD),714,685,29,0,0,0,0,0.9593837535014006
2026-07-01,QHM,NHS NORTH EAST AND NORTH CUMBRIA INTEGRATED CARE BOARD,ACG24,NEWMEDICA - TEESSIDE - NORTH ORMESBY,1584,1491,93,0,0,0,0,0.9412878787878788
2026-07-01,QHM,NHS NORTH EAST AND NORTH CUMBRIA INTEGRATED CARE BOARD,D3R0C,ACES CARLISLE,1,1,0,0,0,0,0,1
2026-07-01,QHM,NHS NORTH EAST AND NORTH CUMBRIA INTEGRATED CARE BOARD,E1U4T,SPAMEDICA CARLISLE,838,759,79,0,0,0,0,0.905727923627685
2026-07-01,QHM,NHS NORTH EAST AND NORTH CUMBRIA INTEGRATED CARE BOARD,E4K5T,OPTEGRA EYE HOSPITAL NEWCASTLE,483,466,17,0,0,0,0,0.9648033126293996
2026-07-01,QHM,NHS NORTH EAST AND NORTH CUMBRIA INTEGRATED CARE BOARD,F0R0W,NEWMEDICA - DARLINGTON,64,58,6,0,0,0,0,0.90625
2026-07-01,QHM,NHS NORTH EAST AND NORTH CUMBRIA INTEGRATED CARE BOARD,G5X2Q,SPAMEDICA NORTH TYNESIDE,475,437,38,0,0,0,0,0.92
2026-07-01,QHM,NHS NORTH EAST AND NORTH CUMBRIA INTEGRATED CARE BOARD,I7G8X,ACES NEWCASTLE,27,25,2,0,0,0,0,0.9259259259259259
2026-07-01,QHM,NHS NORTH EAST AND NORTH CUMBRIA INTEGRATED CARE BOARD,NN4,TYNESIDE SURGICAL SERVICES LTD,1642,1359,283,2,0,0,0,0.8276492082825823
2026-07-01,QHM,NHS NORTH EAST AND NORTH CUMBRIA INTEGRATED CARE BOARD,NPG22,SPAMEDICA STOCKTON-ON-TEES,435,400,35,0,0,0,0,0.9195402298850575
2026-07-01,QHM,NHS NORTH EAST AND NORTH CUMBRIA INTEGRATED CARE BOARD,NT229,"NUFFIELD HEALTH, NEWCASTLE UPON TYNE HOSPITAL",405,204,201,16,3,0,0,0.5037037037037037
2026-07-01,QHM,NHS NORTH EAST AND NORTH CUMBRIA INTEGRATED CARE BOARD,NT237,"NUFFIELD HEALTH, TEES HOSPITAL",1902,1410,492,0,0,0,0,0.7413249211356467
2026-07-01,QHM,NHS NORTH EAST AND NORTH CUMBRIA INTEGRATED CARE BOARD,NT333,SPIRE WASHINGTON HOSPITAL,2263,1762,501,26,3,0,0,0.7786124613345117
2026-07-01,QHM,NHS NORTH EAST AND NORTH CUMBRIA INTEGRATED CARE BOARD,NT457,WOODLANDS HOSPITAL,2930,2387,543,1,0,0,0,0.8146757679180887
2026-07-01,QHM,NHS NORTH EAST AND NORTH CUMBRIA INTEGRATED CARE BOARD,NVC0R,TEES VALLEY HOSPITAL,4430,3386,1044,0,0,0,0,0.764334085778781
2026-07-01,QHM,NHS NORTH EAST AND NORTH CUMBRIA INTEGRATED CARE BOARD,NVC29,COBALT HOSPITAL,2169,1410,759,30,0,0,0,0.6500691562932227
2026-07-01,QHM,NHS NORTH EAST AND NORTH CUMBRIA INTEGRATED CARE BOARD,R0B,SOUTH TYNESIDE AND SUNDERLAND NHS FOUNDATION TRUST,61880,46916,14964,1,0,0,0,0.7581771170006464
2026-07-01,QHM,NHS NORTH EAST AND NORTH CUMBRIA INTEGRATED CARE BOARD,R6B6E,ACES DARLINGTON,1,1,0,0,0,0,0,1
2026-07-01,QHM,NHS NORTH EAST AND NORTH CUMBRIA INTEGRATED CARE BOARD,R7W2O,NEWCASTLE NEWMEDICA LTD,878,864,14,0,0,0,0,0.9840546697038725
2026-07-01,QHM,NHS NORTH EAST AND NORTH CUMBRIA INTEGRATED CARE BOARD,RNN,NORTH CUMBRIA INTEGRATED CARE NHS FOUNDATION TRUST,35424,23412,12012,386,0,0,0,0.6609078590785907
2026-07-01,QHM,NHS NORTH EAST AND NORTH CUMBRIA INTEGRATED CARE BOARD,RR7,GATESHEAD HEALTH NHS FOUNDATION TRUST,11674,9013,2661,5,0,0,0,0.7720575638170293
2026-07-01,QHM,NHS NORTH EAST AND NORTH CUMBRIA INTEGRATED CARE BOARD,RTD,THE NEWCASTLE UPON TYNE HOSPITALS NHS FOUNDATION TRUST,88477,65419,23058,743,24,0,0,0.7393898979395775
2026-07-01,QHM,NHS NORTH EAST AND NORTH CUMBRIA INTEGRATED CARE BOARD,RTF,NORTHUMBRIA HEALTHCARE NHS FOUNDATION TRUST,39442,33099,6343,0,0,0,0,0.8391815830840221
2026-07-01,QHM,NHS NORTH EAST AND NORTH CUMBRIA INTEGRATED CARE BOARD,RTR,SOUTH TEES HOSPITALS NHS FOUNDATION TRUST,57822,38069,19753,741,7,0,0,0.6583826225312165
2026-07-01,QHM,NHS NORTH EAST AND NORTH CUMBRIA INTEGRATED CARE BOARD,RVW,NORTH TEES AND HARTLEPOOL NHS FOUNDATION TRUST,23668,16848,6820,173,0,0,0,0.7118472198749366
2026-07-01,QHM,NHS NORTH EAST AND NORTH CUMBRIA INTEGRATED CARE BOARD,RX4,"CUMBRIA, NORTHUMBERLAND, TYNE AND WEAR NHS FOUNDATION TRUST",166,164,2,0,0,0,0,0.9879518072289156
2026-07-01,QHM,NHS NORTH EAST AND NORTH CUMBRIA INTEGRATED CARE BOARD,RXP,COUNTY DURHAM AND DARLINGTON NHS FOUNDATION TRUST,54409,35558,18851,1199,31,0,0,0.653531584848095
2026-07-01,QHM,NHS NORTH EAST AND NORTH CUMBRIA INTEGRATED CARE BOARD,S5D8W,ACES MIDDLESBOROUGH,1,1,0,0,0,0,0,1
2026-07-01,QHM,NHS NORTH EAST AND NORTH CUMBRIA INTEGRATED CARE BOARD,Z9Z1G,SPAMEDICA GATESHEAD,487,459,28,0,0,0,0,0.9425051334702259
2026-07-01,QJ2,NHS DERBY AND DERBYSHIRE INTEGRATED CARE BOARD,ACG26,NEWMEDICA - NORTH DERBYSHIRE - MIDLAND COURT,1208,1117,91,0,0,0,0,0.9246688741721855
2026-07-01,QJ2,NHS DERBY AND DERBYSHIRE INTEGRATED CARE BOARD,NPG23,SPAMEDICA DERBY,402,372,30,0,0,0,0,0.9253731343283582
2026-07-01,QJ2,NHS DERBY AND DERBYSHIRE INTEGRATED CARE BOARD,NT213,"NUFFIELD HEALTH, DERBY HOSPITAL",1077,564,513,2,1,1,1,0.5236768802228412
2026-07-01,QJ2,NHS DERBY AND DERBYSHIRE INTEGRATED CARE BOARD,NTP13,PRACTICE PLUS GROUP HOSPITAL - BARLBOROUGH,1969,1520,449,2,0,0,0,0.7719654647028948
2026-07-01,QJ2,NHS DERBY AND DERBYSHIRE INTEGRATED CARE BOARD,RFS,CHESTERFIELD ROYAL HOSPITAL NHS FOUNDATION TRUST,26876,16974,9902,509,7,0,0,0.631567197499628
2026-07-01,QJ2,NHS DERBY AND DERBYSHIRE INTEGRATED CARE BOARD,RTG,UNIVERSITY HOSPITALS OF DERBY AND BURTON NHS FOUNDATION TRUST,99108,60177,38931,2039,60,8,1,0.607186100012108
2026-07-01,QJ2,NHS DERBY AND DERBYSHIRE INTEGRATED CARE BOARD,T4I8V,SPAMEDICA CHESTERFIELD,194,180,14,0,0,0,0,0.9278350515463918
2026-07-01,QJK,NHS DEVON INTEGRATED CARE BOARD,ACG36,NEWMEDICA - EXETER - GLEN HOUSE,449,430,19,1,0,0,0,0.9576837416481069
2026-07-01,QJK,NHS DEVON INTEGRATED CARE BOARD,D3O0Z,PLYMOUTH NEWMEDICA LTD,717,651,66,0,0,0,0,0.9079497907949791
2026-07-01,QJK,NHS DEVON INTEGRATED CARE BOARD,M5E1S,SPAMEDICA EXETER,393,345,48,1,0,0,0,0.8778625954198473
2026-07-01,QJK,NHS DEVON INTEGRATED CARE BOARD,N1M9Z,ACES EXETER,72,65,7,0,0,0,0,0.9027777777777778
2026-07-01,QJK,NHS DEVON INTEGRATED CARE BOARD,N8Z8E,ACES TORQUAY,1,1,0,0,0,0,0,1
2026-07-01,QJK,NHS DEVON INTEGRATED CARE BOARD,NR5,LIVEWELL SOUTHWEST,65,64,1,0,0,0,0,0.9846153846153847
2026-07-01,QJK,NHS DEVON INTEGRATED CARE BOARD,NT215,"NUFFIELD HEALTH, EXETER HOSPITAL",394,190,204,20,8,5,1,0.48223350253807107
2026-07-01,QJK,NHS DEVON INTEGRATED CARE BOARD,NT233,"NUFFIELD HEALTH, PLYMOUTH HOSPITAL",1011,604,407,15,0,0,0,0.5974282888229476
2026-07-01,QJK,NHS DEVON INTEGRATED CARE BOARD,NTPH5,PRACTICE PLUS GROUP HOSPITAL - PLYMOUTH,1597,1367,230,16,2,1,0,0.8559799624295554
2026-07-01,QJK,NHS DEVON INTEGRATED CARE BOARD,NVC08,MOUNT STUART HOSPITAL,2207,1207,1000,45,1,0,0,0.5468962392387857
2026-07-01,QJK,NHS DEVON INTEGRATED CARE BOARD,NVC0Y,EXETER MEDICAL,256,217,39,1,0,0,0,0.84765625
2026-07-01,QJK,NHS DEVON INTEGRATED CARE BOARD,O1B1P,ACES PLYMOUTH,1,1,0,0,0,0,0,1
2026-07-01,QJK,NHS DEVON INTEGRATED CARE BOARD,RH8,ROYAL DEVON UNIVERSITY HEALTHCARE NHS FOUNDATION TRUST,75545,47803,27742,1616,163,9,0,0.6327751671189358
2026-07-01,QJM,NHS LINCOLNSHIRE INTEGRATED CARE BOARD,N6Z0R,NEWMEDICA - LINCOLN,29,19,10,0,0,0,0,0.6551724137931034
2026-07-01,QJM,NHS LINCOLNSHIRE INTEGRATED CARE BOARD,NT450,LINCOLN PRIVATE HOSPITAL,1117,832,285,0,0,0,0,0.7448522829006267
2026-07-01,QJM,NHS LINCOLNSHIRE INTEGRATED CARE BOARD,NVC27,BOSTON WEST HOSPITAL,2392,1616,776,11,0,0,0,0.6755852842809364
2026-07-01,QJM,NHS LINCOLNSHIRE INTEGRATED CARE BOARD,P1N3Z,DEEPING SURGICAL,148,107,41,0,0,0,0,0.722972972972973
2026-07-01,QJM,NHS LINCOLNSHIRE INTEGRATED CARE BOARD,RP7,LINCOLNSHIRE PARTNERSHIP NHS FOUNDATION TRUST,12,12,0,0,0,0,0,1
2026-07-01,QJM,NHS LINCOLNSHIRE INTEGRATED CARE BOARD,RWD,UNITED LINCOLNSHIRE TEACHING HOSPITALS NHS TRUST,69786,43503,26283,1064,3,0,0,0.6233771816696758
2026-07-01,QJM,NHS LINCOLNSHIRE INTEGRATED CARE BOARD,T1I9W,ACES LINCOLN,5,4,1,0,0,0,0,0.8
2026-07-01,QK1,"NHS LEICESTER, LEICESTERSHIRE AND RUTLAND INTEGRATED CARE BOARD",A4Q9X,NEWMEDICA LEICESTER,966,849,117,0,0,0,0,0.8788819875776398
2026-07-01,QK1,"NHS LEICESTER, LEICESTERSHIRE AND RUTLAND INTEGRATED CARE BOARD",A8L1O,OPTEGRA EYE HOSPITAL LEICESTER,215,204,11,0,0,0,0,0.9488372093023256
2026-07-01,QK1,"NHS LEICESTER, LEICESTERSHIRE AND RUTLAND INTEGRATED CARE BOARD",DPK,THE STONEYGATE EYE HOSPITAL,904,727,177,0,0,0,0,0.8042035398230089
2026-07-01,QK1,"NHS LEICESTER, LEICESTERSHIRE AND RUTLAND INTEGRATED CARE BOARD",L9D3Z,SPAMEDICA LEICESTER,311,274,37,0,0,0,0,0.8810289389067524
2026-07-01,QK1,"NHS LEICESTER, LEICESTERSHIRE AND RUTLAND INTEGRATED CARE BOARD",NT226,"NUFFIELD HEALTH, LEICESTER HOSPITAL",456,412,44,1,0,0,0,0.9035087719298246
2026-07-01,QK1,"NHS LEICESTER, LEICESTERSHIRE AND RUTLAND INTEGRATED CARE BOARD",NT322,SPIRE LEICESTER HOSPITAL,852,497,355,2,1,1,1,0.5833333333333334
2026-07-01,QK1,"NHS LEICESTER, LEICESTERSHIRE AND RUTLAND INTEGRATED CARE BOARD",RWE,UNIVERSITY HOSPITALS OF LEICESTER NHS TRUST,116558,69941,46617,2407,73,0,0,0.6000531924020659
2026-07-01,QKK,NHS SOUTH EAST LONDON INTEGRATED CARE BOARD,NCN,DMC HEALTHCARE,2506,2081,425,26,22,18,9,0.8304070231444534
2026-07-01,QKK,NHS SOUTH EAST LONDON INTEGRATED CARE BOARD,NT406,BLACKHEATH HOSPITAL,1242,964,278,11,1,0,0,0.7761674718196457
2026-07-01,QKK,NHS SOUTH EAST LONDON INTEGRATED CARE BOARD,NT409,CHELSFIELD PARK HOSPITAL,776,678,98,0,0,0,0,0.8737113402061856
2026-07-01,QKK,NHS SOUTH EAST LONDON INTEGRATED CARE BOARD,NT437,SLOANE HOSPITAL,721,654,67,0,0,0,0,0.9070735090152566
2026-07-01,QKK,NHS SOUTH EAST LONDON INTEGRATED CARE BOARD,Q2Y5H,OVIVA UK LTD,11317,7547,3770,683,157,12,0,0.6668728461606432
2026-07-01,QKK,NHS SOUTH EAST LONDON INTEGRATED CARE BOARD,RJ1,GUY'S AND ST THOMAS' NHS FOUNDATION TRUST,109056,74422,34634,723,111,41,18,0.6824200410798122
2026-07-01,QKK,NHS SOUTH EAST LONDON INTEGRATED CARE BOARD,RJ2,LEWISHAM AND GREENWICH NHS TRUST,55829,36874,18955,875,74,7,0,0.660481111966899
2026-07-01,QKK,NHS SOUTH EAST LONDON INTEGRATED CARE BOARD,RJZ,KING'S COLLEGE HOSPITAL NHS FOUNDATION TRUST,89928,60108,29820,1890,264,15,0,0.6684013877768882
2026-07-01,QKK,NHS SOUTH EAST LONDON INTEGRATED CARE BOARD,RPG,OXLEAS NHS FOUNDATION TRUST,200,200,0,0,0,0,0,1
2026-07-01,QKK,NHS SOUTH EAST LONDON INTEGRATED CARE BOARD,Y8L9S,SPAMEDICA BROMLEY,654,565,89,1,0,0,0,0.863914373088685
2026-07-01,QKS,NHS KENT AND MEDWAY INTEGRATED CARE BOARD,ADP02,KIMS HOSPITAL (NEWNHAM COURT),1258,1122,136,1,1,0,0,0.8918918918918919
2026-07-01,QKS,NHS KENT AND MEDWAY INTEGRATED CARE BOARD,AVQ01,ONE ASHFORD HOSPITAL,1033,812,221,1,0,0,0,0.7860600193610843
2026-07-01,QKS,NHS KENT AND MEDWAY INTEGRATED CARE BOARD,G3E7R,OPTEGRA EYE HOSPITAL MAIDSTONE,508,506,2,0,0,0,0,0.9960629921259843
2026-07-01,QKS,NHS KENT AND MEDWAY INTEGRATED CARE BOARD,M0N7E,SPAMEDICA SITTINGBOURNE,233,205,28,0,0,0,0,0.8798283261802575
2026-07-01,QKS,NHS KENT AND MEDWAY INTEGRATED CARE BOARD,NN8,SPENCER PRIVATE HOSPITALS LTD,3748,2264,1484,51,7,1,0,0.6040554962646745
2026-07-01,QKS,NHS KENT AND MEDWAY INTEGRATED CARE BOARD,NT239,"NUFFIELD HEALTH, TUNBRIDGE WELLS HOSPITAL",86,65,21,0,0,0,0,0.7558139534883721
2026-07-01,QKS,NHS KENT AND MEDWAY INTEGRATED CARE BOARD,NT312,SPIRE ALEXANDRA HOSPITAL,1372,1013,359,18,2,1,0,0.7383381924198251
2026-07-01,QKS,NHS KENT AND MEDWAY INTEGRATED CARE BOARD,NT408,CHAUCER HOSPITAL,804,646,158,1,0,0,0,0.8034825870646766
2026-07-01,QKS,NHS KENT AND MEDWAY INTEGRATED CARE BOARD,NTP16,PRACTICE PLUS GROUP SURGICAL CENTRE - GILLINGHAM,1097,957,140,3,1,0,0,0.8723792160437557
2026-07-01,QKS,NHS KENT AND MEDWAY INTEGRATED CARE BOARD,NWF01,BENENDEN HOSPITAL,1589,1226,363,9,1,1,0,0.7715544367526747
2026-07-01,QKS,NHS KENT AND MEDWAY INTEGRATED CARE BOARD,NYR,CORA HEALTH DIAGNOSTICS (FORMERLY HEALTHSHARE DIAGNOSTICS),1531,996,535,48,7,7,7,0.6505551926845199
2026-07-01,QKS,NHS KENT AND MEDWAY INTEGRATED CARE BOARD,RN7,DARTFORD AND GRAVESHAM NHS TRUST,29972,18005,11967,851,12,0,0,0.6007273455224876
2026-07-01,QKS,NHS KENT AND MEDWAY INTEGRATED CARE BOARD,RPA,MEDWAY NHS FOUNDATION TRUST,35231,20432,14799,727,0,0,0,0.5799437994947632
2026-07-01,QKS,NHS KENT AND MEDWAY INTEGRATED CARE BOARD,RVV,EAST KENT HOSPITALS UNIVERSITY NHS FOUNDATION TRUST,83107,45876,37231,2648,231,25,5,0.5520112625891922
2026-07-01,QKS,NHS KENT AND MEDWAY INTEGRATED CARE BOARD,RWF,MAIDSTONE AND TUNBRIDGE WELLS NHS TRUST,50736,37043,13693,2,0,0,0,0.7301127404604226
2026-07-01,QKS,NHS KENT AND MEDWAY INTEGRATED CARE BOARD,RYY,KENT COMMUNITY HEALTH NHS FOUNDATION TRUST,4449,4425,24,0,0,0,0,0.9946055293324343
2026-07-01,QKS,NHS KENT AND MEDWAY INTEGRATED CARE BOARD,U0K8N,CES MEDICAL,100,94,6,0,0,0,0,0.94
2026-07-01,QKS,NHS KENT AND MEDWAY INTEGRATED CARE BOARD,X1M4L,ACES MAIDSTONE,2,1,1,0,0,0,0,0.5
2026-07-01,QKS,NHS KENT AND MEDWAY INTEGRATED CARE BOARD,Z4F8Y,ACES DARTFORD,629,554,75,0,0,0,0,0.8807631160572337
2026-07-01,QMF,NHS NORTH EAST LONDON INTEGRATED CARE BOARD,B4N1U,SPAMEDICA ROMFORD,827,731,96,1,0,0,0,0.8839177750906893
2026-07-01,QMF,NHS NORTH EAST LONDON INTEGRATED CARE BOARD,NT314,SPIRE LONDON EAST,3687,2155,1532,84,7,0,0,0.5844860320043396
2026-07-01,QMF,NHS NORTH EAST LONDON INTEGRATED CARE BOARD,NT422,LONDON INDEPENDENT HOSPITAL,3909,3315,594,3,0,0,0,0.8480429777436684
2026-07-01,QMF,NHS NORTH EAST LONDON INTEGRATED CARE BOARD,NTP15,PRACTICE PLUS GROUP HOSPITAL - ILFORD,4869,3689,1180,48,30,9,0,0.7576504415691107
2026-07-01,QMF,NHS NORTH EAST LONDON INTEGRATED CARE BOARD,R1H,BARTS HEALTH NHS TRUST,121618,77561,44057,1030,74,0,0,0.6377427683402128
2026-07-01,QMF,NHS NORTH EAST LONDON INTEGRATED CARE BOARD,RF4,"BARKING, HAVERING AND REDBRIDGE UNIVERSITY HOSPITALS NHS TRUST",67654,46400,21254,1243,144,37,4,0.6858426700564638
2026-07-01,QMF,NHS NORTH EAST LONDON INTEGRATED CARE BOARD,RQX,HOMERTON HEALTHCARE NHS FOUNDATION TRUST,26141,19238,6903,122,4,0,0,0.7359320607474847
2026-07-01,QMF,NHS NORTH EAST LONDON INTEGRATED CARE BOARD,V3J9W,PASTEL HEALTH,176,117,59,0,0,0,0,0.6647727272727273
2026-07-01,QMF,NHS NORTH EAST LONDON INTEGRATED CARE BOARD,V8N5R,SPAMEDICA DALSTON,480,435,45,0,0,0,0,0.90625
2026-07-01,QNC,NHS STAFFORDSHIRE AND STOKE-ON-TRENT INTEGRATED CARE BOARD,B6Z0N,OPTEGRA EYE HOSPITAL UTTOXETER,229,222,7,0,0,0,0,0.9694323144104804
2026-07-01,QNC,NHS STAFFORDSHIRE AND STOKE-ON-TRENT INTEGRATED CARE BOARD,NPG15,SPAMEDICA NEWCASTLE-UNDER-LYME,347,339,8,0,0,0,0,0.9769452449567724
2026-07-01,QNC,NHS STAFFORDSHIRE AND STOKE-ON-TRENT INTEGRATED CARE BOARD,NT230,"NUFFIELD HEALTH, NORTH STAFFORDSHIRE HOSPITAL",1103,762,341,9,1,0,0,0.6908431550317317
2026-07-01,QNC,NHS STAFFORDSHIRE AND STOKE-ON-TRENT INTEGRATED CARE BOARD,NT321,SPIRE LITTLE ASTON HOSPITAL,1457,1157,300,14,2,0,0,0.7940974605353466
2026-07-01,QNC,NHS STAFFORDSHIRE AND STOKE-ON-TRENT INTEGRATED CARE BOARD,NVC0I,BEACON PARK HOSPITAL,1177,669,508,0,0,0,0,0.5683942225998301
2026-07-01,QNC,NHS STAFFORDSHIRE AND STOKE-ON-TRENT INTEGRATED CARE BOARD,NVC17,ROWLEY HALL HOSPITAL,2322,1416,906,0,0,0,0,0.6098191214470284
2026-07-01,QNC,NHS STAFFORDSHIRE AND STOKE-ON-TRENT INTEGRATED CARE BOARD,RJE,UNIVERSITY HOSPITALS OF NORTH MIDLANDS NHS TRUST,74375,45653,28722,1521,63,4,0,0.6138218487394957
2026-07-01,QNC,NHS STAFFORDSHIRE AND STOKE-ON-TRENT INTEGRATED CARE BOARD,RRE,MIDLANDS PARTNERSHIP UNIVERSITY NHS FOUNDATION TRUST,10360,9534,826,0,0,0,0,0.9202702702702703
2026-07-01,QOC,"NHS SHROPSHIRE, TELFORD AND WREKIN INTEGRATED CARE BOARD",AHP,ST MICHAEL'S CLINIC LIMITED,1898,1234,664,17,2,0,0,0.6501580611169653
2026-07-01,QOC,"NHS SHROPSHIRE, TELFORD AND WREKIN INTEGRATED CARE BOARD",NT235,"NUFFIELD HEALTH, SHREWSBURY HOSPITAL",568,500,68,0,0,0,0,0.8802816901408451
2026-07-01,QOC,"NHS SHROPSHIRE, TELFORD AND WREKIN INTEGRATED CARE BOARD",P5Y6K,NEWMEDICA - SHREWSBURY,390,381,9,0,0,0,0,0.9769230769230769
2026-07-01,QOC,"NHS SHROPSHIRE, TELFORD AND WREKIN INTEGRATED CARE BOARD",R1D,SHROPSHIRE COMMUNITY HEALTH NHS TRUST,8096,6598,1498,0,0,0,0,0.8149703557312253
2026-07-01,QOC,"NHS SHROPSHIRE, TELFORD AND WREKIN INTEGRATED CARE BOARD",RL1,THE ROBERT JONES AND AGNES HUNT ORTHOPAEDIC HOSPITAL NHS FOUNDATION TRUST,23052,12386,10666,2483,1548,977,338,0.5373069581815026
2026-07-01,QOC,"NHS SHROPSHIRE, TELFORD AND WREKIN INTEGRATED CARE BOARD",RXW,THE SHREWSBURY AND TELFORD HOSPITAL NHS TRUST,37291,25339,11952,0,0,0,0,0.6794937116194256
2026-07-01,QOC,"NHS SHROPSHIRE, TELFORD AND WREKIN INTEGRATED CARE BOARD",V5F1D,SPAMEDICA TELFORD,437,397,40,0,0,0,0,0.9084668192219679
2026-07-01,QOP,NHS GREATER MANCHESTER INTEGRATED CARE BOARD,D1V5N,ACES BOLTON,1,0,1,0,0,0,0,0
2026-07-01,QOP,NHS GREATER MANCHESTER INTEGRATED CARE BOARD,DXV,OMNES HEALTHCARE LTD,14330,7851,6479,389,122,67,5,0.5478715980460572
2026-07-01,QOP,NHS GREATER MANCHESTER INTEGRATED CARE BOARD,I1H7K,SPAMEDICA SALE,259,216,43,1,0,0,0,0.833976833976834
2026-07-01,QOP,NHS GREATER MANCHESTER INTEGRATED CARE BOARD,M9U8M,ENDOCARE DIAGNOSTICS LTD,71,71,0,0,0,0,0,1
2026-07-01,QOP,NHS GREATER MANCHESTER INTEGRATED CARE BOARD,N1L8R,ACES MANCHESTER ST JOHNS STREET,16,11,5,2,1,1,0,0.6875
2026-07-01,QOP,NHS GREATER MANCHESTER INTEGRATED CARE BOARD,NLE01,LANCASTER HOUSE CONSULTING DIAGNOSTICS SURGICAL LTD HQ,1014,783,231,0,0,0,0,0.772189349112426
2026-07-01,QOP,NHS GREATER MANCHESTER INTEGRATED CARE BOARD,NN5,MANCHESTER SURGICAL SERVICES LTD,488,449,39,0,0,0,0,0.9200819672131147
2026-07-01,QOP,NHS GREATER MANCHESTER INTEGRATED CARE BOARD,NNH04,OPTEGRA (MANCHESTER EYE HOSPITAL),891,861,30,0,0,0,0,0.9663299663299664
2026-07-01,QOP,NHS GREATER MANCHESTER INTEGRATED CARE BOARD,NPG01,SPAMEDICA MANCHESTER,297,251,46,1,0,0,0,0.8451178451178452
2026-07-01,QOP,NHS GREATER MANCHESTER INTEGRATED CARE BOARD,NPG08,SPAMEDICA BOLTON,669,644,25,0,0,0,0,0.9626307922272048
2026-07-01,QOP,NHS GREATER MANCHESTER INTEGRATED CARE BOARD,NRL,HEART NETWORKS,668,620,48,0,0,0,0,0.9281437125748503
2026-07-01,QOP,NHS GREATER MANCHESTER INTEGRATED CARE BOARD,NRP,BEACON MEDICAL SERVICES GROUP LIMITED,3998,3725,273,0,0,0,0,0.9317158579289645
2026-07-01,QOP,NHS GREATER MANCHESTER INTEGRATED CARE BOARD,NT327,SPIRE MANCHESTER HOSPITAL,650,582,68,0,0,0,0,0.8953846153846153
2026-07-01,QOP,NHS GREATER MANCHESTER INTEGRATED CARE BOARD,NT401,ALEXANDRA HOSPITAL,551,399,152,0,0,0,0,0.7241379310344828
2026-07-01,QOP,NHS GREATER MANCHESTER INTEGRATED CARE BOARD,NT404,BEAUMONT HOSPITAL,3493,2286,1207,4,0,0,0,0.6544517606641855
2026-07-01,QOP,NHS GREATER MANCHESTER INTEGRATED CARE BOARD,NT420,HIGHFIELD HOSPITAL,1111,739,372,1,1,1,1,0.6651665166516652
2026-07-01,QOP,NHS GREATER MANCHESTER INTEGRATED CARE BOARD,NTPAE,PRACTICE PLUS GROUP OPHTHALMOLOGY - NORTH WEST,1247,1107,140,0,0,0,0,0.8877305533279871
2026-07-01,QOP,NHS GREATER MANCHESTER INTEGRATED CARE BOARD,NVC12,OAKLANDS HOSPITAL,3222,2337,885,0,0,0,0,0.7253258845437617
2026-07-01,QOP,NHS GREATER MANCHESTER INTEGRATED CARE BOARD,O1P6X,SPAMEDICA OLDHAM,674,603,71,0,0,0,0,0.8946587537091988
2026-07-01,QOP,NHS GREATER MANCHESTER INTEGRATED CARE BOARD,R0A,MANCHESTER UNIVERSITY NHS FOUNDATION TRUST,167649,107108,60541,1390,1,0,0,0.638882426975407
2026-07-01,QOP,NHS GREATER MANCHESTER INTEGRATED CARE BOARD,RBV,THE CHRISTIE NHS FOUNDATION TRUST,3368,3278,90,0,0,0,0,0.9732779097387173
2026-07-01,QOP,NHS GREATER MANCHESTER INTEGRATED CARE BOARD,RM3,NORTHERN CARE ALLIANCE NHS FOUNDATION TRUST,134561,75169,59392,3777,179,3,0,0.5586239697980842
2026-07-01,QOP,NHS GREATER MANCHESTER INTEGRATED CARE BOARD,RMC,BOLTON NHS FOUNDATION TRUST,37306,22758,14548,580,7,0,0,0.6100359191550957
2026-07-01,QOP,NHS GREATER MANCHESTER INTEGRATED CARE BOARD,RMP,TAMESIDE AND GLOSSOP INTEGRATED CARE NHS FOUNDATION TRUST,16714,13078,3636,0,0,0,0,0.7824578197917913
2026-07-01,QOP,NHS GREATER MANCHESTER INTEGRATED CARE BOARD,RRF,"WRIGHTINGTON, WIGAN AND LEIGH TEACHING HOSPITALS NHS FOUNDATION TRUST",45765,27746,18019,1102,70,1,0,0.6062711679230853
2026-07-01,QOP,NHS GREATER MANCHESTER INTEGRATED CARE BOARD,RWJ,STOCKPORT NHS FOUNDATION TRUST,34684,21559,13125,146,0,0,0,0.6215834390497059
2026-07-01,QOP,NHS GREATER MANCHESTER INTEGRATED CARE BOARD,S8O6A,ACES MANCHESTER TRAFFORD,1,1,0,0,0,0,0,1
2026-07-01,QOP,NHS GREATER MANCHESTER INTEGRATED CARE BOARD,W7J4C,ACES MANCHESTER,86,73,13,1,0,0,0,0.8488372093023255
2026-07-01,QOP,NHS GREATER MANCHESTER INTEGRATED CARE BOARD,Z2L9B,NEWMEDICA - MANCHESTER WEST,367,295,72,3,2,1,0,0.8038147138964578
2026-07-01,QOQ,NHS HUMBER AND NORTH YORKSHIRE INTEGRATED CARE BOARD,A1S9E,OPTEGRA EYE HOSPITAL YORK,670,637,33,0,0,0,0,0.9507462686567164
2026-07-01,QOQ,NHS HUMBER AND NORTH YORKSHIRE INTEGRATED CARE BOARD,ACG12,NEWMEDICA COMMUNITY OPHTHALMOLOGY - NORTH EAST LINCOLNSHIRE - GRIMSBY,995,737,258,3,0,0,0,0.7407035175879397
2026-07-01,QOQ,NHS HUMBER AND NORTH YORKSHIRE INTEGRATED CARE BOARD,ACG22,NEWMEDICA - BRIGG - RIVERSIDE SURGERY,752,588,164,1,0,0,0,0.7819148936170213
2026-07-01,QOQ,NHS HUMBER AND NORTH YORKSHIRE INTEGRATED CARE BOARD,NL3,CARE PLUS GROUP,281,251,30,4,0,0,0,0.8932384341637011
2026-07-01,QOQ,NHS HUMBER AND NORTH YORKSHIRE INTEGRATED CARE BOARD,NPG18,SPAMEDICA HULL,585,563,22,0,0,0,0,0.9623931623931624
2026-07-01,QOQ,NHS HUMBER AND NORTH YORKSHIRE INTEGRATED CARE BOARD,NT245,"NUFFIELD HEALTH, YORK HOSPITAL",1408,975,433,4,0,0,0,0.6924715909090909
2026-07-01,QOQ,NHS HUMBER AND NORTH YORKSHIRE INTEGRATED CARE BOARD,NT351,SPIRE HULL AND EAST RIDING HOSPITAL,3017,1826,1191,0,0,0,0,0.6052369903878024
2026-07-01,QOQ,NHS HUMBER AND NORTH YORKSHIRE INTEGRATED CARE BOARD,NT447,DUCHY HOSPITAL,343,282,61,0,0,0,0,0.8221574344023324
2026-07-01,QOQ,NHS HUMBER AND NORTH YORKSHIRE INTEGRATED CARE BOARD,NTE02,ST HUGH'S HOSPITAL,2246,1808,438,8,1,0,0,0.804986642920748
2026-07-01,QOQ,NHS HUMBER AND NORTH YORKSHIRE INTEGRATED CARE BOARD,NVC28,CLIFTON PARK HOSPITAL,1623,1181,442,7,0,0,0,0.7276648182378311
2026-07-01,QOQ,NHS HUMBER AND NORTH YORKSHIRE INTEGRATED CARE BOARD,RCB,YORK AND SCARBOROUGH TEACHING HOSPITALS NHS FOUNDATION TRUST,56760,33205,23555,1163,2,0,0,0.5850070472163496
2026-07-01,QOQ,NHS HUMBER AND NORTH YORKSHIRE INTEGRATED CARE BOARD,RCD,HARROGATE AND DISTRICT NHS FOUNDATION TRUST,21345,15714,5631,12,0,0,0,0.7361911454673226
2026-07-01,QOQ,NHS HUMBER AND NORTH YORKSHIRE INTEGRATED CARE BOARD,RJL,NORTHERN LINCOLNSHIRE AND GOOLE NHS FOUNDATION TRUST,42583,25454,17129,1408,98,2,0,0.5977502759317098
2026-07-01,QOQ,NHS HUMBER AND NORTH YORKSHIRE INTEGRATED CARE BOARD,RWA,HULL UNIVERSITY TEACHING HOSPITALS NHS TRUST,85759,48034,37725,3331,277,7,0,0.5601044788302102
2026-07-01,QOQ,NHS HUMBER AND NORTH YORKSHIRE INTEGRATED CARE BOARD,Z1E5F,NEWMEDICA - HARROGATE,314,278,36,0,0,0,0,0.8853503184713376
2026-07-01,QOX,"NHS BATH AND NORTH EAST SOMERSET, SWINDON AND WILTSHIRE INTEGRATED CARE BOARD",D0V5X,NEWMEDICA - SWINDON MURDOCK ROAD,161,137,24,2,0,0,0,0.8509316770186336
2026-07-01,QOX,"NHS BATH AND NORTH EAST SOMERSET, SWINDON AND WILTSHIRE INTEGRATED CARE BOARD",DFY01,COTSWOLDS SURGICAL PARTNERS,308,301,7,0,0,0,0,0.9772727272727273
2026-07-01,QOX,"NHS BATH AND NORTH EAST SOMERSET, SWINDON AND WILTSHIRE INTEGRATED CARE BOARD",G3Z1Q,SULIS HOSPITAL BATH (FOXCOTE AVENUE),3899,2771,1128,4,1,0,0,0.7106950500128238
2026-07-01,QOX,"NHS BATH AND NORTH EAST SOMERSET, SWINDON AND WILTSHIRE INTEGRATED CARE BOARD",H1T2P,SPAMEDICA SWINDON,145,130,15,0,0,0,0,0.896551724137931
2026-07-01,QOX,"NHS BATH AND NORTH EAST SOMERSET, SWINDON AND WILTSHIRE INTEGRATED CARE BOARD",NQT5K,ST MARTINS HOSPITAL,1215,608,607,2,0,0,0,0.5004115226337449
2026-07-01,QOX,"NHS BATH AND NORTH EAST SOMERSET, SWINDON AND WILTSHIRE INTEGRATED CARE BOARD",NT402,BATH CLINIC,693,579,114,0,0,0,0,0.8354978354978355
2026-07-01,QOX,"NHS BATH AND NORTH EAST SOMERSET, SWINDON AND WILTSHIRE INTEGRATED CARE BOARD",NT430,RIDGEWAY HOSPITAL,363,314,49,0,0,0,0,0.8650137741046832
2026-07-01,QOX,"NHS BATH AND NORTH EAST SOMERSET, SWINDON AND WILTSHIRE INTEGRATED CARE BOARD",NTPH3,PRACTICE PLUS GROUP SURGICAL CENTRE - DEVIZES,2722,2215,507,0,0,0,0,0.8137398971344599
2026-07-01,QOX,"NHS BATH AND NORTH EAST SOMERSET, SWINDON AND WILTSHIRE INTEGRATED CARE BOARD",NVC09,NEW HALL HOSPITAL,3520,2470,1050,14,0,0,0,0.7017045454545454
2026-07-01,QOX,"NHS BATH AND NORTH EAST SOMERSET, SWINDON AND WILTSHIRE INTEGRATED CARE BOARD",NXP,INDEPENDENT HEALTH GROUP,890,844,46,1,0,0,0,0.9483146067415731
2026-07-01,QOX,"NHS BATH AND NORTH EAST SOMERSET, SWINDON AND WILTSHIRE INTEGRATED CARE BOARD",RD1,ROYAL UNITED HOSPITALS BATH NHS FOUNDATION TRUST,41031,28964,12067,155,0,0,0,0.7059052911213473
2026-07-01,QOX,"NHS BATH AND NORTH EAST SOMERSET, SWINDON AND WILTSHIRE INTEGRATED CARE BOARD",RN3,GREAT WESTERN HOSPITALS NHS FOUNDATION TRUST,42820,24781,18039,1082,14,0,0,0.5787248949089211
2026-07-01,QOX,"NHS BATH AND NORTH EAST SOMERSET, SWINDON AND WILTSHIRE INTEGRATED CARE BOARD",RNZ,SALISBURY NHS FOUNDATION TRUST,29788,21159,8629,118,4,0,0,0.7103195917819256
2026-07-01,QPM,NHS NORTHAMPTONSHIRE INTEGRATED CARE BOARD,K8I4X,GLENDON WOOD HOSPITAL,1654,1220,434,0,0,0,0,0.7376058041112454
2026-07-01,QPM,NHS NORTHAMPTONSHIRE INTEGRATED CARE BOARD,M4C5R,NEWMEDICA - NORTHAMPTON,1152,931,221,0,0,0,0,0.8081597222222222
2026-07-01,QPM,NHS NORTHAMPTONSHIRE INTEGRATED CARE BOARD,NT441,THREE SHIRES HOSPITAL,3644,2270,1374,37,1,0,0,0.6229418221734357
2026-07-01,QPM,NHS NORTHAMPTONSHIRE INTEGRATED CARE BOARD,NVC23,WOODLAND HOSPITAL,4427,2809,1618,5,0,0,0,0.6345154732324373
2026-07-01,QPM,NHS NORTHAMPTONSHIRE INTEGRATED CARE BOARD,RNQ,KETTERING GENERAL HOSPITAL NHS FOUNDATION TRUST,31176,21089,10087,84,0,0,0,0.6764498332050295
2026-07-01,QPM,NHS NORTHAMPTONSHIRE INTEGRATED CARE BOARD,RNS,NORTHAMPTON GENERAL HOSPITAL NHS TRUST,39940,24191,15749,293,3,0,0,0.6056835252879319
2026-07-01,QR1,NHS GLOUCESTERSHIRE INTEGRATED CARE BOARD,A0C5S,SPAMEDICA GLOUCESTER,88,83,5,0,0,0,0,0.9431818181818182
2026-07-01,QR1,NHS GLOUCESTERSHIRE INTEGRATED CARE BOARD,AAH,TETBURY HOSPITAL TRUST LTD,288,252,36,0,0,0,0,0.875
2026-07-01,QR1,NHS GLOUCESTERSHIRE INTEGRATED CARE BOARD,ACG13,NEWMEDICA - GLOUCESTER (ASPEN MEDICAL CENTRE),546,402,144,3,0,0,0,0.7362637362637363
2026-07-01,QR1,NHS GLOUCESTERSHIRE INTEGRATED CARE BOARD,L0D9W,NEWMEDICA - GLOUCESTER (BRIGHOUSE COURT),972,810,162,8,0,0,0,0.8333333333333334
2026-07-01,QR1,NHS GLOUCESTERSHIRE INTEGRATED CARE BOARD,NT211,"NUFFIELD HEALTH, CHELTENHAM HOSPITAL",44,19,25,8,0,0,0,0.4318181818181818
2026-07-01,QR1,NHS GLOUCESTERSHIRE INTEGRATED CARE BOARD,NVC22,WINFIELD HOSPITAL,1419,1016,403,5,0,0,0,0.7159971811134602
2026-07-01,QR1,NHS GLOUCESTERSHIRE INTEGRATED CARE BOARD,RTE,GLOUCESTERSHIRE HOSPITALS NHS FOUNDATION TRUST,69444,49998,19446,25,0,0,0,0.7199758078451702
2026-07-01,QRL,NHS HAMPSHIRE AND ISLE OF WIGHT INTEGRATED CARE BOARD,A1U4J,SPAMEDICA PORTSMOUTH,194,159,35,2,0,0,0,0.8195876288659794
2026-07-01,QRL,NHS HAMPSHIRE AND ISLE OF WIGHT INTEGRATED CARE BOARD,B9M3W,SPAMEDICA SOUTHAMPTON,296,192,104,6,1,0,0,0.6486486486486487
2026-07-01,QRL,NHS HAMPSHIRE AND ISLE OF WIGHT INTEGRATED CARE BOARD,D0Y2J,OPTEGRA AT HAVANT HEALTH CENTRE (HAVANT),4,4,0,0,0,0,0,1
2026-07-01,QRL,NHS HAMPSHIRE AND ISLE OF WIGHT INTEGRATED CARE BOARD,GEC01,RAPID INVESTIGATION SERVICE,207,207,0,0,0,0,0,1
2026-07-01,QRL,NHS HAMPSHIRE AND ISLE OF WIGHT INTEGRATED CARE BOARD,L4R3R,NEWMEDICA - HAMPSHIRE,2043,1136,907,19,3,0,0,0.5560450318159569
2026-07-01,QRL,NHS HAMPSHIRE AND ISLE OF WIGHT INTEGRATED CARE BOARD,NNH06,OPTEGRA (SOLENT EYE HOSPITAL),821,815,6,0,0,0,0,0.9926918392204629
2026-07-01,QRL,NHS HAMPSHIRE AND ISLE OF WIGHT INTEGRATED CARE BOARD,NRF,UNIVERSITY OF SOUTHAMPTON AUDITORY IMPLANT SERVICE,187,135,52,7,3,0,0,0.7219251336898396
2026-07-01,QRL,NHS HAMPSHIRE AND ISLE OF WIGHT INTEGRATED CARE BOARD,NT214,"NUFFIELD HEALTH, WESSEX HOSPITAL",552,370,182,8,0,0,0,0.6702898550724637
2026-07-01,QRL,NHS HAMPSHIRE AND ISLE OF WIGHT INTEGRATED CARE BOARD,NT304,SPIRE SOUTHAMPTON HOSPITAL,206,175,31,9,1,0,0,0.8495145631067961
2026-07-01,QRL,NHS HAMPSHIRE AND ISLE OF WIGHT INTEGRATED CARE BOARD,NT305,SPIRE PORTSMOUTH HOSPITAL,392,225,167,5,0,0,0,0.5739795918367347
2026-07-01,QRL,NHS HAMPSHIRE AND ISLE OF WIGHT INTEGRATED CARE BOARD,NT345,SPIRE CLARE PARK HOSPITAL,313,236,77,5,0,0,0,0.7539936102236422
2026-07-01,QRL,NHS HAMPSHIRE AND ISLE OF WIGHT INTEGRATED CARE BOARD,NT418,HAMPSHIRE CLINIC,238,177,61,3,0,0,0,0.7436974789915967
2026-07-01,QRL,NHS HAMPSHIRE AND ISLE OF WIGHT INTEGRATED CARE BOARD,NT433,SARUM ROAD HOSPITAL,221,144,77,1,0,0,0,0.6515837104072398
2026-07-01,QRL,NHS HAMPSHIRE AND ISLE OF WIGHT INTEGRATED CARE BOARD,NTP11,PRACTICE PLUS GROUP HOSPITAL - SOUTHAMPTON,10527,6110,4417,9,0,0,0,0.5804122732022419
2026-07-01,QRL,NHS HAMPSHIRE AND ISLE OF WIGHT INTEGRATED CARE BOARD,NTPAD,PRACTICE PLUS GROUP SURGICAL CENTRE - ST MARYS PORTSMOUTH,2091,1976,115,0,0,0,0,0.9450023912003825
2026-07-01,QRL,NHS HAMPSHIRE AND ISLE OF WIGHT INTEGRATED CARE BOARD,Q4W9A,ACES SOUTHAMPTON,47,46,1,0,0,0,0,0.9787234042553191
2026-07-01,QRL,NHS HAMPSHIRE AND ISLE OF WIGHT INTEGRATED CARE BOARD,Q8X0X,SPAMEDICA ISLE OF WIGHT COMMUNITY DIAGNOSTIC & TREATMENT CENTRE,28,22,6,0,0,0,0,0.7857142857142857
2026-07-01,QRL,NHS HAMPSHIRE AND ISLE OF WIGHT INTEGRATED CARE BOARD,R1F,ISLE OF WIGHT NHS TRUST,12927,8505,4422,81,0,0,0,0.6579252726850777
2026-07-01,QRL,NHS HAMPSHIRE AND ISLE OF WIGHT INTEGRATED CARE BOARD,RHM,UNIVERSITY HOSPITAL SOUTHAMPTON NHS FOUNDATION TRUST,64407,41605,22802,1585,222,17,0,0.6459701585231419
2026-07-01,QRL,NHS HAMPSHIRE AND ISLE OF WIGHT INTEGRATED CARE BOARD,RHU,PORTSMOUTH HOSPITALS UNIVERSITY NHS TRUST,58058,35432,22626,2045,115,1,1,0.6102862654586793
2026-07-01,QRL,NHS HAMPSHIRE AND ISLE OF WIGHT INTEGRATED CARE BOARD,RN5,HAMPSHIRE HOSPITALS NHS FOUNDATION TRUST,49240,31963,17277,1273,89,3,0,0.6491267262388302
2026-07-01,QRL,NHS HAMPSHIRE AND ISLE OF WIGHT INTEGRATED CARE BOARD,RW1,HAMPSHIRE AND ISLE OF WIGHT HEALTHCARE NHS FOUNDATION TRUST,4437,3785,652,0,0,0,0,0.8530538652242506
2026-07-01,QRL,NHS HAMPSHIRE AND ISLE OF WIGHT INTEGRATED CARE BOARD,Y7W8F,ACES SOUTHAMPTON - EAST ST,7,6,1,0,0,0,0,0.8571428571428571
2026-07-01,QSL,NHS SOMERSET INTEGRATED CARE BOARD,G6S7A,SPAMEDICA TAUNTON,712,617,95,0,0,0,0,0.8665730337078652
2026-07-01,QSL,NHS SOMERSET INTEGRATED CARE BOARD,NPR01,ABOUT HEALTH HQ,1759,1759,0,0,0,0,0,1
2026-07-01,QSL,NHS SOMERSET INTEGRATED CARE BOARD,NT238,"NUFFIELD HEALTH, TAUNTON HOSPITAL",596,284,312,2,0,0,0,0.47651006711409394
2026-07-01,QSL,NHS SOMERSET INTEGRATED CARE BOARD,NTPH1,PRACTICE PLUS GROUP HOSPITAL - SHEPTON MALLET,3130,2290,840,27,2,1,0,0.731629392971246
2026-07-01,QSL,NHS SOMERSET INTEGRATED CARE BOARD,RH5,SOMERSET NHS FOUNDATION TRUST,54854,35616,19238,1474,29,1,0,0.6492871987457615
2026-07-01,QT1,NHS NOTTINGHAM AND NOTTINGHAMSHIRE INTEGRATED CARE BOARD,A4Y8X,ACES NOTTINGHAM,49,45,4,0,0,0,0,0.9183673469387755
2026-07-01,QT1,NHS NOTTINGHAM AND NOTTINGHAMSHIRE INTEGRATED CARE BOARD,A6U7U,OPTEGRA EYE HOSPITAL NOTTINGHAM,167,167,0,0,0,0,0,1
2026-07-01,QT1,NHS NOTTINGHAM AND NOTTINGHAMSHIRE INTEGRATED CARE BOARD,ACG30,NEWMEDICA - WORKSOP - DUKERIES,187,178,9,0,0,0,0,0.9518716577540107
2026-07-01,QT1,NHS NOTTINGHAM AND NOTTINGHAMSHIRE INTEGRATED CARE BOARD,B1A5K,NEWMEDICA - NOTTINGHAM,692,667,25,0,0,0,0,0.9638728323699421
2026-07-01,QT1,NHS NOTTINGHAM AND NOTTINGHAMSHIRE INTEGRATED CARE BOARD,G3O5P,SPAMEDICA NEWARK,532,494,38,6,2,0,0,0.9285714285714286
2026-07-01,QT1,NHS NOTTINGHAM AND NOTTINGHAMSHIRE INTEGRATED CARE BOARD,M6L9D,NEWMEDICA - NOTTINGHAM - KEYWORTH,37,36,1,0,0,0,0,0.972972972972973
2026-07-01,QT1,NHS NOTTINGHAM AND NOTTINGHAMSHIRE INTEGRATED CARE BOARD,NT30A,SPIRE NOTTINGHAM HOSPITAL,774,578,196,2,1,0,0,0.7467700258397932
2026-07-01,QT1,NHS NOTTINGHAM AND NOTTINGHAMSHIRE INTEGRATED CARE BOARD,NT427,PARK HOSPITAL,2432,1599,833,39,4,1,0,0.657483552631579
2026-07-01,QT1,NHS NOTTINGHAM AND NOTTINGHAMSHIRE INTEGRATED CARE BOARD,NVC40,WOODTHORPE HOSPITAL,3813,2992,821,1,1,0,0,0.7846839758720168
2026-07-01,QT1,NHS NOTTINGHAM AND NOTTINGHAMSHIRE INTEGRATED CARE BOARD,RK5,SHERWOOD FOREST HOSPITALS NHS FOUNDATION TRUST,33453,21414,12039,475,0,0,0,0.6401219621558605
2026-07-01,QT1,NHS NOTTINGHAM AND NOTTINGHAMSHIRE INTEGRATED CARE BOARD,RX1,NOTTINGHAM UNIVERSITY HOSPITALS NHS TRUST,78304,48165,30139,1899,28,1,0,0.6151026767470372
2026-07-01,QT6,NHS CORNWALL AND THE ISLES OF SCILLY INTEGRATED CARE BOARD,E3D4A,SPAMEDICA TRURO,326,288,38,0,0,0,0,0.8834355828220859
2026-07-01,QT6,NHS CORNWALL AND THE ISLES OF SCILLY INTEGRATED CARE BOARD,NAM01,PROBUS SURGICAL CENTRE,796,752,44,0,0,0,0,0.9447236180904522
2026-07-01,QT6,NHS CORNWALL AND THE ISLES OF SCILLY INTEGRATED CARE BOARD,NVC04,DUCHY HOSPITAL,1704,1130,574,6,0,0,0,0.6631455399061033
2026-07-01,QT6,NHS CORNWALL AND THE ISLES OF SCILLY INTEGRATED CARE BOARD,REF,ROYAL CORNWALL HOSPITALS NHS TRUST,44275,32742,11533,487,37,5,1,0.7395143986448335
2026-07-01,QT6,NHS CORNWALL AND THE ISLES OF SCILLY INTEGRATED CARE BOARD,RJ8,CORNWALL PARTNERSHIP NHS FOUNDATION TRUST,756,730,26,0,0,0,0,0.9656084656084656
2026-07-01,QUA,NHS BLACK COUNTRY INTEGRATED CARE BOARD,DXN,MODALITY LLP,845,329,516,19,0,0,0,0.3893491124260355
2026-07-01,QUA,NHS BLACK COUNTRY INTEGRATED CARE BOARD,NPG20,SPAMEDICA WOLVERHAMPTON,763,676,87,2,0,0,0,0.8859764089121888
2026-07-01,QUA,NHS BLACK COUNTRY INTEGRATED CARE BOARD,NT242,"NUFFIELD HEALTH, WOLVERHAMPTON HOSPITAL",528,457,71,1,0,0,0,0.865530303030303
2026-07-01,QUA,NHS BLACK COUNTRY INTEGRATED CARE BOARD,NVC1H,STOURSIDE HOSPITAL,2803,1977,826,14,2,1,0,0.705315733143061
2026-07-01,QUA,NHS BLACK COUNTRY INTEGRATED CARE BOARD,NVC21,WEST MIDLANDS HOSPITAL,733,506,227,3,0,0,0,0.6903137789904502
2026-07-01,QUA,NHS BLACK COUNTRY INTEGRATED CARE BOARD,RBK,WALSALL HEALTHCARE NHS TRUST,27855,20549,7306,15,1,0,0,0.7377131574223659
2026-07-01,QUA,NHS BLACK COUNTRY INTEGRATED CARE BOARD,RL4,THE ROYAL WOLVERHAMPTON NHS TRUST,70399,44975,25424,1038,0,0,0,0.6388585065128766
2026-07-01,QUA,NHS BLACK COUNTRY INTEGRATED CARE BOARD,RNA,THE DUDLEY GROUP NHS FOUNDATION TRUST,48052,30728,17324,17,0,0,0,0.6394739032714559
2026-07-01,QUA,NHS BLACK COUNTRY INTEGRATED CARE BOARD,RXK,SANDWELL AND WEST BIRMINGHAM HOSPITALS NHS TRUST,67233,40604,26629,368,2,0,0,0.6039296178959737
2026-07-01,QUY,"NHS BRISTOL, NORTH SOMERSET AND SOUTH GLOUCESTERSHIRE INTEGRATED CARE BOARD",ACG20,NEWMEDICA - BRISTOL - LITFIELD HOUSE,355,295,60,3,0,0,0,0.8309859154929577
2026-07-01,QUY,"NHS BRISTOL, NORTH SOMERSET AND SOUTH GLOUCESTERSHIRE INTEGRATED CARE BOARD",ACG38,NEWMEDICA - LANGFORD,403,322,81,5,1,0,0,0.7990074441687345
2026-07-01,QUY,"NHS BRISTOL, NORTH SOMERSET AND SOUTH GLOUCESTERSHIRE INTEGRATED CARE BOARD",H4J9P,NEWMEDICA AZTEC WEST,854,626,228,1,0,0,0,0.7330210772833724
2026-07-01,QUY,"NHS BRISTOL, NORTH SOMERSET AND SOUTH GLOUCESTERSHIRE INTEGRATED CARE BOARD",NFH,SOMERSET SURGICAL SERVICES HQ,1579,1174,405,1,0,0,0,0.7435085497150095
2026-07-01,QUY,"NHS BRISTOL, NORTH SOMERSET AND SOUTH GLOUCESTERSHIRE INTEGRATED CARE BOARD",NLX,SIRONA CARE & HEALTH,7987,5727,2260,96,3,2,0,0.7170401903092526
2026-07-01,QUY,"NHS BRISTOL, NORTH SOMERSET AND SOUTH GLOUCESTERSHIRE INTEGRATED CARE BOARD",NT302,SPIRE BRISTOL HOSPITAL,835,490,345,17,0,0,0,0.5868263473053892
2026-07-01,QUY,"NHS BRISTOL, NORTH SOMERSET AND SOUTH GLOUCESTERSHIRE INTEGRATED CARE BOARD",NTPH2,PRACTICE PLUS GROUP HOSPITAL - EMERSONS GREEN,5808,4552,1256,0,0,0,0,0.7837465564738292
2026-07-01,QUY,"NHS BRISTOL, NORTH SOMERSET AND SOUTH GLOUCESTERSHIRE INTEGRATED CARE BOARD",NWV01,COHESE HEALTHCARE,1046,1040,6,0,0,0,0,0.994263862332696
2026-07-01,QUY,"NHS BRISTOL, NORTH SOMERSET AND SOUTH GLOUCESTERSHIRE INTEGRATED CARE BOARD",P1B7M,SPAMEDICA BRISTOL,320,301,19,0,0,0,0,0.940625
2026-07-01,QUY,"NHS BRISTOL, NORTH SOMERSET AND SOUTH GLOUCESTERSHIRE INTEGRATED CARE BOARD",RA7,BRISTOL NHS FOUNDATION TRUST,95525,66914,28611,495,7,0,0,0.7004867835645119
2026-07-01,QUY,"NHS BRISTOL, NORTH SOMERSET AND SOUTH GLOUCESTERSHIRE INTEGRATED CARE BOARD",T1T4S,ACES BRISTOL,119,101,18,0,0,0,0,0.8487394957983193
2026-07-01,QVV,NHS DORSET INTEGRATED CARE BOARD,H4Y7F,SPAMEDICA DORCHESTER,675,601,74,0,0,0,0,0.8903703703703704
2026-07-01,QVV,NHS DORSET INTEGRATED CARE BOARD,L6O7H,SPAMEDICA POOLE,1085,974,111,3,1,1,1,0.8976958525345622
2026-07-01,QVV,NHS DORSET INTEGRATED CARE BOARD,NT202,"NUFFIELD HEALTH, BOURNEMOUTH HOSPITAL",369,233,136,2,0,0,0,0.6314363143631436
2026-07-01,QVV,NHS DORSET INTEGRATED CARE BOARD,NT419,HARBOUR HOSPITAL,179,118,61,0,0,0,0,0.659217877094972
2026-07-01,QVV,NHS DORSET INTEGRATED CARE BOARD,NT443,WINTERBOURNE HOSPITAL,446,329,117,0,0,0,0,0.7376681614349776
2026-07-01,QVV,NHS DORSET INTEGRATED CARE BOARD,R0D,UNIVERSITY HOSPITALS DORSET NHS FOUNDATION TRUST,67365,44974,22391,773,0,0,0,0.6676167149113041
2026-07-01,QVV,NHS DORSET INTEGRATED CARE BOARD,RBD,DORSET COUNTY HOSPITAL NHS FOUNDATION TRUST,23380,14029,9351,379,1,0,0,0.6000427715996578
2026-07-01,QWE,NHS SOUTH WEST LONDON INTEGRATED CARE BOARD,N1N0Y,SPAMEDICA CROYDON,153,127,26,1,0,0,0,0.8300653594771242
2026-07-01,QWE,NHS SOUTH WEST LONDON INTEGRATED CARE BOARD,NLG,COMMUNITAS CLINICS,4830,3610,1220,14,6,0,0,0.7474120082815735
2026-07-01,QWE,NHS SOUTH WEST LONDON INTEGRATED CARE BOARD,NT3X3,SPIRE ST ANTHONY'S HOSPITAL,1087,1003,84,3,1,0,0,0.922723091076357
2026-07-01,QWE,NHS SOUTH WEST LONDON INTEGRATED CARE BOARD,NT436,SHIRLEY OAKS HOSPITAL,1126,765,361,4,0,0,0,0.6793960923623446
2026-07-01,QWE,NHS SOUTH WEST LONDON INTEGRATED CARE BOARD,R0F4N,NUFFIELD HEALTH PARKSIDE HOSPITAL,776,506,270,94,77,68,63,0.6520618556701031
2026-07-01,QWE,NHS SOUTH WEST LONDON INTEGRATED CARE BOARD,RAX,KINGSTON AND RICHMOND NHS FOUNDATION TRUST,40341,27504,12837,164,3,0,0,0.6817877593515282
2026-07-01,QWE,NHS SOUTH WEST LONDON INTEGRATED CARE BOARD,RJ6,CROYDON HEALTH SERVICES NHS TRUST,37338,27218,10120,711,48,2,0,0.7289624511221812
2026-07-01,QWE,NHS SOUTH WEST LONDON INTEGRATED CARE BOARD,RJ7,ST GEORGE'S UNIVERSITY HOSPITALS NHS FOUNDATION TRUST,70262,45382,24880,710,47,0,0,0.6458967863140815
2026-07-01,QWE,NHS SOUTH WEST LONDON INTEGRATED CARE BOARD,RVR,EPSOM AND ST HELIER UNIVERSITY HOSPITALS NHS TRUST,56820,38036,18784,510,39,3,0,0.669412178810278
2026-07-01,QWO,NHS WEST YORKSHIRE INTEGRATED CARE BOARD,ACG19,NEWMEDICA COMMUNITY OPHTHALMOLOGY - LEEDS,735,623,112,0,0,0,0,0.8476190476190476
2026-07-01,QWO,NHS WEST YORKSHIRE INTEGRATED CARE BOARD,ACG40,NEWMEDICA - WAKEFIELD,578,488,90,0,0,0,0,0.8442906574394463
2026-07-01,QWO,NHS WEST YORKSHIRE INTEGRATED CARE BOARD,AJ8,THE GRANGE MEDICAL CENTRE HQ,198,198,0,0,0,0,0,1
2026-07-01,QWO,NHS WEST YORKSHIRE INTEGRATED CARE BOARD,C9A7J,NEWMEDICA - BRADFORD & HUDDERSFIELD,937,806,131,2,0,0,0,0.8601921024546425
2026-07-01,QWO,NHS WEST YORKSHIRE INTEGRATED CARE BOARD,E6F9I,ACES BRADFORD,3,2,1,0,0,0,0,0.6666666666666666
2026-07-01,QWO,NHS WEST YORKSHIRE INTEGRATED CARE BOARD,I2C7H,SPAMEDICA BRADFORD,309,281,28,0,0,0,0,0.9093851132686084
2026-07-01,QWO,NHS WEST YORKSHIRE INTEGRATED CARE BOARD,NEQ,PHOENIX HEALTH SOLUTIONS LIMITED HQ,601,555,46,1,0,0,0,0.9234608985024958
2026-07-01,QWO,NHS WEST YORKSHIRE INTEGRATED CARE BOARD,NID,THE LIVING CARE GROUP,672,672,0,0,0,0,0,1
2026-07-01,QWO,NHS WEST YORKSHIRE INTEGRATED CARE BOARD,NL8,LOCALA COMMUNITY PARTNERSHIPS CIC,1539,1245,294,0,0,0,0,0.8089668615984406
2026-07-01,QWO,NHS WEST YORKSHIRE INTEGRATED CARE BOARD,NNH02,OPTEGRA YORKSHIRE EYE HOSPITAL,933,752,181,0,0,0,0,0.8060021436227224
2026-07-01,QWO,NHS WEST YORKSHIRE INTEGRATED CARE BOARD,NPG07,SPAMEDICA EYE HOSPITAL (WAKEFIELD),712,679,33,0,0,0,0,0.9536516853932584
2026-07-01,QWO,NHS WEST YORKSHIRE INTEGRATED CARE BOARD,NQH,NOVUS HEALTH LTD,1232,1220,12,0,0,0,0,0.9902597402597403
2026-07-01,QWO,NHS WEST YORKSHIRE INTEGRATED CARE BOARD,NT332,SPIRE LEEDS HOSPITAL,997,806,191,0,0,0,0,0.8084252758274825
2026-07-01,QWO,NHS WEST YORKSHIRE INTEGRATED CARE BOARD,NT348,SPIRE ELLAND HOSPITAL,1487,1153,334,6,2,0,0,0.7753866845998655
2026-07-01,QWO,NHS WEST YORKSHIRE INTEGRATED CARE BOARD,NT350,SPIRE METHLEY PARK HOSPITAL,932,810,122,1,0,0,0,0.869098712446352
2026-07-01,QWO,NHS WEST YORKSHIRE INTEGRATED CARE BOARD,NT448,HUDDERSFIELD PRIVATE HOSPITAL,1135,1040,95,0,0,0,0,0.9162995594713657
2026-07-01,QWO,NHS WEST YORKSHIRE INTEGRATED CARE BOARD,NVC20,THE YORKSHIRE CLINIC,7250,5432,1818,22,1,1,0,0.7492413793103448
2026-07-01,QWO,NHS WEST YORKSHIRE INTEGRATED CARE BOARD,P0C3F,SPAMEDICA LEEDS,358,326,32,0,0,0,0,0.9106145251396648
2026-07-01,QWO,NHS WEST YORKSHIRE INTEGRATED CARE BOARD,P1G3N,ACES LEEDS WHITE ROSE,11,10,1,0,0,0,0,0.9090909090909091
2026-07-01,QWO,NHS WEST YORKSHIRE INTEGRATED CARE BOARD,RAE,BRADFORD TEACHING HOSPITALS NHS FOUNDATION TRUST,31412,21510,9902,44,0,0,0,0.6847701515344454
2026-07-01,QWO,NHS WEST YORKSHIRE INTEGRATED CARE BOARD,RCF,AIREDALE NHS FOUNDATION TRUST,14618,10438,4180,46,0,0,0,0.7140511697906691
2026-07-01,QWO,NHS WEST YORKSHIRE INTEGRATED CARE BOARD,RR8,LEEDS TEACHING HOSPITALS NHS TRUST,88602,60079,28523,1471,330,29,3,0.6780772443059976
2026-07-01,QWO,NHS WEST YORKSHIRE INTEGRATED CARE BOARD,RWY,CALDERDALE AND HUDDERSFIELD NHS FOUNDATION TRUST,34861,26575,8286,8,0,0,0,0.762313186655575
2026-07-01,QWO,NHS WEST YORKSHIRE INTEGRATED CARE BOARD,RXF,MID YORKSHIRE TEACHING NHS TRUST,56479,37301,19178,308,7,0,0,0.6604401636006303
2026-07-01,QWO,NHS WEST YORKSHIRE INTEGRATED CARE BOARD,RXG,SOUTH WEST YORKSHIRE PARTNERSHIP TEACHING NHS FOUNDATION TRUST,4648,4513,135,0,0,0,0,0.9709552495697074
2026-07-01,QWO,NHS WEST YORKSHIRE INTEGRATED CARE BOARD,TAD,BRADFORD DISTRICT CARE NHS FOUNDATION TRUST,591,345,246,21,0,0,0,0.583756345177665
2026-07-01,QWO,NHS WEST YORKSHIRE INTEGRATED CARE BOARD,X0R3Y,ACES LEEDS KING STREET,43,40,3,0,0,0,0,0.9302325581395349
2026-07-01,QWU,NHS COVENTRY AND WARWICKSHIRE INTEGRATED CARE BOARD,ACG08,NEWMEDICA OPHTHALMOLOGY - NUNEATON - CAMP HILL - GP LED HEALTH CENTRE,9,9,0,0,0,0,0,1
2026-07-01,QWU,NHS COVENTRY AND WARWICKSHIRE INTEGRATED CARE BOARD,NPG21,SPAMEDICA COVENTRY,763,677,86,1,1,0,0,0.8872870249017037
2026-07-01,QWU,NHS COVENTRY AND WARWICKSHIRE INTEGRATED CARE BOARD,NT224,"NUFFIELD HEALTH, WARWICKSHIRE HOSPITAL",417,290,127,6,0,0,0,0.6954436450839329
2026-07-01,QWU,NHS COVENTRY AND WARWICKSHIRE INTEGRATED CARE BOARD,NT424,MERIDEN HOSPITAL,1940,1670,270,0,0,0,0,0.8608247422680413
2026-07-01,QWU,NHS COVENTRY AND WARWICKSHIRE INTEGRATED CARE BOARD,RJC,SOUTH WARWICKSHIRE UNIVERSITY NHS FOUNDATION TRUST,31237,21326,9911,312,0,0,0,0.6827160098601018
2026-07-01,QWU,NHS COVENTRY AND WARWICKSHIRE INTEGRATED CARE BOARD,RKB,UNIVERSITY HOSPITALS COVENTRY AND WARWICKSHIRE NHS TRUST,68683,40044,28639,2570,21,0,0,0.5830263675145232
2026-07-01,QWU,NHS COVENTRY AND WARWICKSHIRE INTEGRATED CARE BOARD,RLT,GEORGE ELIOT HOSPITAL NHS TRUST,19328,12436,6892,98,0,0,0,0.6434188741721855
2026-07-01,QYG,NHS CHESHIRE AND MERSEYSIDE INTEGRATED CARE BOARD,ACM,EYE CARE MEDICAL LTD,11,11,0,0,0,0,0,1
2026-07-01,QYG,NHS CHESHIRE AND MERSEYSIDE INTEGRATED CARE BOARD,AQK,VERNOVA HEALTHCARE COMMUNITY INTEREST COMPANY,326,272,54,2,2,2,0,0.8343558282208589
2026-07-01,QYG,NHS CHESHIRE AND MERSEYSIDE INTEGRATED CARE BOARD,D2L5T,ACES LIVERPOOL,63,58,5,0,0,0,0,0.9206349206349206
2026-07-01,QYG,NHS CHESHIRE AND MERSEYSIDE INTEGRATED CARE BOARD,DTT,PHOENIX PUBLIC HEALTH LTD,208,171,37,0,0,0,0,0.8221153846153846
2026-07-01,QYG,NHS CHESHIRE AND MERSEYSIDE INTEGRATED CARE BOARD,F1Y1H,NEWMEDICA - CHESHIRE OAKS,456,375,81,3,1,0,0,0.8223684210526315
2026-07-01,QYG,NHS CHESHIRE AND MERSEYSIDE INTEGRATED CARE BOARD,NCR,ISIGHT,1313,1094,219,0,0,0,0,0.8332063975628332
2026-07-01,QYG,NHS CHESHIRE AND MERSEYSIDE INTEGRATED CARE BOARD,NPG02,SPAMEDICA WIRRAL,472,452,20,0,0,0,0,0.9576271186440678
2026-07-01,QYG,NHS CHESHIRE AND MERSEYSIDE INTEGRATED CARE BOARD,NPG06,SPAMEDICA LIVERPOOL,511,466,45,0,0,0,0,0.9119373776908023
2026-07-01,QYG,NHS CHESHIRE AND MERSEYSIDE INTEGRATED CARE BOARD,NPG14,SPAMEDICA WIDNES,327,302,25,0,0,0,0,0.9235474006116208
2026-07-01,QYG,NHS CHESHIRE AND MERSEYSIDE INTEGRATED CARE BOARD,NT210,"NUFFIELD HEALTH, THE GROSVENOR HOSPITAL, CHESTER",459,290,169,4,0,0,0,0.6318082788671024
2026-07-01,QYG,NHS CHESHIRE AND MERSEYSIDE INTEGRATED CARE BOARD,NT324,SPIRE CHESHIRE HOSPITAL,1126,969,157,0,0,0,0,0.8605683836589698
2026-07-01,QYG,NHS CHESHIRE AND MERSEYSIDE INTEGRATED CARE BOARD,NT325,SPIRE MURRAYFIELD HOSPITAL,842,706,136,3,1,0,0,0.838479809976247
2026-07-01,QYG,NHS CHESHIRE AND MERSEYSIDE INTEGRATED CARE BOARD,NT337,SPIRE LIVERPOOL HOSPITAL,2209,1867,342,10,0,0,0,0.8451788139429606
2026-07-01,QYG,NHS CHESHIRE AND MERSEYSIDE INTEGRATED CARE BOARD,NT339,SPIRE REGENCY HOSPITAL,2228,1977,251,0,0,0,0,0.8873429084380611
2026-07-01,QYG,NHS CHESHIRE AND MERSEYSIDE INTEGRATED CARE BOARD,R6X7C,SPAMEDICA MACCLESFIELD COMMUNITY DIAGNOSTIC & TREATMENT CENTRE,82,75,7,0,0,0,0,0.9146341463414634
2026-07-01,QYG,NHS CHESHIRE AND MERSEYSIDE INTEGRATED CARE BOARD,RBL,WIRRAL UNIVERSITY TEACHING HOSPITAL NHS FOUNDATION TRUST,44108,28763,15345,308,0,0,0,0.6521039267253106
2026-07-01,QYG,NHS CHESHIRE AND MERSEYSIDE INTEGRATED CARE BOARD,RBN,MERSEY AND WEST LANCASHIRE TEACHING HOSPITALS NHS TRUST,84465,56168,28297,1766,33,4,0,0.6649854969514
2026-07-01,QYG,NHS CHESHIRE AND MERSEYSIDE INTEGRATED CARE BOARD,RBQ,LIVERPOOL HEART AND CHEST HOSPITAL NHS FOUNDATION TRUST,5591,4369,1222,27,2,0,0,0.7814344482203541
2026-07-01,QYG,NHS CHESHIRE AND MERSEYSIDE INTEGRATED CARE BOARD,RBS,ALDER HEY CHILDREN'S NHS FOUNDATION TRUST,17351,11752,5599,197,4,0,0,0.6773096651489827
2026-07-01,QYG,NHS CHESHIRE AND MERSEYSIDE INTEGRATED CARE BOARD,RBT,MID CHESHIRE HOSPITALS NHS FOUNDATION TRUST,29199,20644,8555,276,2,0,0,0.7070105140587006
2026-07-01,QYG,NHS CHESHIRE AND MERSEYSIDE INTEGRATED CARE BOARD,REM,LIVERPOOL UNIVERSITY HOSPITALS NHS FOUNDATION TRUST,63031,38276,24755,736,3,0,0,0.607256746680205
2026-07-01,QYG,NHS CHESHIRE AND MERSEYSIDE INTEGRATED CARE BOARD,REN,THE CLATTERBRIDGE CANCER CENTRE NHS FOUNDATION TRUST,798,781,17,0,0,0,0,0.9786967418546366
2026-07-01,QYG,NHS CHESHIRE AND MERSEYSIDE INTEGRATED CARE BOARD,REP,LIVERPOOL WOMEN'S NHS FOUNDATION TRUST,11643,7442,4201,103,8,1,0,0.6391823413209654
2026-07-01,QYG,NHS CHESHIRE AND MERSEYSIDE INTEGRATED CARE BOARD,RET,THE WALTON CENTRE NHS FOUNDATION TRUST,14567,9728,4839,214,9,3,0,0.6678108052447312
2026-07-01,QYG,NHS CHESHIRE AND MERSEYSIDE INTEGRATED CARE BOARD,RJN,EAST CHESHIRE NHS TRUST,16489,10286,6203,304,6,2,0,0.6238098126023409
2026-07-01,QYG,NHS CHESHIRE AND MERSEYSIDE INTEGRATED CARE BOARD,RJR,COUNTESS OF CHESTER HOSPITAL NHS FOUNDATION TRUST,32138,21733,10405,239,2,0,0,0.6762399651502894
2026-07-01,QYG,NHS CHESHIRE AND MERSEYSIDE INTEGRATED CARE BOARD,RWW,NORTH CHESHIRE AND MERSEY NHS FOUNDATION TRUST,35330,22915,12415,329,2,0,0,0.6485989244268328
2026-07-01,QYG,NHS CHESHIRE AND MERSEYSIDE INTEGRATED CARE BOARD,V4U1Y,SPAMEDICA CHESTER,230,213,17,1,0,0,0,0.9260869565217391
2026-07-01,QYG,NHS CHESHIRE AND MERSEYSIDE INTEGRATED CARE BOARD,X7Y2H,ACES WILMSLOW,1,1,0,0,0,0,0,1
2026-07-01,QYG,NHS CHESHIRE AND MERSEYSIDE INTEGRATED CARE BOARD,Y9S1N,FAIRFIELD INDEPENDENT HOSPITAL,1447,995,452,46,0,0,0,0.6876295784381479
2026-07-01,QYG,NHS CHESHIRE AND MERSEYSIDE INTEGRATED CARE BOARD,Z5J5V,SPAMEDICA HAYDOCK,330,299,31,1,0,0,0,0.906060606060606
2026-07-01,S0E4D,NHS THAMES VALLEY INTEGRATED CARE BOARD,C5Y9L,NEWMEDICA - BERKSHIRE - BRACKNELL,105,54,51,0,0,0,0,0.5142857142857142
2026-07-01,S0E4D,NHS THAMES VALLEY INTEGRATED CARE BOARD,DJH01,THE ROYAL BUCKINGHAMSHIRE HOSPITAL LTD,34,29,5,0,0,0,0,0.8529411764705882
2026-07-01,S0E4D,NHS THAMES VALLEY INTEGRATED CARE BOARD,F9Z4V,CIRCLE READING HOSPITAL,1793,1314,479,0,0,0,0,0.7328499721137758
2026-07-01,S0E4D,NHS THAMES VALLEY INTEGRATED CARE BOARD,J3J8Z,NEWMEDICA - OXFORDSHIRE,1088,804,284,0,0,0,0,0.7389705882352942
2026-07-01,S0E4D,NHS THAMES VALLEY INTEGRATED CARE BOARD,N8R1N,NEWMEDICA - BERKSHIRE,1269,877,392,4,2,0,0,0.6910953506698188
2026-07-01,S0E4D,NHS THAMES VALLEY INTEGRATED CARE BOARD,NT244,NUFFIELD HOSPITAL OXFORD (THE MANOR),100,80,20,0,0,0,0,0.8
2026-07-01,S0E4D,NHS THAMES VALLEY INTEGRATED CARE BOARD,NT343,SPIRE THAMES VALLEY HOSPITAL,360,174,186,10,2,0,0,0.48333333333333334
2026-07-01,S0E4D,NHS THAMES VALLEY INTEGRATED CARE BOARD,NT344,SPIRE DUNEDIN HOSPITAL,293,233,60,1,0,0,0,0.7952218430034129
2026-07-01,S0E4D,NHS THAMES VALLEY INTEGRATED CARE BOARD,NT410,CHILTERN HOSPITAL,410,387,23,0,0,0,0,0.9439024390243902
2026-07-01,S0E4D,NHS THAMES VALLEY INTEGRATED CARE BOARD,NT428,PRINCESS MARGARET HOSPITAL,55,53,2,0,0,0,0,0.9636363636363636
2026-07-01,S0E4D,NHS THAMES VALLEY INTEGRATED CARE BOARD,NT435,SHELBURNE HOSPITAL,86,64,22,0,0,0,0,0.7441860465116279
2026-07-01,S0E4D,NHS THAMES VALLEY INTEGRATED CARE BOARD,NV1,INHEALTH LIMITED,922,810,112,0,0,0,0,0.8785249457700651
2026-07-01,S0E4D,NHS THAMES VALLEY INTEGRATED CARE BOARD,NVC02,THE BERKSHIRE INDEPENDENT HOSPITAL,1231,894,337,5,0,0,0,0.7262388302193339
2026-07-01,S0E4D,NHS THAMES VALLEY INTEGRATED CARE BOARD,NVC25,THE CHERWELL HOSPITAL,2297,1541,756,7,2,1,0,0.6708750544188071
2026-07-01,S0E4D,NHS THAMES VALLEY INTEGRATED CARE BOARD,O5Y9D,SPAMEDICA OXFORD,199,179,20,0,0,0,0,0.8994974874371859
2026-07-01,S0E4D,NHS THAMES VALLEY INTEGRATED CARE BOARD,RHW,ROYAL BERKSHIRE NHS FOUNDATION TRUST,34892,29054,5838,34,5,0,0,0.8326837097328901
2026-07-01,S0E4D,NHS THAMES VALLEY INTEGRATED CARE BOARD,RTH,OXFORD UNIVERSITY HOSPITALS NHS FOUNDATION TRUST,90597,56617,33980,1504,74,2,0,0.6249323929048424
2026-07-01,S0E4D,NHS THAMES VALLEY INTEGRATED CARE BOARD,RWX,BERKSHIRE HEALTHCARE NHS FOUNDATION TRUST,117,117,0,0,0,0,0,1
2026-07-01,S0E4D,NHS THAMES VALLEY INTEGRATED CARE BOARD,RXQ,BUCKINGHAMSHIRE HEALTHCARE NHS TRUST,47659,30378,17281,46,0,0,0,0.6374032186995111
2026-07-01,S0E4D,NHS THAMES VALLEY INTEGRATED CARE BOARD,T8R5I,SPAMEDICA WOKINGHAM,187,160,27,1,0,0,0,0.8556149732620321
2026-07-01,S1Y5D,NHS CENTRAL EAST INTEGRATED CARE BOARD,A9T5Y,RSA (ATHENA SURGICAL CENTRE),94,94,0,0,0,0,0,1
2026-07-01,S1Y5D,NHS CENTRAL EAST INTEGRATED CARE BOARD,AVQ03,ONE HATFIELD HOSPITAL,412,160,252,20,0,0,0,0.3883495145631068
2026-07-01,S1Y5D,NHS CENTRAL EAST INTEGRATED CARE BOARD,AWR,ONE STOP DOCTORS LIMITED,905,670,235,6,1,0,0,0.7403314917127072
2026-07-01,S1Y5D,NHS CENTRAL EAST INTEGRATED CARE BOARD,B9J4U,SPAMEDICA PETERBOROUGH,482,418,64,1,0,0,0,0.8672199170124482
2026-07-01,S1Y5D,NHS CENTRAL EAST INTEGRATED CARE BOARD,F7F6D,NEWMEDICA - HERTFORSHIRE - WELWYN GARDEN CITY,1264,843,421,1,0,0,0,0.6669303797468354
2026-07-01,S1Y5D,NHS CENTRAL EAST INTEGRATED CARE BOARD,H7X1I,ANGLIA COMMUNITY EYE SERVICE - CAMBRIDGE,204,181,23,0,0,0,0,0.8872549019607843
2026-07-01,S1Y5D,NHS CENTRAL EAST INTEGRATED CARE BOARD,K3V9U,SPAMEDICA STEVENAGE COMMUNITY DIAGNOSTIC & TREATMENT CENTRE,4,4,0,0,0,0,0,1
2026-07-01,S1Y5D,NHS CENTRAL EAST INTEGRATED CARE BOARD,K9J3O,SPAMEDICA LUTON,253,218,35,1,0,0,0,0.8616600790513834
2026-07-01,S1Y5D,NHS CENTRAL EAST INTEGRATED CARE BOARD,NPG19,SPAMEDICA BEDFORD,278,251,27,2,1,1,1,0.9028776978417267
2026-07-01,S1Y5D,NHS CENTRAL EAST INTEGRATED CARE BOARD,NQM01,ORTHOPAEDICS & SPINE SPECIALIST HOSPITAL SITE,233,220,13,0,0,0,0,0.944206008583691
2026-07-01,S1Y5D,NHS CENTRAL EAST INTEGRATED CARE BOARD,NT209,"NUFFIELD HEALTH, CAMBRIDGE HOSPITAL",205,161,44,0,0,0,0,0.7853658536585366
2026-07-01,S1Y5D,NHS CENTRAL EAST INTEGRATED CARE BOARD,NT315,SPIRE BUSHEY HOSPITAL,1221,1165,56,0,0,0,0,0.9541359541359541
2026-07-01,S1Y5D,NHS CENTRAL EAST INTEGRATED CARE BOARD,NT316,SPIRE HARPENDEN HOSPITAL,828,749,79,0,0,0,0,0.9045893719806763
2026-07-01,S1Y5D,NHS CENTRAL EAST INTEGRATED CARE BOARD,NT317,SPIRE CAMBRIDGE LEA HOSPITAL,363,268,95,1,0,0,0,0.7382920110192838
2026-07-01,S1Y5D,NHS CENTRAL EAST INTEGRATED CARE BOARD,NT423,MANOR HOSPITAL,728,341,387,20,1,0,0,0.4684065934065934
2026-07-01,S1Y5D,NHS CENTRAL EAST INTEGRATED CARE BOARD,NT434,SAXON CLINIC,824,353,471,24,2,1,0,0.42839805825242716
2026-07-01,S1Y5D,NHS CENTRAL EAST INTEGRATED CARE BOARD,NVC06,FITZWILLIAM HOSPITAL,6552,3530,3022,147,0,0,0,0.5387667887667887
2026-07-01,S1Y5D,NHS CENTRAL EAST INTEGRATED CARE BOARD,NVC15,PINEHILL HOSPITAL,2015,1245,770,91,0,0,0,0.6178660049627791
2026-07-01,S1Y5D,NHS CENTRAL EAST INTEGRATED CARE BOARD,NVC19,RIVERS HOSPITAL,4197,2658,1539,26,0,0,0,0.6333095067905646
2026-07-01,S1Y5D,NHS CENTRAL EAST INTEGRATED CARE BOARD,NVC31,BLAKELANDS HOSPITAL,2185,1543,642,9,0,0,0,0.7061784897025172
2026-07-01,S1Y5D,NHS CENTRAL EAST INTEGRATED CARE BOARD,NX501,ANGLIA COMMUNITY EYE SERVICE LTD,746,707,39,1,0,0,0,0.9477211796246648
2026-07-01,S1Y5D,NHS CENTRAL EAST INTEGRATED CARE BOARD,O6X7Z,SPAMEDICA CAMBRIDGE,489,429,60,1,0,0,0,0.8773006134969326
2026-07-01,S1Y5D,NHS CENTRAL EAST INTEGRATED CARE BOARD,O9Q4E,ANGLIA COMMUNITY EYE SERVICE - PETERBOROUGH,311,275,36,2,0,0,0,0.8842443729903537
2026-07-01,S1Y5D,NHS CENTRAL EAST INTEGRATED CARE BOARD,Q1W6P,SPAMEDICA WATFORD,463,400,63,0,0,0,0,0.8639308855291576
2026-07-01,S1Y5D,NHS CENTRAL EAST INTEGRATED CARE BOARD,RC9,BEDFORDSHIRE HOSPITALS NHS FOUNDATION TRUST,85541,50582,34959,998,58,1,0,0.5913187828059059
2026-07-01,S1Y5D,NHS CENTRAL EAST INTEGRATED CARE BOARD,RD8,MILTON KEYNES UNIVERSITY HOSPITAL NHS FOUNDATION TRUST,37528,22078,15450,982,44,7,0,0.5883073971434662
2026-07-01,S1Y5D,NHS CENTRAL EAST INTEGRATED CARE BOARD,RGM,ROYAL PAPWORTH HOSPITAL NHS FOUNDATION TRUST,5921,4766,1155,37,5,2,1,0.8049315993919945
2026-07-01,S1Y5D,NHS CENTRAL EAST INTEGRATED CARE BOARD,RGN,NORTH WEST ANGLIA NHS FOUNDATION TRUST,76053,45357,30696,399,0,0,0,0.5963867303064968
2026-07-01,S1Y5D,NHS CENTRAL EAST INTEGRATED CARE BOARD,RGT,CAMBRIDGE UNIVERSITY HOSPITALS NHS FOUNDATION TRUST,60206,39309,20897,838,52,6,1,0.6529083480051822
2026-07-01,S1Y5D,NHS CENTRAL EAST INTEGRATED CARE BOARD,RT1,CAMBRIDGESHIRE AND PETERBOROUGH NHS FOUNDATION TRUST,76,25,51,7,1,0,0,0.32894736842105265
2026-07-01,S1Y5D,NHS CENTRAL EAST INTEGRATED CARE BOARD,RWG,WEST HERTFORDSHIRE TEACHING HOSPITALS NHS TRUST,44482,31182,13300,374,0,0,0,0.7010026527584191
2026-07-01,S1Y5D,NHS CENTRAL EAST INTEGRATED CARE BOARD,RWH,EAST AND NORTH HERTFORDSHIRE TEACHING NHS TRUST,55861,36686,19175,705,28,6,0,0.6567372585524784
2026-07-01,S1Y5D,NHS CENTRAL EAST INTEGRATED CARE BOARD,S3H9L,THE HAMPTONS HOSPITAL LTD,785,624,161,13,4,1,0,0.7949044585987262
2026-07-01,S1Y5D,NHS CENTRAL EAST INTEGRATED CARE BOARD,U1P4Z,ACES MILTON KEYNES,196,190,6,0,0,0,0,0.9693877551020408
2026-07-01,S9B9J,NHS SURREY AND SUSSEX INTEGRATED CARE BOARD,D5P5H,SPAMEDICA BEXHILL,229,217,12,0,0,0,0,0.9475982532751092
2026-07-01,S9B9J,NHS SURREY AND SUSSEX INTEGRATED CARE BOARD,D9E5L,OPTEGRA EYE HOSPITAL BRIGHTON,790,784,6,0,0,0,0,0.9924050632911392
2026-07-01,S9B9J,NHS SURREY AND SUSSEX INTEGRATED CARE BOARD,F4B0R,SPAMEDICA GUILDFORD,50,42,8,0,0,0,0,0.84
2026-07-01,S9B9J,NHS SURREY AND SUSSEX INTEGRATED CARE BOARD,I9A4A,SPAMEDICA BRIGHTON,208,179,29,1,0,0,0,0.8605769230769231
2026-07-01,S9B9J,NHS SURREY AND SUSSEX INTEGRATED CARE BOARD,M7C9Q,SPAMEDICA EPSOM,336,307,29,0,0,0,0,0.9136904761904762
2026-07-01,S9B9J,NHS SURREY AND SUSSEX INTEGRATED CARE BOARD,NDJ,FIRST COMMUNITY HEALTH AND CARE CIC,952,939,13,0,0,0,0,0.9863445378151261
2026-07-01,S9B9J,NHS SURREY AND SUSSEX INTEGRATED CARE BOARD,NNE,DORKING HEALTHCARE LIMITED (DHC),5827,4605,1222,5,0,0,0,0.7902865968766088
2026-07-01,S9B9J,NHS SURREY AND SUSSEX INTEGRATED CARE BOARD,NNH03,OPTEGRA (SURREY EYE HOSPITAL),932,923,9,0,0,0,0,0.990343347639485
2026-07-01,S9B9J,NHS SURREY AND SUSSEX INTEGRATED CARE BOARD,NT205,"NUFFIELD HEALTH, BRIGHTON HOSPITAL",819,384,435,122,62,32,6,0.46886446886446886
2026-07-01,S9B9J,NHS SURREY AND SUSSEX INTEGRATED CARE BOARD,NT212,"NUFFIELD HEALTH, CHICHESTER HOSPITAL",405,293,112,2,1,0,0,0.7234567901234568
2026-07-01,S9B9J,NHS SURREY AND SUSSEX INTEGRATED CARE BOARD,NT216,"NUFFIELD HEALTH, GUILDFORD HOSPITAL",60,33,27,3,0,0,0,0.55
2026-07-01,S9B9J,NHS SURREY AND SUSSEX INTEGRATED CARE BOARD,NT218,"NUFFIELD HEALTH, HAYWARDS HEATH HOSPITAL",535,296,239,37,8,2,0,0.5532710280373832
2026-07-01,S9B9J,NHS SURREY AND SUSSEX INTEGRATED CARE BOARD,NT241,"NUFFIELD HEALTH, WOKING HOSPITAL",280,230,50,6,5,2,0,0.8214285714285714
2026-07-01,S9B9J,NHS SURREY AND SUSSEX INTEGRATED CARE BOARD,NT308,SPIRE GATWICK PARK HOSPITAL,1559,1299,260,25,11,2,1,0.8332264271969211
2026-07-01,S9B9J,NHS SURREY AND SUSSEX INTEGRATED CARE BOARD,NT364,SPIRE MONTEFIORE HOSPITAL,680,402,278,20,4,0,0,0.5911764705882353
2026-07-01,S9B9J,NHS SURREY AND SUSSEX INTEGRATED CARE BOARD,NT417,GORING HALL HOSPITAL,990,709,281,9,0,0,0,0.7161616161616161
2026-07-01,S9B9J,NHS SURREY AND SUSSEX INTEGRATED CARE BOARD,NT431,RUNNYMEDE HOSPITAL,248,226,22,1,1,1,0,0.9112903225806451
2026-07-01,S9B9J,NHS SURREY AND SUSSEX INTEGRATED CARE BOARD,NT455,MOUNT ALVERNIA HOSPITAL,261,183,78,10,1,0,0,0.7011494252873564
2026-07-01,S9B9J,NHS SURREY AND SUSSEX INTEGRATED CARE BOARD,NVC01,ASHTEAD HOSPITAL,1094,828,266,8,1,0,0,0.7568555758683729
2026-07-01,S9B9J,NHS SURREY AND SUSSEX INTEGRATED CARE BOARD,NVC11,NORTH DOWNS HOSPITAL,1531,1048,483,19,1,0,0,0.6845199216198563
2026-07-01,S9B9J,NHS SURREY AND SUSSEX INTEGRATED CARE BOARD,NVM,EPSOMEDICAL GROUP,2917,2514,403,27,6,4,2,0.8618443606444978
2026-07-01,S9B9J,NHS SURREY AND SUSSEX INTEGRATED CARE BOARD,NXM01,THE HORDER CENTRE - ST JOHNS ROAD,1329,750,579,9,1,0,0,0.5643340857787811
2026-07-01,S9B9J,NHS SURREY AND SUSSEX INTEGRATED CARE BOARD,NYG,SUSSEX COMMUNITY DERMATOLOGY SERVICE,17980,15390,2590,112,0,0,0,0.8559510567296996
2026-07-01,S9B9J,NHS SURREY AND SUSSEX INTEGRATED CARE BOARD,RA2,ROYAL SURREY NHS FOUNDATION TRUST,31177,20048,11129,434,29,18,9,0.6430381370882381
2026-07-01,S9B9J,NHS SURREY AND SUSSEX INTEGRATED CARE BOARD,RDR,SUSSEX COMMUNITY NHS FOUNDATION TRUST,13533,7895,5638,419,13,7,1,0.5833887534175719
2026-07-01,S9B9J,NHS SURREY AND SUSSEX INTEGRATED CARE BOARD,RDU,FRIMLEY HEALTH NHS FOUNDATION TRUST,65983,40535,25448,936,6,0,0,0.6143249018686632
2026-07-01,S9B9J,NHS SURREY AND SUSSEX INTEGRATED CARE BOARD,RPC,QUEEN VICTORIA HOSPITAL NHS FOUNDATION TRUST,21977,13399,8578,223,31,7,0,0.6096828502525368
2026-07-01,S9B9J,NHS SURREY AND SUSSEX INTEGRATED CARE BOARD,RTK,ASHFORD AND ST PETER'S HOSPITALS NHS FOUNDATION TRUST,54977,33962,21015,906,96,7,4,0.6177492405915201
2026-07-01,S9B9J,NHS SURREY AND SUSSEX INTEGRATED CARE BOARD,RTP,SURREY AND SUSSEX HEALTHCARE NHS TRUST,51721,33737,17984,1137,144,19,2,0.6522882388198218
2026-07-01,S9B9J,NHS SURREY AND SUSSEX INTEGRATED CARE BOARD,RXC,EAST SUSSEX HEALTHCARE NHS TRUST,56051,38655,17396,352,0,0,0,0.6896397923319834
2026-07-01,S9B9J,NHS SURREY AND SUSSEX INTEGRATED CARE BOARD,RYR,UNIVERSITY HOSPITALS SUSSEX NHS FOUNDATION TRUST,117217,62222,54995,5121,294,9,1,0.5308274397058447
2026-07-01,T6Y0W,NHS NORFOLK AND SUFFOLK INTEGRATED CARE BOARD,ACG37,NEWMEDICA - IPSWICH,1012,967,45,0,0,0,0,0.9555335968379447
2026-07-01,T6Y0W,NHS NORFOLK AND SUFFOLK INTEGRATED CARE BOARD,B5M7B,NEWMEDICA - NORWICH,1683,1463,220,4,0,0,0,0.869281045751634
2026-07-01,T6Y0W,NHS NORFOLK AND SUFFOLK INTEGRATED CARE BOARD,DFQ,NORWICH & NORFOLK SURGICAL LTD (N2S),1131,910,221,0,0,0,0,0.8045977011494253
2026-07-01,T6Y0W,NHS NORFOLK AND SUFFOLK INTEGRATED CARE BOARD,F7B2B,ANGLIA COMMUNITY EYE SERVICE - BURY ST EDMUNDS,10,10,0,0,0,0,0,1
2026-07-01,T6Y0W,NHS NORFOLK AND SUFFOLK INTEGRATED CARE BOARD,G4H0I,NEWMEDICA SUFFOLK - BURY ST EDMUNDS - CLARITY HOUSE,648,626,22,0,0,0,0,0.9660493827160493
2026-07-01,T6Y0W,NHS NORFOLK AND SUFFOLK INTEGRATED CARE BOARD,K7J9E,ANGLIA COMMUNITY EYE SERVICE - NORWICH,17,17,0,0,0,0,0,1
2026-07-01,T6Y0W,NHS NORFOLK AND SUFFOLK INTEGRATED CARE BOARD,M3R0W,SPAMEDICA NORWICH,307,262,45,2,1,1,0,0.8534201954397395
2026-07-01,T6Y0W,NHS NORFOLK AND SUFFOLK INTEGRATED CARE BOARD,N3I9D,SPAMEDICA IPSWICH DIAGNOSTIC & TREATMENT CENTRE,33,33,0,0,0,0,0,1
2026-07-01,T6Y0W,NHS NORFOLK AND SUFFOLK INTEGRATED CARE BOARD,NT318,SPIRE NORWICH HOSPITAL,667,490,177,1,0,0,0,0.7346326836581709
2026-07-01,T6Y0W,NHS NORFOLK AND SUFFOLK INTEGRATED CARE BOARD,NT446,ST EDMUNDS HOSPITAL,393,310,83,4,0,0,0,0.7888040712468194
2026-07-01,T6Y0W,NHS NORFOLK AND SUFFOLK INTEGRATED CARE BOARD,NX504,ANGLIA COMMUNITY EYE SERVICES FAKENHAM,489,457,32,1,0,0,0,0.934560327198364
2026-07-01,T6Y0W,NHS NORFOLK AND SUFFOLK INTEGRATED CARE BOARD,NX505,ANGLIA COMMUNITY EYE SERVICE - FAKENHAM MEDICAL PRACTICE,3,2,1,0,0,0,0,0.6666666666666666
2026-07-01,T6Y0W,NHS NORFOLK AND SUFFOLK INTEGRATED CARE BOARD,NX507,ANGLIA COMMUNITY EYE SERVICE - THETFORD HEALTHY LIVING CENTRE,292,286,6,0,0,0,0,0.9794520547945206
2026-07-01,T6Y0W,NHS NORFOLK AND SUFFOLK INTEGRATED CARE BOARD,RCX,"THE QUEEN ELIZABETH HOSPITAL, KING'S LYNN, NHS FOUNDATION TRUST",24150,15528,8622,277,0,0,0,0.6429813664596273
2026-07-01,T6Y0W,NHS NORFOLK AND SUFFOLK INTEGRATED CARE BOARD,RGP,JAMES PAGET UNIVERSITY HOSPITALS NHS FOUNDATION TRUST,31065,18863,12202,959,116,4,1,0.6072106872686303
2026-07-01,T6Y0W,NHS NORFOLK AND SUFFOLK INTEGRATED CARE BOARD,RGR,WEST SUFFOLK NHS FOUNDATION TRUST,33152,21793,11359,574,41,5,2,0.6573660714285714
2026-07-01,T6Y0W,NHS NORFOLK AND SUFFOLK INTEGRATED CARE BOARD,RM1,NORFOLK AND NORWICH UNIVERSITY HOSPITALS NHS FOUNDATION TRUST,66449,41075,25374,1877,175,14,0,0.6181432376709958
2026-07-01,Z9B2Z,NHS WEST AND NORTH LONDON INTEGRATED CARE BOARD,A1D1B,SPAMEDICA WEMBLEY,420,355,65,1,0,0,0,0.8452380952380952
2026-07-01,Z9B2Z,NHS WEST AND NORTH LONDON INTEGRATED CARE BOARD,A9P5F,ACES WHITE CITY,177,153,24,0,0,0,0,0.864406779661017
2026-07-01,Z9B2Z,NHS WEST AND NORTH LONDON INTEGRATED CARE BOARD,AY1,MEDEFER,518,457,61,0,0,0,0,0.8822393822393823
2026-07-01,Z9B2Z,NHS WEST AND NORTH LONDON INTEGRATED CARE BOARD,DX1,THE NEW FOSCOTE HOSPITAL LTD,365,319,46,0,0,0,0,0.873972602739726
2026-07-01,Z9B2Z,NHS WEST AND NORTH LONDON INTEGRATED CARE BOARD,F2C9F,ACES HARLEY STREET,1,1,0,0,0,0,0,1
2026-07-01,Z9B2Z,NHS WEST AND NORTH LONDON INTEGRATED CARE BOARD,G3Q3Z,NUFFIELD HEALTH HIGHGATE HOSPITAL,1330,1168,162,5,5,3,3,0.8781954887218045
2026-07-01,Z9B2Z,NHS WEST AND NORTH LONDON INTEGRATED CARE BOARD,I7Q4A,OPTEGRA EYE HOSPITAL WEST LONDON,730,655,75,0,0,0,0,0.8972602739726028
2026-07-01,Z9B2Z,NHS WEST AND NORTH LONDON INTEGRATED CARE BOARD,NHW,STANDARD HEALTH LTD,116,70,46,0,0,0,0,0.603448275862069
2026-07-01,Z9B2Z,NHS WEST AND NORTH LONDON INTEGRATED CARE BOARD,NNH07,OPTEGRA LONDON EYE HOSPITAL,1119,1054,65,0,0,0,0,0.9419124218051832
2026-07-01,Z9B2Z,NHS WEST AND NORTH LONDON INTEGRATED CARE BOARD,NT405,BISHOPS WOOD HOSPITAL,668,615,53,0,0,0,0,0.9206586826347305
2026-07-01,Z9B2Z,NHS WEST AND NORTH LONDON INTEGRATED CARE BOARD,NT411,CLEMENTINE CHURCHILL HOSPITAL,2224,2203,21,0,0,0,0,0.9905575539568345
2026-07-01,Z9B2Z,NHS WEST AND NORTH LONDON INTEGRATED CARE BOARD,NT416,HENDON HOSPITAL,1276,1020,256,0,0,0,0,0.799373040752351
2026-07-01,Z9B2Z,NHS WEST AND NORTH LONDON INTEGRATED CARE BOARD,NT421,KINGS OAK HOSPITAL,1496,1115,381,3,2,2,1,0.7453208556149733
2026-07-01,Z9B2Z,NHS WEST AND NORTH LONDON INTEGRATED CARE BOARD,NT451,CAVELL HOSPITAL,1574,1126,448,1,0,0,0,0.7153748411689962
2026-07-01,Z9B2Z,NHS WEST AND NORTH LONDON INTEGRATED CARE BOARD,R1K,LONDON NORTH WEST UNIVERSITY HEALTHCARE NHS TRUST,80601,53290,27311,580,1,0,0,0.6611580501482612
2026-07-01,Z9B2Z,NHS WEST AND NORTH LONDON INTEGRATED CARE BOARD,RAL,ROYAL FREE LONDON NHS FOUNDATION TRUST,139727,87640,52087,1548,65,6,2,0.6272230850157807
2026-07-01,Z9B2Z,NHS WEST AND NORTH LONDON INTEGRATED CARE BOARD,RAN,ROYAL NATIONAL ORTHOPAEDIC HOSPITAL NHS TRUST,8961,6899,2062,11,2,0,0,0.76989175315255
2026-07-01,Z9B2Z,NHS WEST AND NORTH LONDON INTEGRATED CARE BOARD,RAS,THE HILLINGDON HOSPITALS NHS FOUNDATION TRUST,32942,21011,11931,108,13,1,0,0.6378179831218506
2026-07-01,Z9B2Z,NHS WEST AND NORTH LONDON INTEGRATED CARE BOARD,RKE,WHITTINGTON HEALTH NHS TRUST,22907,15640,7267,83,1,1,0,0.6827607281616973
2026-07-01,Z9B2Z,NHS WEST AND NORTH LONDON INTEGRATED CARE BOARD,RP4,GREAT ORMOND STREET HOSPITAL FOR CHILDREN NHS FOUNDATION TRUST,8433,6080,2353,236,80,16,1,0.7209771137199099
2026-07-01,Z9B2Z,NHS WEST AND NORTH LONDON INTEGRATED CARE BOARD,RP6,MOORFIELDS EYE HOSPITAL NHS FOUNDATION TRUST,41904,35475,6429,21,6,3,0,0.846577892325315
2026-07-01,Z9B2Z,NHS WEST AND NORTH LONDON INTEGRATED CARE BOARD,RPY,THE ROYAL MARSDEN NHS FOUNDATION TRUST,1719,1603,116,0,0,0,0,0.9325189063408958
2026-07-01,Z9B2Z,NHS WEST AND NORTH LONDON INTEGRATED CARE BOARD,RQM,CHELSEA AND WESTMINSTER HOSPITAL NHS FOUNDATION TRUST,73258,49923,23335,913,0,0,0,0.6814682355510661
2026-07-01,Z9B2Z,NHS WEST AND NORTH LONDON INTEGRATED CARE BOARD,RRV,UNIVERSITY COLLEGE LONDON HOSPITALS NHS FOUNDATION TRUST,78841,51518,27323,780,20,0,0,0.65344173716721
2026-07-01,Z9B2Z,NHS WEST AND NORTH LONDON INTEGRATED CARE BOARD,RYJ,IMPERIAL COLLEGE HEALTHCARE NHS TRUST,83496,58324,25172,26,0,0,0,0.6985244802146211
2026-07-01,Z9B2Z,NHS WEST AND NORTH LONDON INTEGRATED CARE BOARD,U1I3L,UK VEIN CLINIC LTD,74,59,15,0,0,0,0,0.7972972972972973
2026-07-01,Z9B2Z,NHS WEST AND NORTH LONDON INTEGRATED CARE BOARD,U6A5N,ACES CHISWICK,11,10,1,0,0,0,0,0.9090909090909091
