report_month,provider_code,provider_name,region,attendances_type1,attendances_type2,attendances_other,attendances_booked_type1,attendances_booked_type2,attendances_booked_other,total_attendances,total_over4,within_4_hours,ae_4_hour_performance_pct,dta_4_12_hours,dta_12_plus_hours,dta_4_plus_hours,emergency_admissions_type1,emergency_admissions_type2,emergency_admissions_other_ae,emergency_admissions_via_ae,other_emergency_admissions,total_emergency_admissions,source_file
2026-04-01,AAH,TETBURY HOSPITAL TRUST LTD,NHS ENGLAND SOUTH WEST,0,0,554,0,0,0,554,0,554,1,0,0,0,0,0,0,0,0,0,ae_2026_04.csv
2026-04-01,ACH01,WHITSTABLE MEDICAL PRACTICE,NHS ENGLAND SOUTH EAST,0,0,4800,0,0,0,4800,0,4800,1,0,0,0,0,0,0,0,0,0,ae_2026_04.csv
2026-04-01,AD913,BECKENHAM BEACON UCC,NHS ENGLAND LONDON,0,0,3546,0,0,210,3756,36,3720,0.9904153354632588,0,0,0,0,0,0,0,0,0,ae_2026_04.csv
2026-04-01,AJN,WORKINGTON HEALTH LIMITED,NHS ENGLAND NORTH EAST AND YORKSHIRE,0,0,449,0,0,0,449,0,449,1,0,0,0,0,0,0,0,0,0,ae_2026_04.csv
2026-04-01,AQM01,FAVERSHAM MEDICAL PRACTICE MIU,NHS ENGLAND SOUTH EAST,0,0,2989,0,0,0,2989,0,2989,1,0,0,0,0,0,0,0,0,0,ae_2026_04.csv
2026-04-01,AQN04,PHL LYMINGTON UTC,NHS ENGLAND SOUTH EAST,0,0,3263,0,0,3,3266,41,3225,0.9874464176362523,0,0,0,0,0,0,0,0,0,ae_2026_04.csv
2026-04-01,ARN03,LOCAL CARE DIRECT,NHS ENGLAND NORTH EAST AND YORKSHIRE,0,0,2248,0,0,210,2458,9,2449,0.9963384865744508,0,0,0,0,0,0,0,0,0,ae_2026_04.csv
2026-04-01,C82009,MARKET HARBOROUGH MED.CTR,NHS ENGLAND MIDLANDS,0,0,278,0,0,0,278,0,278,1,0,0,0,0,0,0,0,0,0,ae_2026_04.csv
2026-04-01,C82038,LATHAM HOUSE MEDICAL PRACTICE,NHS ENGLAND MIDLANDS,0,0,368,0,0,0,368,0,368,1,0,0,0,0,0,0,0,0,0,ae_2026_04.csv
2026-04-01,C83023,SLEAFORD MEDICAL GROUP,NHS ENGLAND MIDLANDS,0,0,529,0,0,0,529,0,529,1,0,0,0,0,0,0,0,1,1,ae_2026_04.csv
2026-04-01,DJV01,HERNE BAY HEALTH CARE LTD,NHS ENGLAND SOUTH EAST,0,0,2582,0,0,0,2582,0,2582,1,0,0,0,0,0,0,0,0,0,ae_2026_04.csv
2026-04-01,DT301,HERTS URGENT CARE (ASCOTS LANE),NHS ENGLAND EAST OF ENGLAND,0,0,2159,0,0,0,2159,113,2046,0.9476609541454377,0,0,0,0,0,0,0,0,0,ae_2026_04.csv
2026-04-01,G0Q0L,BARKING HOSPITAL UTC,NHS ENGLAND LONDON,0,0,2921,0,0,0,2921,21,2900,0.9928106812735364,0,0,0,0,0,0,0,0,0,ae_2026_04.csv
2026-04-01,G3P9C,TROWBRIDGE MINOR INJURIES UNIT,NHS ENGLAND SOUTH WEST,0,0,1248,0,0,0,1248,11,1237,0.9911858974358975,0,0,0,0,0,0,0,0,0,ae_2026_04.csv
2026-04-01,K6K0R,HAROLD WOOD POLYCLINIC UTC,NHS ENGLAND LONDON,0,0,2885,0,0,0,2885,16,2869,0.9944540727902946,0,0,0,0,0,0,0,0,0,ae_2026_04.csv
2026-04-01,L83087,OKEHAMPTON MEDICAL CENTRE,NHS ENGLAND SOUTH WEST,0,0,64,0,0,0,64,0,64,1,0,0,0,0,0,0,0,0,0,ae_2026_04.csv
2026-04-01,NDJ,FIRST COMMUNITY HEALTH AND CARE CIC,NHS ENGLAND SOUTH EAST,0,0,2364,0,0,0,2364,5,2359,0.9978849407783418,0,0,0,0,0,0,0,0,0,ae_2026_04.csv
2026-04-01,NLX,SIRONA CARE & HEALTH,NHS ENGLAND SOUTH WEST,0,0,8499,0,0,275,8774,395,8379,0.9549806245726009,0,0,0,0,0,0,0,0,0,ae_2026_04.csv
2026-04-01,NNF09,BRANSHOLME HEALTH CENTRE,NHS ENGLAND NORTH EAST AND YORKSHIRE,0,0,3505,0,0,0,3505,288,3217,0.9178316690442225,0,0,0,0,0,0,0,0,0,ae_2026_04.csv
2026-04-01,NNF16,BRIDLINGTON HOSPITAL,NHS ENGLAND NORTH EAST AND YORKSHIRE,0,0,1546,0,0,0,1546,39,1507,0.9747736093143596,0,0,0,0,0,0,0,0,0,ae_2026_04.csv
2026-04-01,NNF94,EAST RIDING COMMUNITY HOSPITAL,NHS ENGLAND NORTH EAST AND YORKSHIRE,0,0,3114,0,0,0,3114,138,2976,0.9556840077071291,0,0,0,0,0,0,0,0,0,ae_2026_04.csv
2026-04-01,NNFA7,GOOLE & DISTRICT HOSPITAL,NHS ENGLAND NORTH EAST AND YORKSHIRE,0,0,1649,0,0,0,1649,41,1608,0.9751364463311097,0,0,0,0,0,0,0,0,0,ae_2026_04.csv
2026-04-01,NNJ,DHU HEALTH CARE C.I.C,NHS ENGLAND MIDLANDS,0,0,1909,0,0,0,1909,14,1895,0.9926663174436878,0,0,0,0,0,0,0,0,0,ae_2026_04.csv
2026-04-01,NNJ07,LOUGHBOROUGH URGENT CARE CENTRE,NHS ENGLAND MIDLANDS,0,0,5363,0,0,2289,7652,21,7631,0.9972556194458965,0,0,0,0,0,0,0,0,0,ae_2026_04.csv
2026-04-01,NNJ0H,LLR EA - THE MERLYN VAZ HEALTH & SOCIAL CARE CENTRE,NHS ENGLAND MIDLANDS,0,0,190,0,0,2519,2709,9,2700,0.9966777408637874,0,0,0,0,0,0,0,0,0,ae_2026_04.csv
2026-04-01,NNJ12,MARKET HARBOROUGH,NHS ENGLAND MIDLANDS,0,0,0,0,0,266,266,0,266,1,0,0,0,0,0,0,0,0,0,ae_2026_04.csv
2026-04-01,NNJ13,MELTON MOWBRAY,NHS ENGLAND MIDLANDS,0,0,0,0,0,275,275,0,275,1,0,0,0,0,0,0,0,0,0,ae_2026_04.csv
2026-04-01,NNJ14,OADBY,NHS ENGLAND MIDLANDS,0,0,555,0,0,2477,3032,16,3016,0.9947229551451188,0,0,0,0,0,0,0,0,0,ae_2026_04.csv
2026-04-01,NNJ15,RUTLAND MINOR ILLNESS AND INJURY SERVICE (FORMERLY WLHH PRE-APRIL 2026),NHS ENGLAND MIDLANDS,0,0,0,0,0,624,624,1,623,0.9983974358974359,0,0,0,0,0,0,0,0,0,ae_2026_04.csv
2026-04-01,NQT1I,CHIPPENHAM COMMUNITY HOSPITAL,NHS ENGLAND SOUTH WEST,0,0,1729,0,0,0,1729,46,1683,0.973395026026605,0,0,0,0,0,0,0,0,0,ae_2026_04.csv
2026-04-01,NQT5F,SKELMERSDALE WALK IN CENTRE,NHS ENGLAND NORTH WEST,0,0,1629,0,0,0,1629,13,1616,0.9920196439533456,0,0,0,0,0,0,0,0,0,ae_2026_04.csv
2026-04-01,NQT5H,PAULTON MEMORIAL HOSPITAL,NHS ENGLAND SOUTH WEST,0,0,1049,0,0,0,1049,7,1042,0.9933269780743565,0,0,0,0,0,0,0,0,0,ae_2026_04.csv
2026-04-01,NTP11,PRACTICE PLUS GROUP HOSPITAL - SOUTHAMPTON,NHS ENGLAND SOUTH EAST,0,0,5328,0,0,0,5328,133,5195,0.9750375375375375,0,0,0,0,0,0,0,0,0,ae_2026_04.csv
2026-04-01,NTPAD,PRACTICE PLUS GROUP SURGICAL CENTRE - ST MARYS PORTSMOUTH,NHS ENGLAND SOUTH EAST,0,0,5170,0,0,246,5416,164,5252,0.9697193500738552,0,0,0,0,0,0,0,0,0,ae_2026_04.csv
2026-04-01,NTV0B,ASHFORD WALK-IN-CENTRE,NHS ENGLAND SOUTH EAST,0,0,2357,0,0,0,2357,35,2322,0.9851506151887993,0,0,0,0,0,0,0,0,0,ae_2026_04.csv
2026-04-01,NTV0W,WOKING WALK IN CENTRE,NHS ENGLAND SOUTH EAST,0,0,2787,0,0,0,2787,58,2729,0.97918909221385,0,0,0,0,0,0,0,0,0,ae_2026_04.csv
2026-04-01,NV693,ROSSENDALE MIU & OOH,NHS ENGLAND NORTH WEST,0,0,957,0,0,0,957,0,957,1,0,0,0,0,0,0,0,0,0,ae_2026_04.csv
2026-04-01,NVE43,HASTINGS GP LED HEALTH CENTRE,NHS ENGLAND SOUTH EAST,0,0,1170,0,0,0,1170,0,1170,1,0,0,0,0,0,0,0,0,0,ae_2026_04.csv
2026-04-01,R0A,MANCHESTER UNIVERSITY NHS FOUNDATION TRUST,NHS ENGLAND NORTH WEST,26525,3241,11052,3307,486,766,45377,10460,34917,0.76948674438592235,2582,97,2679,5770,121,87,5978,386,6364,ae_2026_04.csv
2026-04-01,R0B,SOUTH TYNESIDE AND SUNDERLAND NHS FOUNDATION TRUST,NHS ENGLAND NORTH EAST AND YORKSHIRE,10724,1333,5737,877,0,1390,20061,4412,15649,0.7800707841084692,135,1,136,4627,33,0,4660,1175,5835,ae_2026_04.csv
2026-04-01,R0D,UNIVERSITY HOSPITALS DORSET NHS FOUNDATION TRUST,NHS ENGLAND SOUTH WEST,15796,0,4346,0,0,0,20142,6348,13794,0.6848376526660709,1073,573,1646,4278,1,0,4279,2313,6592,ae_2026_04.csv
2026-04-01,R1D,SHROPSHIRE COMMUNITY HEALTH NHS TRUST,NHS ENGLAND MIDLANDS,0,0,3363,0,0,0,3363,21,3342,0.9937555753791257,0,0,0,0,0,0,0,0,0,ae_2026_04.csv
2026-04-01,R1F,ISLE OF WIGHT NHS TRUST,NHS ENGLAND SOUTH EAST,4396,261,1509,23,0,8,6197,1547,4650,0.7503630789091496,249,290,539,1384,0,0,1384,96,1480,ae_2026_04.csv
2026-04-01,R1H,BARTS HEALTH NHS TRUST,NHS ENGLAND LONDON,25673,905,18489,0,0,0,45067,10935,34132,0.7573612621208423,1028,1161,2189,4218,0,32,4250,1199,5449,ae_2026_04.csv
2026-04-01,R1K,LONDON NORTH WEST UNIVERSITY HEALTHCARE NHS TRUST,NHS ENGLAND LONDON,13564,0,16301,0,0,0,29865,5648,24217,0.8108823036999833,612,525,1137,6560,0,0,6560,239,6799,ae_2026_04.csv
2026-04-01,RA2,ROYAL SURREY NHS FOUNDATION TRUST,NHS ENGLAND SOUTH EAST,6707,0,2214,816,0,44,9781,2547,7234,0.7395971782026378,404,6,410,2382,0,0,2382,959,3341,ae_2026_04.csv
2026-04-01,RA7,UNIVERSITY HOSPITALS BRISTOL AND WESTON NHS FOUNDATION TRUST,NHS ENGLAND SOUTH WEST,15738,2495,0,0,0,0,18233,5330,12903,0.7076729007842922,950,371,1321,4845,13,0,4858,1459,6317,ae_2026_04.csv
2026-04-01,RA9,TORBAY AND SOUTH DEVON NHS FOUNDATION TRUST,NHS ENGLAND SOUTH WEST,6582,0,3482,0,0,0,10064,3598,6466,0.6424880763116058,295,96,391,1786,0,1,1787,438,2225,ae_2026_04.csv
2026-04-01,RAE,BRADFORD TEACHING HOSPITALS NHS FOUNDATION TRUST,NHS ENGLAND NORTH EAST AND YORKSHIRE,9265,1036,3594,0,0,0,13895,2325,11570,0.8326736236056135,651,124,775,2509,0,18,2527,1254,3781,ae_2026_04.csv
2026-04-01,RAJ,MID AND SOUTH ESSEX NHS FOUNDATION TRUST,NHS ENGLAND EAST OF ENGLAND,27543,0,8206,4,0,2,35755,9141,26614,0.7443434484687457,2006,879,2885,8613,0,145,8758,1250,10008,ae_2026_04.csv
2026-04-01,RAL,ROYAL FREE LONDON NHS FOUNDATION TRUST,NHS ENGLAND LONDON,27938,485,14624,166,3,184,43400,7803,35597,0.8202073732718894,821,1795,2616,6346,1,115,6462,799,7261,ae_2026_04.csv
2026-04-01,RAN,ROYAL NATIONAL ORTHOPAEDIC HOSPITAL NHS TRUST,NHS ENGLAND LONDON,0,0,0,0,0,0,0,0,0,NA,0,0,0,0,0,0,0,23,23,ae_2026_04.csv
2026-04-01,RAS,THE HILLINGDON HOSPITALS NHS FOUNDATION TRUST,NHS ENGLAND LONDON,5234,0,6623,0,0,0,11857,2210,9647,0.8136122121953276,411,14,425,1803,0,0,1803,83,1886,ae_2026_04.csv
2026-04-01,RAT,NORTH EAST LONDON NHS FOUNDATION TRUST,NHS ENGLAND LONDON,0,0,1851,0,0,0,1851,35,1816,0.9810913019989195,0,0,0,0,0,0,0,0,0,ae_2026_04.csv
2026-04-01,RAX,KINGSTON AND RICHMOND NHS FOUNDATION TRUST,NHS ENGLAND LONDON,7049,0,8138,0,0,0,15187,3177,12010,0.7908079278330151,301,383,684,3018,0,203,3221,700,3921,ae_2026_04.csv
2026-04-01,RBD,DORSET COUNTY HOSPITAL NHS FOUNDATION TRUST,NHS ENGLAND SOUTH WEST,4741,0,0,454,0,4328,9523,2033,7490,0.7865168539325843,211,43,254,2012,0,0,2012,495,2507,ae_2026_04.csv
2026-04-01,RBK,WALSALL HEALTHCARE NHS TRUST,NHS ENGLAND MIDLANDS,9794,0,4206,10,0,139,14149,2170,11979,0.8466322708318609,805,96,901,4412,0,0,4412,827,5239,ae_2026_04.csv
2026-04-01,RBL,WIRRAL UNIVERSITY TEACHING HOSPITAL NHS FOUNDATION TRUST,NHS ENGLAND NORTH WEST,8376,0,2899,0,0,182,11457,4291,7166,0.6254691455005673,511,735,1246,2148,0,0,2148,1856,4004,ae_2026_04.csv
2026-04-01,RBN,MERSEY AND WEST LANCASHIRE TEACHING HOSPITALS NHS TRUST,NHS ENGLAND NORTH WEST,17403,0,7255,201,0,0,24859,6522,18337,0.7376402912426083,446,471,917,7832,0,1,7833,787,8620,ae_2026_04.csv
2026-04-01,RBQ,LIVERPOOL HEART AND CHEST HOSPITAL NHS FOUNDATION TRUST,NHS ENGLAND NORTH WEST,0,0,0,0,0,0,0,0,0,NA,0,0,0,0,0,0,0,114,114,ae_2026_04.csv
2026-04-01,RBS,ALDER HEY CHILDREN'S NHS FOUNDATION TRUST,NHS ENGLAND NORTH WEST,6060,0,0,0,0,0,6060,774,5286,0.8722772277227723,1,0,1,849,0,0,849,252,1101,ae_2026_04.csv
2026-04-01,RBT,MID CHESHIRE HOSPITALS NHS FOUNDATION TRUST,NHS ENGLAND NORTH WEST,7156,0,2863,0,0,94,10113,3383,6730,0.665480075150796,368,587,955,2512,0,0,2512,683,3195,ae_2026_04.csv
2026-04-01,RBV,THE CHRISTIE NHS FOUNDATION TRUST,NHS ENGLAND NORTH WEST,0,0,0,0,0,0,0,0,0,NA,0,0,0,0,0,0,0,844,844,ae_2026_04.csv
2026-04-01,RC9,BEDFORDSHIRE HOSPITALS NHS FOUNDATION TRUST,NHS ENGLAND EAST OF ENGLAND,17379,0,9069,0,0,0,26448,5951,20497,0.7749924379915305,82,23,105,5155,0,0,5155,2234,7389,ae_2026_04.csv
2026-04-01,RCB,YORK AND SCARBOROUGH TEACHING HOSPITALS NHS FOUNDATION TRUST,NHS ENGLAND NORTH EAST AND YORKSHIRE,11456,330,6919,0,0,0,18705,4671,14034,0.75028067361668,549,77,626,5197,0,0,5197,1606,6803,ae_2026_04.csv
2026-04-01,RCD,HARROGATE AND DISTRICT NHS FOUNDATION TRUST,NHS ENGLAND NORTH EAST AND YORKSHIRE,5249,0,1522,177,0,28,6976,1530,5446,0.7806766055045872,133,6,139,1213,0,0,1213,285,1498,ae_2026_04.csv
2026-04-01,RCF,AIREDALE NHS FOUNDATION TRUST,NHS ENGLAND NORTH EAST AND YORKSHIRE,5859,203,0,385,0,0,6447,2337,4110,0.6375058166589112,423,348,771,1397,0,0,1397,457,1854,ae_2026_04.csv
2026-04-01,RCU,SHEFFIELD CHILDREN'S NHS FOUNDATION TRUST,NHS ENGLAND NORTH EAST AND YORKSHIRE,4686,0,198,182,0,8,5074,265,4809,0.9477729601891999,4,0,4,961,0,0,961,87,1048,ae_2026_04.csv
2026-04-01,RCX,"THE QUEEN ELIZABETH HOSPITAL, KING'S LYNN, NHS FOUNDATION TRUST",NHS ENGLAND EAST OF ENGLAND,6998,0,1694,0,0,0,8692,2905,5787,0.6657846295444086,633,176,809,1761,0,0,1761,328,2089,ae_2026_04.csv
2026-04-01,RD1,ROYAL UNITED HOSPITALS BATH NHS FOUNDATION TRUST,NHS ENGLAND SOUTH WEST,8971,0,0,0,0,0,8971,3498,5473,0.6100769145022852,918,58,976,2954,0,6,2960,1927,4887,ae_2026_04.csv
2026-04-01,RD8,MILTON KEYNES UNIVERSITY HOSPITAL NHS FOUNDATION TRUST,NHS ENGLAND EAST OF ENGLAND,8373,0,5237,753,0,323,14686,4310,10376,0.7065232193926189,592,0,592,2251,0,0,2251,428,2679,ae_2026_04.csv
2026-04-01,RDE,EAST SUFFOLK AND NORTH ESSEX NHS FOUNDATION TRUST,NHS ENGLAND EAST OF ENGLAND,11310,0,13732,0,0,0,25042,5628,19414,0.7752575672869579,827,413,1240,5061,0,7,5068,233,5301,ae_2026_04.csv
2026-04-01,RDR,SUSSEX COMMUNITY NHS FOUNDATION TRUST,NHS ENGLAND SOUTH EAST,0,0,12265,0,0,0,12265,347,11918,0.9717081125152874,0,0,0,0,0,0,0,0,0,ae_2026_04.csv
2026-04-01,RDU,FRIMLEY HEALTH NHS FOUNDATION TRUST,NHS ENGLAND SOUTH EAST,22326,883,10855,0,0,0,34064,8037,26027,0.764061766087365,1016,732,1748,6006,0,0,6006,147,6153,ae_2026_04.csv
2026-04-01,RDY,DORSET HEALTHCARE UNIVERSITY NHS FOUNDATION TRUST,NHS ENGLAND SOUTH WEST,0,0,0,0,0,0,0,0,0,NA,0,0,0,0,0,0,0,0,0,ae_2026_04.csv
2026-04-01,REF,ROYAL CORNWALL HOSPITALS NHS TRUST,NHS ENGLAND SOUTH WEST,6750,0,12288,0,0,0,19038,4053,14985,0.7871099905452253,469,581,1050,2378,0,43,2421,1464,3885,ae_2026_04.csv
2026-04-01,REM,LIVERPOOL UNIVERSITY HOSPITALS NHS FOUNDATION TRUST,NHS ENGLAND NORTH WEST,16483,1991,8319,514,0,0,27307,8285,19022,0.6965979419196543,836,1279,2115,5374,0,0,5374,2216,7590,ae_2026_04.csv
2026-04-01,REP,LIVERPOOL WOMEN'S NHS FOUNDATION TRUST,NHS ENGLAND NORTH WEST,0,1493,0,0,0,0,1493,270,1223,0.8191560616208975,0,0,0,0,116,0,116,15,131,ae_2026_04.csv
2026-04-01,RET,THE WALTON CENTRE NHS FOUNDATION TRUST,NHS ENGLAND NORTH WEST,0,0,0,0,0,0,0,0,0,NA,0,0,0,0,0,0,0,179,179,ae_2026_04.csv
2026-04-01,RF4,"BARKING, HAVERING AND REDBRIDGE UNIVERSITY HOSPITALS NHS TRUST",NHS ENGLAND LONDON,13442,2349,15017,0,0,0,30808,6015,24793,0.8047585042846014,522,546,1068,3503,0,0,3503,2371,5874,ae_2026_04.csv
2026-04-01,RFF,BARNSLEY HOSPITAL NHS FOUNDATION TRUST,NHS ENGLAND NORTH EAST AND YORKSHIRE,9374,0,0,18,0,0,9392,1831,7561,0.8050468483816013,314,26,340,3268,0,0,3268,495,3763,ae_2026_04.csv
2026-04-01,RFR,THE ROTHERHAM NHS FOUNDATION TRUST,NHS ENGLAND NORTH EAST AND YORKSHIRE,9703,0,0,0,0,0,9703,2676,7027,0.7242090075234463,595,4,599,2087,0,0,2087,531,2618,ae_2026_04.csv
2026-04-01,RFS,CHESTERFIELD ROYAL HOSPITAL NHS FOUNDATION TRUST,NHS ENGLAND MIDLANDS,7733,0,5518,0,0,0,13251,3372,9879,0.7455286393479738,632,136,768,2066,0,16,2082,158,2240,ae_2026_04.csv
2026-04-01,RGN,NORTH WEST ANGLIA NHS FOUNDATION TRUST,NHS ENGLAND EAST OF ENGLAND,15129,0,4968,240,0,414,20751,5495,15256,0.7351934846513422,495,782,1277,3749,0,50,3799,1316,5115,ae_2026_04.csv
2026-04-01,RGP,JAMES PAGET UNIVERSITY HOSPITALS NHS FOUNDATION TRUST,NHS ENGLAND EAST OF ENGLAND,7901,0,1526,0,0,0,9427,2563,6864,0.7281213535589265,502,276,778,1554,0,0,1554,482,2036,ae_2026_04.csv
2026-04-01,RGR,WEST SUFFOLK NHS FOUNDATION TRUST,NHS ENGLAND EAST OF ENGLAND,8117,0,962,52,0,0,9131,2289,6842,0.7493155185631366,424,423,847,1654,0,0,1654,315,1969,ae_2026_04.csv
2026-04-01,RGT,CAMBRIDGE UNIVERSITY HOSPITALS NHS FOUNDATION TRUST,NHS ENGLAND EAST OF ENGLAND,11222,0,5437,318,0,254,17231,5414,11817,0.6857988509082468,540,446,986,2676,0,37,2713,385,3098,ae_2026_04.csv
2026-04-01,RH5,SOMERSET NHS FOUNDATION TRUST,NHS ENGLAND SOUTH WEST,11684,0,10038,0,0,0,21722,5634,16088,0.7406316177147593,512,96,608,2992,0,0,2992,1665,4657,ae_2026_04.csv
2026-04-01,RH8,ROYAL DEVON UNIVERSITY HEALTHCARE NHS FOUNDATION TRUST,NHS ENGLAND SOUTH WEST,12635,0,4159,1374,0,80,18248,6017,12231,0.6702652345462516,916,256,1172,3229,0,0,3229,1796,5025,ae_2026_04.csv
2026-04-01,RHM,UNIVERSITY HOSPITAL SOUTHAMPTON NHS FOUNDATION TRUST,NHS ENGLAND SOUTH EAST,11547,1193,0,0,0,0,12740,3749,8991,0.7057299843014129,415,11,426,3940,13,0,3953,1619,5572,ae_2026_04.csv
2026-04-01,RHQ,SHEFFIELD TEACHING HOSPITALS NHS FOUNDATION TRUST,NHS ENGLAND NORTH EAST AND YORKSHIRE,9084,1207,6878,326,1,1000,18496,4770,13726,0.742106401384083,862,7,869,3095,0,0,3095,3463,6558,ae_2026_04.csv
2026-04-01,RHU,PORTSMOUTH HOSPITALS UNIVERSITY NHS TRUST,NHS ENGLAND SOUTH EAST,10697,1055,3328,1848,0,818,17746,4322,13424,0.7564521582328412,787,1038,1825,3123,0,0,3123,2348,5471,ae_2026_04.csv
2026-04-01,RHW,ROYAL BERKSHIRE NHS FOUNDATION TRUST,NHS ENGLAND SOUTH EAST,11143,2612,3083,1393,16,0,18247,4290,13957,0.764892859100126,704,16,720,2327,0,0,2327,338,2665,ae_2026_04.csv
2026-04-01,RJ1,GUY'S AND ST THOMAS' NHS FOUNDATION TRUST,NHS ENGLAND LONDON,10427,0,7007,0,0,0,17434,3974,13460,0.7720546059424114,139,61,200,2043,0,0,2043,266,2309,ae_2026_04.csv
2026-04-01,RJ2,LEWISHAM AND GREENWICH NHS TRUST,NHS ENGLAND LONDON,15928,0,16863,0,0,1017,33808,7744,26064,0.7709417889256981,995,466,1461,3937,0,0,3937,530,4467,ae_2026_04.csv
2026-04-01,RJ6,CROYDON HEALTH SERVICES NHS TRUST,NHS ENGLAND LONDON,13177,0,5030,0,0,0,18207,4566,13641,0.7492173339924205,183,709,892,1031,0,0,1031,116,1147,ae_2026_04.csv
2026-04-01,RJ7,ST GEORGE'S UNIVERSITY HOSPITALS NHS FOUNDATION TRUST,NHS ENGLAND LONDON,8730,0,4099,347,0,0,13176,2501,10675,0.8101851851851852,471,467,938,1939,0,0,1939,571,2510,ae_2026_04.csv
2026-04-01,RJ8,CORNWALL PARTNERSHIP NHS FOUNDATION TRUST,NHS ENGLAND SOUTH WEST,0,0,0,0,0,0,0,0,0,NA,0,0,0,0,0,13,13,60,73,ae_2026_04.csv
2026-04-01,RJC,SOUTH WARWICKSHIRE UNIVERSITY NHS FOUNDATION TRUST,NHS ENGLAND MIDLANDS,8523,0,441,0,0,0,8964,1977,6987,0.7794511378848729,329,35,364,1857,0,0,1857,599,2456,ae_2026_04.csv
2026-04-01,RJE,UNIVERSITY HOSPITALS OF NORTH MIDLANDS NHS TRUST,NHS ENGLAND MIDLANDS,15047,537,8348,694,0,473,25099,7984,17115,0.6818996772779792,1182,835,2017,4657,0,0,4657,1159,5816,ae_2026_04.csv
2026-04-01,RJL,NORTHERN LINCOLNSHIRE AND GOOLE NHS FOUNDATION TRUST,NHS ENGLAND NORTH EAST AND YORKSHIRE,10268,0,6431,0,0,443,17142,5073,12069,0.7040602030101505,725,762,1487,5143,0,0,5143,330,5473,ae_2026_04.csv
2026-04-01,RJN,EAST CHESHIRE NHS TRUST,NHS ENGLAND NORTH WEST,4393,0,0,86,0,72,4551,2141,2410,0.5295539441880905,288,317,605,829,0,0,829,188,1017,ae_2026_04.csv
2026-04-01,RJR,COUNTESS OF CHESTER HOSPITAL NHS FOUNDATION TRUST,NHS ENGLAND NORTH WEST,5408,0,2441,0,0,0,7849,2760,5089,0.6483628487705441,362,726,1088,1855,0,0,1855,1085,2940,ae_2026_04.csv
2026-04-01,RJZ,KING'S COLLEGE HOSPITAL NHS FOUNDATION TRUST,NHS ENGLAND LONDON,15168,0,9713,41,0,455,25377,6626,18751,0.7388974268037987,1588,617,2205,3592,0,0,3592,320,3912,ae_2026_04.csv
2026-04-01,RK5,SHERWOOD FOREST HOSPITALS NHS FOUNDATION TRUST,NHS ENGLAND MIDLANDS,11236,0,5497,0,0,0,16733,5006,11727,0.7008306938385227,662,280,942,3532,0,0,3532,234,3766,ae_2026_04.csv
2026-04-01,RK9,UNIVERSITY HOSPITALS PLYMOUTH NHS TRUST,NHS ENGLAND SOUTH WEST,8684,129,7641,0,0,0,16454,5378,11076,0.6731493861674973,711,304,1015,3142,0,0,3142,1670,4812,ae_2026_04.csv
2026-04-01,RKB,UNIVERSITY HOSPITALS COVENTRY AND WARWICKSHIRE NHS TRUST,NHS ENGLAND MIDLANDS,12679,2518,6026,0,0,0,21223,5160,16063,0.7568675493568299,40,9,49,937,55,37,1029,305,1334,ae_2026_04.csv
2026-04-01,RKE,WHITTINGTON HEALTH NHS TRUST,NHS ENGLAND LONDON,9009,0,0,0,0,0,9009,2308,6701,0.7438117438117439,253,213,466,1358,0,0,1358,24,1382,ae_2026_04.csv
2026-04-01,RL1,THE ROBERT JONES AND AGNES HUNT ORTHOPAEDIC HOSPITAL NHS FOUNDATION TRUST,NHS ENGLAND MIDLANDS,0,0,0,0,0,0,0,0,0,NA,0,0,0,0,0,0,0,40,40,ae_2026_04.csv
2026-04-01,RL4,THE ROYAL WOLVERHAMPTON NHS TRUST,NHS ENGLAND MIDLANDS,10825,1628,6982,111,5,790,20341,3873,16468,0.8095963816921489,892,498,1390,4318,0,124,4442,2838,7280,ae_2026_04.csv
2026-04-01,RLQ,WYE VALLEY NHS TRUST,NHS ENGLAND MIDLANDS,6012,908,155,101,0,0,7176,2426,4750,0.6619286510590858,389,161,550,1403,0,0,1403,139,1542,ae_2026_04.csv
2026-04-01,RLT,GEORGE ELIOT HOSPITAL NHS TRUST,NHS ENGLAND MIDLANDS,7143,0,1576,0,0,0,8719,911,7808,0.8955155407730244,296,170,466,1173,0,0,1173,0,1173,ae_2026_04.csv
2026-04-01,RM1,NORFOLK AND NORWICH UNIVERSITY HOSPITALS NHS FOUNDATION TRUST,NHS ENGLAND EAST OF ENGLAND,13090,0,7851,0,0,0,20941,3388,17553,0.8382121197650542,633,142,775,2318,0,0,2318,1561,3879,ae_2026_04.csv
2026-04-01,RM3,NORTHERN CARE ALLIANCE NHS FOUNDATION TRUST,NHS ENGLAND NORTH WEST,26107,0,8998,36,0,0,35141,9441,25700,0.7313394610284283,949,1242,2191,7304,0,348,7652,2420,10072,ae_2026_04.csv
2026-04-01,RMC,BOLTON NHS FOUNDATION TRUST,NHS ENGLAND NORTH WEST,8123,0,3733,35,0,13,11904,3286,8618,0.7239583333333334,360,476,836,2406,0,175,2581,796,3377,ae_2026_04.csv
2026-04-01,RMP,TAMESIDE AND GLOSSOP INTEGRATED CARE NHS FOUNDATION TRUST,NHS ENGLAND NORTH WEST,8343,0,2528,468,0,153,11492,3916,7576,0.6592412112774104,352,724,1076,1578,0,0,1578,275,1853,ae_2026_04.csv
2026-04-01,RN3,GREAT WESTERN HOSPITALS NHS FOUNDATION TRUST,NHS ENGLAND SOUTH WEST,7088,0,4812,0,0,0,11900,3841,8059,0.6772268907563025,755,273,1028,2588,0,0,2588,1123,3711,ae_2026_04.csv
2026-04-01,RN5,HAMPSHIRE HOSPITALS NHS FOUNDATION TRUST,NHS ENGLAND SOUTH EAST,9888,80,4862,0,0,114,14944,5334,9610,0.6430674518201285,145,11,156,3609,12,35,3656,957,4613,ae_2026_04.csv
2026-04-01,RN7,DARTFORD AND GRAVESHAM NHS TRUST,NHS ENGLAND SOUTH EAST,11594,0,3871,0,0,0,15465,2760,12705,0.8215324927255092,518,404,922,3709,0,0,3709,315,4024,ae_2026_04.csv
2026-04-01,RNA,THE DUDLEY GROUP NHS FOUNDATION TRUST,NHS ENGLAND MIDLANDS,10352,0,3722,0,0,640,14714,2624,12090,0.821666440125051,851,207,1058,3600,0,0,3600,2665,6265,ae_2026_04.csv
2026-04-01,RNN,NORTH CUMBRIA INTEGRATED CARE NHS FOUNDATION TRUST,NHS ENGLAND NORTH EAST AND YORKSHIRE,9081,0,2021,101,0,5,11208,4289,6919,0.617326909350464,606,448,1054,2034,0,0,2034,413,2447,ae_2026_04.csv
2026-04-01,RNQ,KETTERING GENERAL HOSPITAL NHS FOUNDATION TRUST,NHS ENGLAND MIDLANDS,10777,0,8721,0,0,0,19498,3895,15603,0.800235921632988,577,644,1221,1837,0,0,1837,225,2062,ae_2026_04.csv
2026-04-01,RNS,NORTHAMPTON GENERAL HOSPITAL NHS TRUST,NHS ENGLAND MIDLANDS,11019,693,1936,0,0,0,13648,3399,10249,0.7509525205158265,366,881,1247,2503,0,0,2503,472,2975,ae_2026_04.csv
2026-04-01,RNU,OXFORD HEALTH NHS FOUNDATION TRUST,NHS ENGLAND SOUTH EAST,0,0,4353,0,0,0,4353,380,3973,0.9127038823799678,0,0,0,0,0,0,0,0,0,ae_2026_04.csv
2026-04-01,RNZ,SALISBURY NHS FOUNDATION TRUST,NHS ENGLAND SOUTH WEST,4776,353,1939,264,0,0,7332,2115,5217,0.7115384615384616,430,135,565,1356,0,0,1356,879,2235,ae_2026_04.csv
2026-04-01,RP5,DONCASTER AND BASSETLAW TEACHING HOSPITALS NHS FOUNDATION TRUST,NHS ENGLAND NORTH EAST AND YORKSHIRE,14041,0,4030,0,0,0,18071,4612,13459,0.7447844612915722,1045,239,1284,3951,0,434,4385,1015,5400,ae_2026_04.csv
2026-04-01,RP6,MOORFIELDS EYE HOSPITAL NHS FOUNDATION TRUST,NHS ENGLAND LONDON,0,6346,0,0,0,0,6346,197,6149,0.9689568231957139,0,0,0,0,6,0,6,241,247,ae_2026_04.csv
2026-04-01,RPA,MEDWAY NHS FOUNDATION TRUST,NHS ENGLAND SOUTH EAST,9241,0,5912,257,0,854,16264,4033,12231,0.7520290211510083,242,805,1047,1605,0,0,1605,551,2156,ae_2026_04.csv
2026-04-01,RPC,QUEEN VICTORIA HOSPITAL NHS FOUNDATION TRUST,NHS ENGLAND SOUTH EAST,0,0,1372,0,0,0,1372,7,1365,0.9948979591836735,0,0,0,0,0,10,10,536,546,ae_2026_04.csv
2026-04-01,RQ3,BIRMINGHAM WOMEN'S AND CHILDREN'S NHS FOUNDATION TRUST,NHS ENGLAND MIDLANDS,4660,0,965,0,0,0,5625,888,4737,0.8421333333333333,9,1,10,559,0,0,559,180,739,ae_2026_04.csv
2026-04-01,RQM,CHELSEA AND WESTMINSTER HOSPITAL NHS FOUNDATION TRUST,NHS ENGLAND LONDON,19602,0,6621,667,0,0,26890,5864,21026,0.7819263666790629,796,34,830,2792,0,0,2792,367,3159,ae_2026_04.csv
2026-04-01,RQW,THE PRINCESS ALEXANDRA HOSPITAL NHS TRUST,NHS ENGLAND EAST OF ENGLAND,8889,0,1737,0,0,489,11115,2113,9002,0.8098965362123257,453,168,621,1739,0,1,1740,389,2129,ae_2026_04.csv
2026-04-01,RQX,HOMERTON HEALTHCARE NHS FOUNDATION TRUST,NHS ENGLAND LONDON,11100,0,0,0,0,0,11100,2271,8829,0.7954054054054054,170,32,202,1696,0,0,1696,336,2032,ae_2026_04.csv
2026-04-01,RR7,GATESHEAD HEALTH NHS FOUNDATION TRUST,NHS ENGLAND NORTH EAST AND YORKSHIRE,5422,0,4618,5,0,1,10046,2308,7738,0.7702568186342823,737,0,737,1767,0,0,1767,40,1807,ae_2026_04.csv
2026-04-01,RR8,LEEDS TEACHING HOSPITALS NHS TRUST,NHS ENGLAND NORTH EAST AND YORKSHIRE,17930,639,10629,75,0,435,29708,6308,23400,0.7876666217853777,1521,400,1921,3557,0,0,3557,1170,4727,ae_2026_04.csv
2026-04-01,RRF,"WRIGHTINGTON, WIGAN AND LEIGH TEACHING HOSPITALS NHS FOUNDATION TRUST",NHS ENGLAND NORTH WEST,6399,0,6292,0,0,0,12691,2981,9710,0.7651091324560713,528,321,849,2291,0,0,2291,379,2670,ae_2026_04.csv
2026-04-01,RRK,UNIVERSITY HOSPITALS BIRMINGHAM NHS FOUNDATION TRUST,NHS ENGLAND MIDLANDS,34005,343,11287,0,0,162,45797,13664,32133,0.7016398454047208,2044,2279,4323,10422,0,0,10422,7499,17921,ae_2026_04.csv
2026-04-01,RRV,UNIVERSITY COLLEGE LONDON HOSPITALS NHS FOUNDATION TRUST,NHS ENGLAND LONDON,13252,0,0,456,0,0,13708,2776,10932,0.7974905164867231,218,56,274,1676,0,0,1676,452,2128,ae_2026_04.csv
2026-04-01,RTD,THE NEWCASTLE UPON TYNE HOSPITALS NHS FOUNDATION TRUST,NHS ENGLAND NORTH EAST AND YORKSHIRE,11707,1763,8391,0,0,1256,23117,4858,18259,0.7898516243457196,254,7,261,3824,22,0,3846,2854,6700,ae_2026_04.csv
2026-04-01,RTE,GLOUCESTERSHIRE HOSPITALS NHS FOUNDATION TRUST,NHS ENGLAND SOUTH WEST,13819,0,0,0,0,0,13819,4846,8973,0.6493233953252768,257,487,744,2587,0,0,2587,2875,5462,ae_2026_04.csv
2026-04-01,RTF,NORTHUMBRIA HEALTHCARE NHS FOUNDATION TRUST,NHS ENGLAND NORTH EAST AND YORKSHIRE,10348,0,13502,0,0,0,23850,2144,21706,0.9101048218029351,13,0,13,4255,0,5,4260,547,4807,ae_2026_04.csv
2026-04-01,RTG,UNIVERSITY HOSPITALS OF DERBY AND BURTON NHS FOUNDATION TRUST,NHS ENGLAND MIDLANDS,20464,0,9568,1321,0,31,31384,9805,21579,0.6875796584246749,1119,749,1868,4023,0,2,4025,2003,6028,ae_2026_04.csv
2026-04-01,RTH,OXFORD UNIVERSITY HOSPITALS NHS FOUNDATION TRUST,NHS ENGLAND SOUTH EAST,12273,1328,3334,1643,0,180,18758,3431,15327,0.8170913743469453,252,3,255,5177,83,20,5280,4314,9594,ae_2026_04.csv
2026-04-01,RTK,ASHFORD AND ST PETER'S HOSPITALS NHS FOUNDATION TRUST,NHS ENGLAND SOUTH EAST,7563,0,2710,0,0,0,10273,3574,6699,0.6520977319186216,497,368,865,2329,0,0,2329,486,2815,ae_2026_04.csv
2026-04-01,RTP,SURREY AND SUSSEX HEALTHCARE NHS TRUST,NHS ENGLAND SOUTH EAST,9588,0,0,0,0,0,9588,3755,5833,0.6083646224447226,452,573,1025,3754,0,0,3754,925,4679,ae_2026_04.csv
2026-04-01,RTQ,GLOUCESTERSHIRE HEALTH AND CARE NHS FOUNDATION TRUST,NHS ENGLAND SOUTH WEST,0,0,8704,0,0,0,8704,185,8519,0.9787454044117647,0,0,0,0,0,1,1,44,45,ae_2026_04.csv
2026-04-01,RTR,SOUTH TEES HOSPITALS NHS FOUNDATION TRUST,NHS ENGLAND NORTH EAST AND YORKSHIRE,7320,0,9436,0,0,2090,18846,4022,14824,0.7865860129470444,442,31,473,2192,0,406,2598,2258,4856,ae_2026_04.csv
2026-04-01,RTX,UNIVERSITY HOSPITALS OF MORECAMBE BAY NHS FOUNDATION TRUST,NHS ENGLAND NORTH WEST,8689,0,2778,141,0,2112,13720,4069,9651,0.7034256559766764,654,615,1269,2960,0,11,2971,916,3887,ae_2026_04.csv
2026-04-01,RV9,HUMBER TEACHING NHS FOUNDATION TRUST,NHS ENGLAND NORTH EAST AND YORKSHIRE,0,0,1130,0,0,67,1197,4,1193,0.9966583124477861,0,0,0,0,0,0,0,0,0,ae_2026_04.csv
2026-04-01,RVJ,NORTH BRISTOL NHS TRUST,NHS ENGLAND SOUTH WEST,9301,0,0,0,0,0,9301,3208,6093,0.6550908504461885,489,183,672,3321,0,0,3321,2193,5514,ae_2026_04.csv
2026-04-01,RVR,EPSOM AND ST HELIER UNIVERSITY HOSPITALS NHS TRUST,NHS ENGLAND LONDON,10343,0,2950,1,0,0,13294,3845,9449,0.7107717767413871,601,717,1318,1996,0,0,1996,217,2213,ae_2026_04.csv
2026-04-01,RVV,EAST KENT HOSPITALS UNIVERSITY NHS FOUNDATION TRUST,NHS ENGLAND SOUTH EAST,13335,0,11981,0,0,0,25316,6010,19306,0.7626007268130827,631,1050,1681,3019,0,493,3512,554,4066,ae_2026_04.csv
2026-04-01,RVW,NORTH TEES AND HARTLEPOOL NHS FOUNDATION TRUST,NHS ENGLAND NORTH EAST AND YORKSHIRE,4910,0,11285,0,0,0,16195,2259,13936,0.8605125038592158,114,2,116,1688,0,433,2121,2325,4446,ae_2026_04.csv
2026-04-01,RW1,HAMPSHIRE AND ISLE OF WIGHT HEALTHCARE NHS FOUNDATION TRUST,NHS ENGLAND SOUTH EAST,0,0,2917,0,0,0,2917,24,2893,0.9917723688721289,0,0,0,0,0,2,2,115,117,ae_2026_04.csv
2026-04-01,RW4,MERSEY CARE NHS FOUNDATION TRUST,NHS ENGLAND NORTH WEST,0,0,13634,0,0,0,13634,234,13400,0.982837025084348,0,0,0,0,0,0,0,30,30,ae_2026_04.csv
2026-04-01,RWA,HULL UNIVERSITY TEACHING HOSPITALS NHS TRUST,NHS ENGLAND NORTH EAST AND YORKSHIRE,9908,0,4307,0,0,0,14215,4874,9341,0.6571227576503693,925,287,1212,3874,0,0,3874,1911,5785,ae_2026_04.csv
2026-04-01,RWD,UNITED LINCOLNSHIRE TEACHING HOSPITALS NHS TRUST,NHS ENGLAND MIDLANDS,18091,0,4266,0,0,0,22357,4515,17842,0.7980498277944268,768,819,1587,4748,0,0,4748,1073,5821,ae_2026_04.csv
2026-04-01,RWE,UNIVERSITY HOSPITALS OF LEICESTER NHS TRUST,NHS ENGLAND MIDLANDS,22769,2096,0,0,0,0,24865,8521,16344,0.6573094711441786,1059,993,2052,6990,4,0,6994,3480,10474,ae_2026_04.csv
2026-04-01,RWF,MAIDSTONE AND TUNBRIDGE WELLS NHS TRUST,NHS ENGLAND SOUTH EAST,18330,0,1940,875,0,72,21217,4445,16772,0.7904981854173541,950,261,1211,2053,0,0,2053,635,2688,ae_2026_04.csv
2026-04-01,RWG,WEST HERTFORDSHIRE TEACHING HOSPITALS NHS TRUST,NHS ENGLAND EAST OF ENGLAND,8487,0,7800,0,0,798,17085,2024,15061,0.8815335089259585,701,19,720,4629,0,0,4629,604,5233,ae_2026_04.csv
2026-04-01,RWH,EAST AND NORTH HERTFORDSHIRE TEACHING NHS TRUST,NHS ENGLAND EAST OF ENGLAND,8679,0,8795,0,0,0,17474,4205,13269,0.7593567586127962,70,131,201,2304,0,1,2305,273,2578,ae_2026_04.csv
2026-04-01,RWJ,STOCKPORT NHS FOUNDATION TRUST,NHS ENGLAND NORTH WEST,7865,0,926,373,0,1462,10626,3282,7344,0.6911349520045172,600,441,1041,2498,0,44,2542,928,3470,ae_2026_04.csv
2026-04-01,RWP,WORCESTERSHIRE ACUTE HOSPITALS NHS TRUST,NHS ENGLAND MIDLANDS,14067,0,6098,0,0,0,20165,6138,14027,0.695611207537813,776,848,1624,3204,0,0,3204,813,4017,ae_2026_04.csv
2026-04-01,RWW,NORTH CHESHIRE AND MERSEY NHS FOUNDATION TRUST,NHS ENGLAND NORTH WEST,6782,0,6171,314,0,402,13669,3232,10437,0.7635525641963568,588,756,1344,1767,0,0,1767,122,1889,ae_2026_04.csv
2026-04-01,RWX,BERKSHIRE HEALTHCARE NHS FOUNDATION TRUST,NHS ENGLAND SOUTH EAST,0,0,1441,0,0,0,1441,19,1422,0.9868147120055517,0,0,0,0,0,35,35,0,35,ae_2026_04.csv
2026-04-01,RWY,CALDERDALE AND HUDDERSFIELD NHS FOUNDATION TRUST,NHS ENGLAND NORTH EAST AND YORKSHIRE,15596,0,0,0,0,0,15596,2256,13340,0.8553475250064119,1068,50,1118,2828,0,0,2828,181,3009,ae_2026_04.csv
2026-04-01,RX1,NOTTINGHAM UNIVERSITY HOSPITALS NHS TRUST,NHS ENGLAND MIDLANDS,12555,1943,9409,0,0,307,24214,8003,16211,0.6694887255306847,156,819,975,3823,0,995,4818,3899,8717,ae_2026_04.csv
2026-04-01,RXC,EAST SUSSEX HEALTHCARE NHS TRUST,NHS ENGLAND SOUTH EAST,9762,0,2251,1555,0,1503,15071,3443,11628,0.771548006104439,261,150,411,2230,0,0,2230,505,2735,ae_2026_04.csv
2026-04-01,RXF,MID YORKSHIRE TEACHING NHS TRUST,NHS ENGLAND NORTH EAST AND YORKSHIRE,16632,117,6672,120,0,75,23616,6372,17244,0.7301829268292683,2029,356,2385,3383,0,179,3562,818,4380,ae_2026_04.csv
2026-04-01,RXG,SOUTH WEST YORKSHIRE PARTNERSHIP NHS FOUNDATION TRUST,NHS ENGLAND NORTH EAST AND YORKSHIRE,0,0,0,0,0,0,0,0,0,NA,0,0,0,0,0,0,0,135,135,ae_2026_04.csv
2026-04-01,RXK,SANDWELL AND WEST BIRMINGHAM HOSPITALS NHS TRUST,NHS ENGLAND MIDLANDS,10932,1111,8332,369,0,0,20744,5188,15556,0.7499035865792518,631,495,1126,2480,0,29,2509,61,2570,ae_2026_04.csv
2026-04-01,RXL,BLACKPOOL TEACHING HOSPITALS NHS FOUNDATION TRUST,NHS ENGLAND NORTH WEST,8579,0,10262,369,0,485,19695,3842,15853,0.804925107895405,497,343,840,1926,0,0,1926,2348,4274,ae_2026_04.csv
2026-04-01,RXN,LANCASHIRE TEACHING HOSPITALS NHS FOUNDATION TRUST,NHS ENGLAND NORTH WEST,12120,0,3277,151,0,95,15643,4492,11151,0.712842805088538,1067,360,1427,3004,0,110,3114,1094,4208,ae_2026_04.csv
2026-04-01,RXP,COUNTY DURHAM AND DARLINGTON NHS FOUNDATION TRUST,NHS ENGLAND NORTH EAST AND YORKSHIRE,12517,0,3779,0,0,7404,23700,5121,18579,0.7839240506329114,1946,14,1960,4299,0,0,4299,762,5061,ae_2026_04.csv
2026-04-01,RXQ,BUCKINGHAMSHIRE HEALTHCARE NHS TRUST,NHS ENGLAND SOUTH EAST,8445,1090,2902,0,0,0,12437,3061,9376,0.7538795529468522,258,258,516,3334,930,0,4264,1239,5503,ae_2026_04.csv
2026-04-01,RXR,EAST LANCASHIRE HOSPITALS NHS TRUST,NHS ENGLAND NORTH WEST,13969,0,11401,0,0,0,25370,5189,20181,0.7954670871107608,375,1084,1459,4175,0,101,4276,1623,5899,ae_2026_04.csv
2026-04-01,RXW,THE SHREWSBURY AND TELFORD HOSPITAL NHS TRUST,NHS ENGLAND MIDLANDS,11354,0,2451,0,0,0,13805,5979,7826,0.5668960521550163,761,1026,1787,3578,0,148,3726,2024,5750,ae_2026_04.csv
2026-04-01,RY4,HERTFORDSHIRE COMMUNITY NHS TRUST,NHS ENGLAND EAST OF ENGLAND,0,0,1134,0,0,0,1134,58,1076,0.9488536155202821,0,0,0,0,0,0,0,0,0,ae_2026_04.csv
2026-04-01,RY5,LINCOLNSHIRE COMMUNITY HEALTH SERVICES NHS TRUST,NHS ENGLAND MIDLANDS,0,0,8678,0,0,0,8678,117,8561,0.9865176307905047,0,0,0,0,0,0,0,0,0,ae_2026_04.csv
2026-04-01,RY7,WIRRAL COMMUNITY HEALTH AND CARE NHS FOUNDATION TRUST,NHS ENGLAND NORTH WEST,0,0,3814,0,0,0,3814,127,3687,0.9667016255899318,0,0,0,0,0,0,0,0,0,ae_2026_04.csv
2026-04-01,RY8,DERBYSHIRE COMMUNITY HEALTH SERVICES NHS FOUNDATION TRUST,NHS ENGLAND MIDLANDS,0,0,7663,0,0,1443,9106,483,8623,0.9469580496376016,0,0,0,0,0,0,0,0,0,ae_2026_04.csv
2026-04-01,RYF,SOUTH WESTERN AMBULANCE SERVICE NHS FOUNDATION TRUST,NHS ENGLAND SOUTH WEST,0,0,2048,0,0,32,2080,32,2048,0.9846153846153847,0,0,0,0,0,0,0,0,0,ae_2026_04.csv
2026-04-01,RYG,COVENTRY AND WARWICKSHIRE PARTNERSHIP NHS TRUST,NHS ENGLAND MIDLANDS,0,0,0,0,0,0,0,0,0,NA,0,0,0,0,0,9,9,48,57,ae_2026_04.csv
2026-04-01,RYJ,IMPERIAL COLLEGE HEALTHCARE NHS TRUST,NHS ENGLAND LONDON,11638,3880,7158,0,0,560,23236,4979,18257,0.7857204338096058,503,0,503,3354,0,0,3354,1173,4527,ae_2026_04.csv
2026-04-01,RYR,UNIVERSITY HOSPITALS SUSSEX NHS FOUNDATION TRUST,NHS ENGLAND SOUTH EAST,27055,1629,1653,1668,0,588,32593,11084,21509,0.6599269781855,730,900,1630,8133,31,145,8309,1600,9909,ae_2026_04.csv
2026-04-01,RYX,CENTRAL LONDON COMMUNITY HEALTHCARE NHS TRUST,NHS ENGLAND LONDON,0,0,12413,0,0,650,13063,176,12887,0.9865268315088418,0,0,0,0,0,0,0,0,0,ae_2026_04.csv
2026-04-01,RYY,KENT COMMUNITY HEALTH NHS FOUNDATION TRUST,NHS ENGLAND SOUTH EAST,0,0,6443,0,0,0,6443,10,6433,0.9984479279838584,0,0,0,0,0,0,0,0,0,ae_2026_04.csv
2026-04-01,Y02428,PUTNOE WALK IN CENTRE,NHS ENGLAND EAST OF ENGLAND,0,0,2645,0,0,0,2645,0,2645,1,0,0,0,0,0,0,0,0,0,ae_2026_04.csv
2026-04-01,Y02532,MIRIAM MINOR EMERGENCY,NHS ENGLAND NORTH WEST,0,0,1620,0,0,0,1620,0,1620,1,0,0,0,0,0,0,0,0,0,ae_2026_04.csv
2026-04-01,Y02676,BRIGHTON STATION HEALTH CENTRE,NHS ENGLAND SOUTH EAST,0,0,1960,0,0,0,1960,0,1960,1,0,0,0,0,0,0,0,0,0,ae_2026_04.csv
2026-05-01,AAH,TETBURY HOSPITAL TRUST LTD,NHS ENGLAND SOUTH WEST,0,0,610,0,0,0,610,0,610,1,0,0,0,0,0,0,0,0,0,ae_2026_05.csv
2026-05-01,ACH01,WHITSTABLE MEDICAL PRACTICE,NHS ENGLAND SOUTH EAST,0,0,5139,0,0,0,5139,0,5139,1,0,0,0,0,0,0,0,0,0,ae_2026_05.csv
2026-05-01,AD913,BECKENHAM BEACON UCC,NHS ENGLAND LONDON,0,0,3854,0,0,249,4103,7,4096,0.9982939312698026,0,0,0,0,0,0,0,0,0,ae_2026_05.csv
2026-05-01,AJN,WORKINGTON HEALTH LIMITED,NHS ENGLAND NORTH EAST AND YORKSHIRE,0,0,429,0,0,0,429,0,429,1,0,0,0,0,0,0,0,0,0,ae_2026_05.csv
2026-05-01,AQM01,FAVERSHAM MEDICAL PRACTICE MIU,NHS ENGLAND SOUTH EAST,0,0,3044,0,0,0,3044,0,3044,1,0,0,0,0,0,0,0,0,0,ae_2026_05.csv
2026-05-01,AQN04,PHL LYMINGTON UTC,NHS ENGLAND SOUTH EAST,0,0,3565,0,0,2,3567,82,3485,0.9770114942528736,0,0,0,0,0,0,0,0,0,ae_2026_05.csv
2026-05-01,ARN03,LOCAL CARE DIRECT,NHS ENGLAND NORTH EAST AND YORKSHIRE,0,0,2228,0,0,205,2433,9,2424,0.9963008631319359,0,0,0,0,0,0,0,0,0,ae_2026_05.csv
2026-05-01,C82009,MARKET HARBOROUGH MED.CTR,NHS ENGLAND MIDLANDS,0,0,264,0,0,0,264,0,264,1,0,0,0,0,0,0,0,0,0,ae_2026_05.csv
2026-05-01,C82038,LATHAM HOUSE MEDICAL PRACTICE,NHS ENGLAND MIDLANDS,0,0,268,0,0,0,268,0,268,1,0,0,0,0,0,0,0,0,0,ae_2026_05.csv
2026-05-01,C83023,SLEAFORD MEDICAL GROUP,NHS ENGLAND MIDLANDS,0,0,544,0,0,0,544,0,544,1,0,0,0,0,0,0,0,3,3,ae_2026_05.csv
2026-05-01,DJV01,HERNE BAY HEALTH CARE LTD,NHS ENGLAND SOUTH EAST,0,0,2738,0,0,0,2738,0,2738,1,0,0,0,0,0,0,0,0,0,ae_2026_05.csv
2026-05-01,DT301,HERTS URGENT CARE (ASCOTS LANE),NHS ENGLAND EAST OF ENGLAND,0,0,2194,0,0,0,2194,182,2012,0.9170464904284412,0,0,0,0,0,0,0,0,0,ae_2026_05.csv
2026-05-01,G0Q0L,BARKING HOSPITAL UTC,NHS ENGLAND LONDON,0,0,2972,0,0,0,2972,24,2948,0.9919246298788694,0,0,0,0,0,0,0,0,0,ae_2026_05.csv
2026-05-01,G3P9C,TROWBRIDGE MINOR INJURIES UNIT,NHS ENGLAND SOUTH WEST,0,0,1318,0,0,0,1318,4,1314,0.9969650986342944,0,0,0,0,0,0,0,0,0,ae_2026_05.csv
2026-05-01,K6K0R,HAROLD WOOD POLYCLINIC UTC,NHS ENGLAND LONDON,0,0,2922,0,0,0,2922,14,2908,0.9952087611225188,0,0,0,0,0,0,0,0,0,ae_2026_05.csv
2026-05-01,L83087,OKEHAMPTON MEDICAL CENTRE,NHS ENGLAND SOUTH WEST,0,0,79,0,0,0,79,0,79,1,0,0,0,0,0,0,0,0,0,ae_2026_05.csv
2026-05-01,NDJ,FIRST COMMUNITY HEALTH AND CARE CIC,NHS ENGLAND SOUTH EAST,0,0,2500,0,0,0,2500,25,2475,0.99,0,0,0,0,0,0,0,0,0,ae_2026_05.csv
2026-05-01,NLX,SIRONA CARE & HEALTH,NHS ENGLAND SOUTH WEST,0,0,9207,0,0,318,9525,364,9161,0.9617847769028871,0,0,0,0,0,0,0,0,0,ae_2026_05.csv
2026-05-01,NNF09,BRANSHOLME HEALTH CENTRE,NHS ENGLAND NORTH EAST AND YORKSHIRE,0,0,3857,0,0,0,3857,454,3403,0.8822919367383977,0,0,0,0,0,0,0,0,0,ae_2026_05.csv
2026-05-01,NNF16,BRIDLINGTON HOSPITAL,NHS ENGLAND NORTH EAST AND YORKSHIRE,0,0,1613,0,0,0,1613,32,1581,0.9801611903285803,0,0,0,0,0,0,0,0,0,ae_2026_05.csv
2026-05-01,NNF94,EAST RIDING COMMUNITY HOSPITAL,NHS ENGLAND NORTH EAST AND YORKSHIRE,0,0,3011,0,0,0,3011,264,2747,0.9123214878777814,0,0,0,0,0,0,0,0,0,ae_2026_05.csv
2026-05-01,NNFA7,GOOLE & DISTRICT HOSPITAL,NHS ENGLAND NORTH EAST AND YORKSHIRE,0,0,1752,0,0,0,1752,33,1719,0.9811643835616438,0,0,0,0,0,0,0,0,0,ae_2026_05.csv
2026-05-01,NNJ,DHU HEALTH CARE C.I.C,NHS ENGLAND MIDLANDS,0,0,2250,0,0,0,2250,0,2250,1,0,0,0,0,0,0,0,0,0,ae_2026_05.csv
2026-05-01,NNJ07,LOUGHBOROUGH URGENT CARE CENTRE,NHS ENGLAND MIDLANDS,0,0,5641,0,0,2651,8292,57,8235,0.9931259044862518,0,0,0,0,0,0,0,0,0,ae_2026_05.csv
2026-05-01,NNJ0H,LLR EA - THE MERLYN VAZ HEALTH & SOCIAL CARE CENTRE,NHS ENGLAND MIDLANDS,0,0,231,0,0,2816,3047,12,3035,0.9960617000328191,0,0,0,0,0,0,0,0,0,ae_2026_05.csv
2026-05-01,NNJ10,ENDERBY LEISURE CENTRE,NHS ENGLAND MIDLANDS,0,0,0,0,0,375,375,0,375,1,0,0,0,0,0,0,0,0,0,ae_2026_05.csv
2026-05-01,NNJ11,LUTTERWORTH HOSPITAL,NHS ENGLAND MIDLANDS,0,0,0,0,0,162,162,0,162,1,0,0,0,0,0,0,0,0,0,ae_2026_05.csv
2026-05-01,NNJ12,MARKET HARBOROUGH,NHS ENGLAND MIDLANDS,0,0,0,0,0,308,308,0,308,1,0,0,0,0,0,0,0,0,0,ae_2026_05.csv
2026-05-01,NNJ13,MELTON MOWBRAY,NHS ENGLAND MIDLANDS,0,0,0,0,0,369,369,0,369,1,0,0,0,0,0,0,0,0,0,ae_2026_05.csv
2026-05-01,NNJ14,OADBY,NHS ENGLAND MIDLANDS,0,0,479,0,0,2233,2712,0,2712,1,0,0,0,0,0,0,0,0,0,ae_2026_05.csv
2026-05-01,NNJ15,RUTLAND MINOR ILLNESS AND INJURY SERVICE (FORMERLY WLHH PRE-APRIL 2026),NHS ENGLAND MIDLANDS,0,0,0,0,0,624,624,0,624,1,0,0,0,0,0,0,0,0,0,ae_2026_05.csv
2026-05-01,NQT1I,CHIPPENHAM COMMUNITY HOSPITAL,NHS ENGLAND SOUTH WEST,0,0,1853,0,0,0,1853,72,1781,0.9611440906637885,0,0,0,0,0,0,0,0,0,ae_2026_05.csv
2026-05-01,NQT5F,SKELMERSDALE WALK IN CENTRE,NHS ENGLAND NORTH WEST,0,0,1709,0,0,0,1709,13,1696,0.9923932124049152,0,0,0,0,0,0,0,0,0,ae_2026_05.csv
2026-05-01,NQT5H,PAULTON MEMORIAL HOSPITAL,NHS ENGLAND SOUTH WEST,0,0,1236,0,0,0,1236,1,1235,0.9991909385113269,0,0,0,0,0,0,0,0,0,ae_2026_05.csv
2026-05-01,NTP11,PRACTICE PLUS GROUP HOSPITAL - SOUTHAMPTON,NHS ENGLAND SOUTH EAST,0,0,5698,0,0,0,5698,137,5561,0.9759564759564759,0,0,0,0,0,0,0,0,0,ae_2026_05.csv
2026-05-01,NTPAD,PRACTICE PLUS GROUP SURGICAL CENTRE - ST MARYS PORTSMOUTH,NHS ENGLAND SOUTH EAST,0,0,5577,0,0,293,5870,124,5746,0.9788756388415673,0,0,0,0,0,0,0,0,0,ae_2026_05.csv
2026-05-01,NTV0B,ASHFORD WALK-IN-CENTRE,NHS ENGLAND SOUTH EAST,0,0,2552,0,0,0,2552,67,2485,0.9737460815047022,0,0,0,0,0,0,0,0,0,ae_2026_05.csv
2026-05-01,NTV0W,WOKING WALK IN CENTRE,NHS ENGLAND SOUTH EAST,0,0,2834,0,0,0,2834,170,2664,0.940014114326041,0,0,0,0,0,0,0,0,0,ae_2026_05.csv
2026-05-01,NV693,ROSSENDALE MIU & OOH,NHS ENGLAND NORTH WEST,0,0,1057,0,0,0,1057,0,1057,1,0,0,0,0,0,0,0,0,0,ae_2026_05.csv
2026-05-01,NVE43,HASTINGS GP LED HEALTH CENTRE,NHS ENGLAND SOUTH EAST,0,0,1129,0,0,0,1129,0,1129,1,0,0,0,0,0,0,0,0,0,ae_2026_05.csv
2026-05-01,R0A,MANCHESTER UNIVERSITY NHS FOUNDATION TRUST,NHS ENGLAND NORTH WEST,27846,3450,11594,3154,415,829,47288,12118,35170,0.7437404838436813,3158,91,3249,5880,129,73,6082,465,6547,ae_2026_05.csv
2026-05-01,R0B,SOUTH TYNESIDE AND SUNDERLAND NHS FOUNDATION TRUST,NHS ENGLAND NORTH EAST AND YORKSHIRE,11235,1427,6147,951,0,1505,21265,4666,16599,0.7805784152363038,170,0,170,4840,31,0,4871,1248,6119,ae_2026_05.csv
2026-05-01,R0D,UNIVERSITY HOSPITALS DORSET NHS FOUNDATION TRUST,NHS ENGLAND SOUTH WEST,15936,0,4982,0,0,0,20918,6228,14690,0.7022659910125251,1109,410,1519,4272,4,0,4276,2337,6613,ae_2026_05.csv
2026-05-01,R1D,SHROPSHIRE COMMUNITY HEALTH NHS TRUST,NHS ENGLAND MIDLANDS,0,0,3573,0,0,0,3573,5,3568,0.9986006157290792,0,0,0,0,0,0,0,0,0,ae_2026_05.csv
2026-05-01,R1F,ISLE OF WIGHT NHS TRUST,NHS ENGLAND SOUTH EAST,4429,215,1690,15,0,15,6364,1493,4871,0.7653991200502829,277,168,445,1428,0,0,1428,113,1541,ae_2026_05.csv
2026-05-01,R1H,BARTS HEALTH NHS TRUST,NHS ENGLAND LONDON,26667,880,19721,0,0,0,47268,12143,35125,0.7431031564694931,994,1157,2151,4328,0,48,4376,1199,5575,ae_2026_05.csv
2026-05-01,R1K,LONDON NORTH WEST UNIVERSITY HEALTHCARE NHS TRUST,NHS ENGLAND LONDON,14429,0,17346,0,0,0,31775,7216,24559,0.7729032258064517,622,553,1175,6734,0,0,6734,191,6925,ae_2026_05.csv
2026-05-01,RA2,ROYAL SURREY NHS FOUNDATION TRUST,NHS ENGLAND SOUTH EAST,7180,0,2299,862,0,90,10431,2730,7701,0.7382801265458728,457,24,481,2562,0,0,2562,1032,3594,ae_2026_05.csv
2026-05-01,RA7,UNIVERSITY HOSPITALS BRISTOL AND WESTON NHS FOUNDATION TRUST,NHS ENGLAND SOUTH WEST,16484,2607,0,0,0,0,19091,5628,13463,0.705201403802839,960,286,1246,5000,18,0,5018,1518,6536,ae_2026_05.csv
2026-05-01,RA9,TORBAY AND SOUTH DEVON NHS FOUNDATION TRUST,NHS ENGLAND SOUTH WEST,7154,0,3993,0,0,0,11147,3930,7217,0.6474387727639723,317,138,455,1635,0,15,1650,450,2100,ae_2026_05.csv
2026-05-01,RAE,BRADFORD TEACHING HOSPITALS NHS FOUNDATION TRUST,NHS ENGLAND NORTH EAST AND YORKSHIRE,9325,1072,3875,0,0,0,14272,2506,11766,0.8244114349775785,690,147,837,2663,0,11,2674,1249,3923,ae_2026_05.csv
2026-05-01,RAJ,MID AND SOUTH ESSEX NHS FOUNDATION TRUST,NHS ENGLAND EAST OF ENGLAND,27876,0,8059,9,0,2,35946,9392,26554,0.7387191898959551,1777,867,2644,8897,0,156,9053,1166,10219,ae_2026_05.csv
2026-05-01,RAL,ROYAL FREE LONDON NHS FOUNDATION TRUST,NHS ENGLAND LONDON,26608,458,17712,187,3,227,45195,8900,36295,0.8030755614559133,926,1862,2788,6471,0,121,6592,797,7389,ae_2026_05.csv
2026-05-01,RAN,ROYAL NATIONAL ORTHOPAEDIC HOSPITAL NHS TRUST,NHS ENGLAND LONDON,0,0,0,0,0,0,0,0,0,NA,0,0,0,0,0,0,0,8,8,ae_2026_05.csv
2026-05-01,RAS,THE HILLINGDON HOSPITALS NHS FOUNDATION TRUST,NHS ENGLAND LONDON,5812,0,7222,0,0,0,13034,2554,10480,0.8040509436857449,488,9,497,1834,0,0,1834,65,1899,ae_2026_05.csv
2026-05-01,RAT,NORTH EAST LONDON NHS FOUNDATION TRUST,NHS ENGLAND LONDON,0,0,1740,0,0,0,1740,29,1711,0.9833333333333333,0,0,0,0,0,0,0,0,0,ae_2026_05.csv
2026-05-01,RAX,KINGSTON AND RICHMOND NHS FOUNDATION TRUST,NHS ENGLAND LONDON,7296,0,8580,0,0,0,15876,3768,12108,0.762660619803477,335,320,655,2992,0,195,3187,715,3902,ae_2026_05.csv
2026-05-01,RBD,DORSET COUNTY HOSPITAL NHS FOUNDATION TRUST,NHS ENGLAND SOUTH WEST,4999,0,0,490,0,4714,10203,2612,7591,0.7439968636675488,271,85,356,1952,0,0,1952,506,2458,ae_2026_05.csv
2026-05-01,RBK,WALSALL HEALTHCARE NHS TRUST,NHS ENGLAND MIDLANDS,9838,0,4594,35,0,146,14613,2904,11709,0.8012728392527202,955,188,1143,4384,0,0,4384,823,5207,ae_2026_05.csv
2026-05-01,RBL,WIRRAL UNIVERSITY TEACHING HOSPITAL NHS FOUNDATION TRUST,NHS ENGLAND NORTH WEST,8227,0,2826,0,0,151,11204,4330,6874,0.6135308818279186,437,858,1295,2181,0,0,2181,1728,3909,ae_2026_05.csv
2026-05-01,RBN,MERSEY AND WEST LANCASHIRE TEACHING HOSPITALS NHS TRUST,NHS ENGLAND NORTH WEST,17980,0,7563,205,0,0,25748,6955,18793,0.7298819325772875,500,493,993,8065,0,0,8065,938,9003,ae_2026_05.csv
2026-05-01,RBQ,LIVERPOOL HEART AND CHEST HOSPITAL NHS FOUNDATION TRUST,NHS ENGLAND NORTH WEST,0,0,0,0,0,0,0,0,0,NA,0,0,0,0,0,0,0,137,137,ae_2026_05.csv
2026-05-01,RBS,ALDER HEY CHILDREN'S NHS FOUNDATION TRUST,NHS ENGLAND NORTH WEST,6425,0,0,0,0,0,6425,1048,5377,0.8368871595330739,1,0,1,901,0,0,901,273,1174,ae_2026_05.csv
2026-05-01,RBT,MID CHESHIRE HOSPITALS NHS FOUNDATION TRUST,NHS ENGLAND NORTH WEST,7409,0,3164,0,0,77,10650,3977,6673,0.6265727699530517,432,539,971,2541,0,0,2541,708,3249,ae_2026_05.csv
2026-05-01,RBV,THE CHRISTIE NHS FOUNDATION TRUST,NHS ENGLAND NORTH WEST,0,0,0,0,0,0,0,0,0,NA,0,0,0,0,0,0,0,840,840,ae_2026_05.csv
2026-05-01,RC9,BEDFORDSHIRE HOSPITALS NHS FOUNDATION TRUST,NHS ENGLAND EAST OF ENGLAND,18436,0,9068,0,0,0,27504,6598,20906,0.7601076207097149,80,43,123,5237,0,0,5237,2152,7389,ae_2026_05.csv
2026-05-01,RCB,YORK AND SCARBOROUGH TEACHING HOSPITALS NHS FOUNDATION TRUST,NHS ENGLAND NORTH EAST AND YORKSHIRE,12406,183,6795,0,0,0,19384,6441,12943,0.6677156417664053,188,293,481,4247,0,0,4247,1132,5379,ae_2026_05.csv
2026-05-01,RCD,HARROGATE AND DISTRICT NHS FOUNDATION TRUST,NHS ENGLAND NORTH EAST AND YORKSHIRE,5373,0,1684,0,0,34,7091,2084,5007,0.706106331970103,178,14,192,1283,0,0,1283,253,1536,ae_2026_05.csv
2026-05-01,RCF,AIREDALE NHS FOUNDATION TRUST,NHS ENGLAND NORTH EAST AND YORKSHIRE,6386,172,0,390,0,0,6948,2861,4087,0.5882268278641336,387,287,674,1438,0,0,1438,432,1870,ae_2026_05.csv
2026-05-01,RCU,SHEFFIELD CHILDREN'S NHS FOUNDATION TRUST,NHS ENGLAND NORTH EAST AND YORKSHIRE,4748,0,283,212,0,13,5256,293,4963,0.9442541856925418,6,0,6,964,0,0,964,90,1054,ae_2026_05.csv
2026-05-01,RCX,"THE QUEEN ELIZABETH HOSPITAL, KING'S LYNN, NHS FOUNDATION TRUST",NHS ENGLAND EAST OF ENGLAND,7164,0,1418,0,0,0,8582,3069,5513,0.6423910510370543,643,174,817,1889,0,0,1889,361,2250,ae_2026_05.csv
2026-05-01,RD1,ROYAL UNITED HOSPITALS BATH NHS FOUNDATION TRUST,NHS ENGLAND SOUTH WEST,9451,0,0,0,0,0,9451,4106,5345,0.5655486191937361,975,153,1128,2872,0,0,2872,1760,4632,ae_2026_05.csv
2026-05-01,RD8,MILTON KEYNES UNIVERSITY HOSPITAL NHS FOUNDATION TRUST,NHS ENGLAND EAST OF ENGLAND,8650,0,5303,682,0,326,14961,4316,10645,0.7115166098522826,810,0,810,2251,0,0,2251,461,2712,ae_2026_05.csv
2026-05-01,RDE,EAST SUFFOLK AND NORTH ESSEX NHS FOUNDATION TRUST,NHS ENGLAND EAST OF ENGLAND,11914,0,14125,0,0,0,26039,5766,20273,0.778562924843504,725,511,1236,5112,0,2,5114,236,5350,ae_2026_05.csv
2026-05-01,RDR,SUSSEX COMMUNITY NHS FOUNDATION TRUST,NHS ENGLAND SOUTH EAST,0,0,12486,0,0,0,12486,327,12159,0.9738106679481019,0,0,0,0,0,0,0,0,0,ae_2026_05.csv
2026-05-01,RDU,FRIMLEY HEALTH NHS FOUNDATION TRUST,NHS ENGLAND SOUTH EAST,24282,866,11819,0,0,0,36967,9199,27768,0.7511564368220305,1148,756,1904,6597,0,0,6597,167,6764,ae_2026_05.csv
2026-05-01,RDY,DORSET HEALTHCARE UNIVERSITY NHS FOUNDATION TRUST,NHS ENGLAND SOUTH WEST,0,0,0,0,0,0,0,0,0,NA,0,0,0,0,0,3,3,3,6,ae_2026_05.csv
2026-05-01,REF,ROYAL CORNWALL HOSPITALS NHS TRUST,NHS ENGLAND SOUTH WEST,7291,0,13732,0,0,0,21023,5110,15913,0.7569328830328688,513,653,1166,2413,0,53,2466,1562,4028,ae_2026_05.csv
2026-05-01,REM,LIVERPOOL UNIVERSITY HOSPITALS NHS FOUNDATION TRUST,NHS ENGLAND NORTH WEST,16870,1931,8773,543,0,0,28117,8615,19502,0.6936017356047942,846,1273,2119,5241,0,0,5241,2175,7416,ae_2026_05.csv
2026-05-01,REP,LIVERPOOL WOMEN'S NHS FOUNDATION TRUST,NHS ENGLAND NORTH WEST,0,1559,0,0,0,0,1559,140,1419,0.9101988454137268,0,0,0,0,112,0,112,10,122,ae_2026_05.csv
2026-05-01,RET,THE WALTON CENTRE NHS FOUNDATION TRUST,NHS ENGLAND NORTH WEST,0,0,0,0,0,0,0,0,0,NA,0,0,0,0,0,0,0,176,176,ae_2026_05.csv
2026-05-01,RF4,"BARKING, HAVERING AND REDBRIDGE UNIVERSITY HOSPITALS NHS TRUST",NHS ENGLAND LONDON,14107,2378,15849,0,0,0,32334,6201,26133,0.8082204490629059,535,617,1152,3775,0,0,3775,2200,5975,ae_2026_05.csv
2026-05-01,RFF,BARNSLEY HOSPITAL NHS FOUNDATION TRUST,NHS ENGLAND NORTH EAST AND YORKSHIRE,9717,0,0,32,0,0,9749,2268,7481,0.7673607549492255,456,27,483,3344,0,0,3344,463,3807,ae_2026_05.csv
2026-05-01,RFR,THE ROTHERHAM NHS FOUNDATION TRUST,NHS ENGLAND NORTH EAST AND YORKSHIRE,9881,0,0,0,0,0,9881,2885,6996,0.7080255034915495,599,1,600,2006,0,0,2006,512,2518,ae_2026_05.csv
2026-05-01,RFS,CHESTERFIELD ROYAL HOSPITAL NHS FOUNDATION TRUST,NHS ENGLAND MIDLANDS,6804,0,5729,0,0,0,12533,3533,9000,0.7181042048990665,706,200,906,2196,0,14,2210,149,2359,ae_2026_05.csv
2026-05-01,RGN,NORTH WEST ANGLIA NHS FOUNDATION TRUST,NHS ENGLAND EAST OF ENGLAND,15827,0,4934,252,0,406,21419,6533,14886,0.6949904290583128,487,848,1335,3787,0,42,3829,1468,5297,ae_2026_05.csv
2026-05-01,RGP,JAMES PAGET UNIVERSITY HOSPITALS NHS FOUNDATION TRUST,NHS ENGLAND EAST OF ENGLAND,8220,0,1654,0,0,0,9874,2813,7061,0.7151103909256633,568,281,849,1696,0,0,1696,520,2216,ae_2026_05.csv
2026-05-01,RGR,WEST SUFFOLK NHS FOUNDATION TRUST,NHS ENGLAND EAST OF ENGLAND,8272,0,1015,56,0,0,9343,2348,6995,0.7486888579685326,466,325,791,1797,0,0,1797,306,2103,ae_2026_05.csv
2026-05-01,RGT,CAMBRIDGE UNIVERSITY HOSPITALS NHS FOUNDATION TRUST,NHS ENGLAND EAST OF ENGLAND,11679,0,5590,345,0,318,17932,5791,12141,0.6770577738121794,501,518,1019,2749,0,34,2783,464,3247,ae_2026_05.csv
2026-05-01,RH5,SOMERSET NHS FOUNDATION TRUST,NHS ENGLAND SOUTH WEST,12516,0,10320,0,0,28,22864,6693,16171,0.7072690692792163,523,77,600,3315,0,0,3315,1685,5000,ae_2026_05.csv
2026-05-01,RH8,ROYAL DEVON UNIVERSITY HEALTHCARE NHS FOUNDATION TRUST,NHS ENGLAND SOUTH WEST,13414,0,4850,1434,0,118,19816,6249,13567,0.6846487686717804,820,278,1098,3128,0,0,3128,1841,4969,ae_2026_05.csv
2026-05-01,RHM,UNIVERSITY HOSPITAL SOUTHAMPTON NHS FOUNDATION TRUST,NHS ENGLAND SOUTH EAST,12221,1028,0,0,0,0,13249,4127,9122,0.688504792814552,357,16,373,3914,9,0,3923,1600,5523,ae_2026_05.csv
2026-05-01,RHQ,SHEFFIELD TEACHING HOSPITALS NHS FOUNDATION TRUST,NHS ENGLAND NORTH EAST AND YORKSHIRE,9193,1167,7485,398,0,1138,19381,5442,13939,0.7192095351117074,1116,7,1123,3276,0,0,3276,3394,6670,ae_2026_05.csv
2026-05-01,RHU,PORTSMOUTH HOSPITALS UNIVERSITY NHS TRUST,NHS ENGLAND SOUTH EAST,11209,1027,3478,2058,0,900,18672,4853,13819,0.740092116538132,649,1211,1860,3185,0,0,3185,2508,5693,ae_2026_05.csv
2026-05-01,RHW,ROYAL BERKSHIRE NHS FOUNDATION TRUST,NHS ENGLAND SOUTH EAST,11750,2597,3412,1569,18,0,19346,4755,14591,0.7542127571591026,680,17,697,2522,0,0,2522,326,2848,ae_2026_05.csv
2026-05-01,RJ1,GUY'S AND ST THOMAS' NHS FOUNDATION TRUST,NHS ENGLAND LONDON,10870,0,7418,0,0,0,18288,4310,13978,0.7643263342082239,151,83,234,2045,0,0,2045,269,2314,ae_2026_05.csv
2026-05-01,RJ2,LEWISHAM AND GREENWICH NHS TRUST,NHS ENGLAND LONDON,17205,0,17917,0,0,980,36102,8703,27399,0.7589330231012132,1066,533,1599,4302,0,0,4302,582,4884,ae_2026_05.csv
2026-05-01,RJ6,CROYDON HEALTH SERVICES NHS TRUST,NHS ENGLAND LONDON,13509,0,5147,0,0,0,18656,5115,13541,0.7258254716981132,227,676,903,1057,0,0,1057,139,1196,ae_2026_05.csv
2026-05-01,RJ7,ST GEORGE'S UNIVERSITY HOSPITALS NHS FOUNDATION TRUST,NHS ENGLAND LONDON,9181,0,3993,411,0,0,13585,2711,10874,0.8004416635995584,362,575,937,1985,0,0,1985,658,2643,ae_2026_05.csv
2026-05-01,RJ8,CORNWALL PARTNERSHIP NHS FOUNDATION TRUST,NHS ENGLAND SOUTH WEST,0,0,0,0,0,0,0,0,0,NA,0,0,0,0,0,13,13,67,80,ae_2026_05.csv
2026-05-01,RJC,SOUTH WARWICKSHIRE UNIVERSITY NHS FOUNDATION TRUST,NHS ENGLAND MIDLANDS,8876,0,411,0,0,0,9287,2478,6809,0.7331754064821794,448,127,575,1796,0,0,1796,513,2309,ae_2026_05.csv
2026-05-01,RJE,UNIVERSITY HOSPITALS OF NORTH MIDLANDS NHS TRUST,NHS ENGLAND MIDLANDS,15679,488,8781,631,0,472,26051,8363,17688,0.6789758550535488,1025,821,1846,4703,0,0,4703,1114,5817,ae_2026_05.csv
2026-05-01,RJL,NORTHERN LINCOLNSHIRE AND GOOLE NHS FOUNDATION TRUST,NHS ENGLAND NORTH EAST AND YORKSHIRE,10806,0,6668,0,0,450,17924,5542,12382,0.6908056237446999,764,787,1551,5487,0,0,5487,490,5977,ae_2026_05.csv
2026-05-01,RJN,EAST CHESHIRE NHS TRUST,NHS ENGLAND NORTH WEST,4715,0,0,99,0,63,4877,2471,2406,0.4933360672544597,267,328,595,865,0,0,865,192,1057,ae_2026_05.csv
2026-05-01,RJR,COUNTESS OF CHESTER HOSPITAL NHS FOUNDATION TRUST,NHS ENGLAND NORTH WEST,5637,0,2669,0,0,0,8306,2881,5425,0.6531423067661931,538,569,1107,1925,0,0,1925,1074,2999,ae_2026_05.csv
2026-05-01,RJZ,KING'S COLLEGE HOSPITAL NHS FOUNDATION TRUST,NHS ENGLAND LONDON,15762,0,10577,20,0,490,26849,7681,19168,0.7139185816976423,1511,867,2378,3488,0,0,3488,321,3809,ae_2026_05.csv
2026-05-01,RK5,SHERWOOD FOREST HOSPITALS NHS FOUNDATION TRUST,NHS ENGLAND MIDLANDS,11630,0,5750,0,0,0,17380,6232,11148,0.6414269275028769,1460,225,1685,3579,0,0,3579,249,3828,ae_2026_05.csv
2026-05-01,RK9,UNIVERSITY HOSPITALS PLYMOUTH NHS TRUST,NHS ENGLAND SOUTH WEST,8950,122,8444,0,0,0,17516,5795,11721,0.6691596254852706,723,396,1119,3298,0,0,3298,1645,4943,ae_2026_05.csv
2026-05-01,RKB,UNIVERSITY HOSPITALS COVENTRY AND WARWICKSHIRE NHS TRUST,NHS ENGLAND MIDLANDS,13511,2426,6389,0,0,0,22326,5655,16671,0.7467078742273583,60,8,68,820,38,45,903,323,1226,ae_2026_05.csv
2026-05-01,RKE,WHITTINGTON HEALTH NHS TRUST,NHS ENGLAND LONDON,9685,0,0,0,0,0,9685,2631,7054,0.7283427981414559,278,196,474,1364,0,0,1364,30,1394,ae_2026_05.csv
2026-05-01,RL1,THE ROBERT JONES AND AGNES HUNT ORTHOPAEDIC HOSPITAL NHS FOUNDATION TRUST,NHS ENGLAND MIDLANDS,0,0,0,0,0,0,0,0,0,NA,0,0,0,0,0,0,0,39,39,ae_2026_05.csv
2026-05-01,RL4,THE ROYAL WOLVERHAMPTON NHS TRUST,NHS ENGLAND MIDLANDS,11462,1615,7277,113,3,790,21260,4243,17017,0.8004233301975541,762,664,1426,5712,0,66,5778,1308,7086,ae_2026_05.csv
2026-05-01,RLQ,WYE VALLEY NHS TRUST,NHS ENGLAND MIDLANDS,6290,816,176,85,0,0,7367,2721,4646,0.6306501968236732,469,174,643,1440,0,0,1440,148,1588,ae_2026_05.csv
2026-05-01,RLT,GEORGE ELIOT HOSPITAL NHS TRUST,NHS ENGLAND MIDLANDS,7575,0,1782,0,0,0,9357,1023,8334,0.8906700865662072,368,103,471,1254,0,0,1254,0,1254,ae_2026_05.csv
2026-05-01,RM1,NORFOLK AND NORWICH UNIVERSITY HOSPITALS NHS FOUNDATION TRUST,NHS ENGLAND EAST OF ENGLAND,13719,0,8166,0,0,0,21885,4056,17829,0.8146675805346127,733,270,1003,2429,0,0,2429,1580,4009,ae_2026_05.csv
2026-05-01,RM3,NORTHERN CARE ALLIANCE NHS FOUNDATION TRUST,NHS ENGLAND NORTH WEST,27206,0,9569,0,0,0,36775,9731,27044,0.7353908905506458,844,1251,2095,7645,0,256,7901,2502,10403,ae_2026_05.csv
2026-05-01,RMC,BOLTON NHS FOUNDATION TRUST,NHS ENGLAND NORTH WEST,8747,0,3964,10,0,7,12728,3979,8749,0.6873821495914519,505,516,1021,2504,0,134,2638,908,3546,ae_2026_05.csv
2026-05-01,RMP,TAMESIDE AND GLOSSOP INTEGRATED CARE NHS FOUNDATION TRUST,NHS ENGLAND NORTH WEST,8884,0,2313,504,0,144,11845,4457,7388,0.62372308991135506,419,580,999,1670,0,0,1670,261,1931,ae_2026_05.csv
2026-05-01,RN3,GREAT WESTERN HOSPITALS NHS FOUNDATION TRUST,NHS ENGLAND SOUTH WEST,7828,0,4399,0,0,0,12227,4132,8095,0.6620593767890733,707,443,1150,2708,0,0,2708,1182,3890,ae_2026_05.csv
2026-05-01,RN5,HAMPSHIRE HOSPITALS NHS FOUNDATION TRUST,NHS ENGLAND SOUTH EAST,10007,54,4873,0,0,102,15036,5702,9334,0.6207768023410482,334,33,367,3597,11,35,3643,942,4585,ae_2026_05.csv
2026-05-01,RN7,DARTFORD AND GRAVESHAM NHS TRUST,NHS ENGLAND SOUTH EAST,11706,0,3962,0,0,0,15668,2804,12864,0.8210365075312739,490,409,899,3829,0,0,3829,293,4122,ae_2026_05.csv
2026-05-01,RNA,THE DUDLEY GROUP NHS FOUNDATION TRUST,NHS ENGLAND MIDLANDS,10412,0,3921,0,0,670,15003,2879,12124,0.8081050456575352,636,327,963,3338,0,0,3338,2446,5784,ae_2026_05.csv
2026-05-01,RNN,NORTH CUMBRIA INTEGRATED CARE NHS FOUNDATION TRUST,NHS ENGLAND NORTH EAST AND YORKSHIRE,9204,0,2231,273,0,32,11740,4092,7648,0.6514480408858603,638,355,993,2212,0,0,2212,387,2599,ae_2026_05.csv
2026-05-01,RNQ,KETTERING GENERAL HOSPITAL NHS FOUNDATION TRUST,NHS ENGLAND MIDLANDS,10941,0,8963,0,0,0,19904,3913,15991,0.8034063504823151,432,773,1205,1894,0,0,1894,274,2168,ae_2026_05.csv
2026-05-01,RNS,NORTHAMPTON GENERAL HOSPITAL NHS TRUST,NHS ENGLAND MIDLANDS,11247,672,2087,0,0,0,14006,3727,10279,0.7338997572468942,450,833,1283,2341,0,0,2341,445,2786,ae_2026_05.csv
2026-05-01,RNU,OXFORD HEALTH NHS FOUNDATION TRUST,NHS ENGLAND SOUTH EAST,0,0,4709,0,0,0,4709,449,4260,0.9046506689318327,0,0,0,0,0,0,0,0,0,ae_2026_05.csv
2026-05-01,RNZ,SALISBURY NHS FOUNDATION TRUST,NHS ENGLAND SOUTH WEST,4589,315,2353,309,0,0,7566,2043,5523,0.7299762093576526,379,213,592,1282,0,0,1282,946,2228,ae_2026_05.csv
2026-05-01,RP5,DONCASTER AND BASSETLAW TEACHING HOSPITALS NHS FOUNDATION TRUST,NHS ENGLAND NORTH EAST AND YORKSHIRE,14560,0,4293,0,0,0,18853,5446,13407,0.7111335066037235,1282,177,1459,3752,0,498,4250,926,5176,ae_2026_05.csv
2026-05-01,RP6,MOORFIELDS EYE HOSPITAL NHS FOUNDATION TRUST,NHS ENGLAND LONDON,0,6494,0,0,0,0,6494,261,6233,0.959809054511857,0,0,0,0,1,0,1,245,246,ae_2026_05.csv
2026-05-01,RPA,MEDWAY NHS FOUNDATION TRUST,NHS ENGLAND SOUTH EAST,9666,0,6340,290,0,852,17148,3935,13213,0.7705271751807791,289,845,1134,1716,0,0,1716,487,2203,ae_2026_05.csv
2026-05-01,RPC,QUEEN VICTORIA HOSPITAL NHS FOUNDATION TRUST,NHS ENGLAND SOUTH EAST,0,0,1440,0,0,0,1440,15,1425,0.9895833333333334,0,0,0,0,0,10,10,597,607,ae_2026_05.csv
2026-05-01,RQ3,BIRMINGHAM WOMEN'S AND CHILDREN'S NHS FOUNDATION TRUST,NHS ENGLAND MIDLANDS,5133,0,1002,0,0,0,6135,712,5423,0.8839445802770987,10,0,10,547,0,0,547,219,766,ae_2026_05.csv
2026-05-01,RQM,CHELSEA AND WESTMINSTER HOSPITAL NHS FOUNDATION TRUST,NHS ENGLAND LONDON,20856,0,7092,632,0,0,28580,6413,22167,0.7756123163051085,923,53,976,3087,0,0,3087,286,3373,ae_2026_05.csv
2026-05-01,RQW,THE PRINCESS ALEXANDRA HOSPITAL NHS TRUST,NHS ENGLAND EAST OF ENGLAND,9139,0,1867,0,0,484,11490,2220,9270,0.8067885117493473,465,239,704,1760,0,1,1761,365,2126,ae_2026_05.csv
2026-05-01,RQX,HOMERTON HEALTHCARE NHS FOUNDATION TRUST,NHS ENGLAND LONDON,11679,0,0,0,0,0,11679,2404,9275,0.7941604589434027,225,8,233,1743,0,0,1743,276,2019,ae_2026_05.csv
2026-05-01,RR7,GATESHEAD HEALTH NHS FOUNDATION TRUST,NHS ENGLAND NORTH EAST AND YORKSHIRE,5863,0,4755,1,0,0,10619,2726,7893,0.7432903286561823,900,3,903,1827,0,0,1827,41,1868,ae_2026_05.csv
2026-05-01,RR8,LEEDS TEACHING HOSPITALS NHS TRUST,NHS ENGLAND NORTH EAST AND YORKSHIRE,19105,721,10968,77,0,436,31307,7400,23907,0.763631136806465,1680,430,2110,3795,0,0,3795,1107,4902,ae_2026_05.csv
2026-05-01,RRF,"WRIGHTINGTON, WIGAN AND LEIGH TEACHING HOSPITALS NHS FOUNDATION TRUST",NHS ENGLAND NORTH WEST,6642,0,5994,0,0,0,12636,3092,9544,0.7553023108578664,356,179,535,2538,0,0,2538,525,3063,ae_2026_05.csv
2026-05-01,RRK,UNIVERSITY HOSPITALS BIRMINGHAM NHS FOUNDATION TRUST,NHS ENGLAND MIDLANDS,36269,429,13723,0,0,216,50637,14777,35860,0.7081778146414677,1638,2620,4258,10492,0,0,10492,7421,17913,ae_2026_05.csv
2026-05-01,RRV,UNIVERSITY COLLEGE LONDON HOSPITALS NHS FOUNDATION TRUST,NHS ENGLAND LONDON,13648,0,0,507,0,0,14155,2989,11166,0.7888378664782763,299,77,376,1512,0,0,1512,404,1916,ae_2026_05.csv
2026-05-01,RTD,THE NEWCASTLE UPON TYNE HOSPITALS NHS FOUNDATION TRUST,NHS ENGLAND NORTH EAST AND YORKSHIRE,12691,1659,8886,0,0,1531,24767,5824,18943,0.764848386966528,440,11,451,3934,20,0,3954,2975,6929,ae_2026_05.csv
2026-05-01,RTE,GLOUCESTERSHIRE HOSPITALS NHS FOUNDATION TRUST,NHS ENGLAND SOUTH WEST,14498,0,0,0,0,0,14498,5241,9257,0.638501862325838,265,539,804,2580,0,0,2580,3008,5588,ae_2026_05.csv
2026-05-01,RTF,NORTHUMBRIA HEALTHCARE NHS FOUNDATION TRUST,NHS ENGLAND NORTH EAST AND YORKSHIRE,10691,0,14240,0,0,0,24931,2242,22689,0.9100717981629297,9,0,9,4475,0,15,4490,490,4980,ae_2026_05.csv
2026-05-01,RTG,UNIVERSITY HOSPITALS OF DERBY AND BURTON NHS FOUNDATION TRUST,NHS ENGLAND MIDLANDS,21684,0,9770,1420,0,69,32943,10087,22856,0.6938044501107974,1057,538,1595,4141,0,0,4141,1767,5908,ae_2026_05.csv
2026-05-01,RTH,OXFORD UNIVERSITY HOSPITALS NHS FOUNDATION TRUST,NHS ENGLAND SOUTH EAST,13048,1458,3458,1753,0,207,19924,4211,15713,0.7886468580606304,428,10,438,5371,96,13,5480,4223,9703,ae_2026_05.csv
2026-05-01,RTK,ASHFORD AND ST PETER'S HOSPITALS NHS FOUNDATION TRUST,NHS ENGLAND SOUTH EAST,7954,0,2841,0,0,0,10795,4230,6565,0.6081519221861973,539,432,971,2518,0,0,2518,526,3044,ae_2026_05.csv
2026-05-01,RTP,SURREY AND SUSSEX HEALTHCARE NHS TRUST,NHS ENGLAND SOUTH EAST,10252,0,0,0,0,0,10252,4245,6007,0.5859344518142802,464,657,1121,2954,0,0,2954,899,3853,ae_2026_05.csv
2026-05-01,RTQ,GLOUCESTERSHIRE HEALTH AND CARE NHS FOUNDATION TRUST,NHS ENGLAND SOUTH WEST,0,0,8969,0,0,0,8969,188,8781,0.9790389118073364,0,0,0,0,0,1,1,33,34,ae_2026_05.csv
2026-05-01,RTR,SOUTH TEES HOSPITALS NHS FOUNDATION TRUST,NHS ENGLAND NORTH EAST AND YORKSHIRE,7446,0,9832,0,0,2232,19510,3797,15713,0.8053818554587391,199,10,209,2268,0,412,2680,2238,4918,ae_2026_05.csv
2026-05-01,RTX,UNIVERSITY HOSPITALS OF MORECAMBE BAY NHS FOUNDATION TRUST,NHS ENGLAND NORTH WEST,9293,0,3058,143,0,2291,14785,4055,10730,0.7257355427798444,661,599,1260,3231,0,19,3250,926,4176,ae_2026_05.csv
2026-05-01,RV9,HUMBER TEACHING NHS FOUNDATION TRUST,NHS ENGLAND NORTH EAST AND YORKSHIRE,0,0,1218,0,0,59,1277,9,1268,0.9929522317932654,0,0,0,0,0,0,0,0,0,ae_2026_05.csv
2026-05-01,RVJ,NORTH BRISTOL NHS TRUST,NHS ENGLAND SOUTH WEST,9890,0,0,0,0,0,9890,3579,6311,0.6381193124368049,555,301,856,3134,0,0,3134,2122,5256,ae_2026_05.csv
2026-05-01,RVR,EPSOM AND ST HELIER UNIVERSITY HOSPITALS NHS TRUST,NHS ENGLAND LONDON,10226,0,3519,0,0,0,13745,5347,8398,0.6109858130229174,545,818,1363,2052,0,0,2052,406,2458,ae_2026_05.csv
2026-05-01,RVV,EAST KENT HOSPITALS UNIVERSITY NHS FOUNDATION TRUST,NHS ENGLAND SOUTH EAST,14083,0,13117,0,0,0,27200,6463,20737,0.7623897058823529,745,981,1726,3139,0,609,3748,504,4252,ae_2026_05.csv
2026-05-01,RVW,NORTH TEES AND HARTLEPOOL NHS FOUNDATION TRUST,NHS ENGLAND NORTH EAST AND YORKSHIRE,5073,0,11724,0,0,0,16797,2465,14332,0.8532476037387628,110,1,111,1650,0,442,2092,2345,4437,ae_2026_05.csv
2026-05-01,RW1,HAMPSHIRE AND ISLE OF WIGHT HEALTHCARE NHS FOUNDATION TRUST,NHS ENGLAND SOUTH EAST,0,0,3081,0,0,0,3081,71,3010,0.9769555339175592,0,0,0,0,0,0,0,130,130,ae_2026_05.csv
2026-05-01,RW4,MERSEY CARE NHS FOUNDATION TRUST,NHS ENGLAND NORTH WEST,0,0,14568,0,0,0,14568,308,14260,0.9788577704557935,0,0,0,0,0,0,0,35,35,ae_2026_05.csv
2026-05-01,RWA,HULL UNIVERSITY TEACHING HOSPITALS NHS TRUST,NHS ENGLAND NORTH EAST AND YORKSHIRE,10192,0,4229,0,0,0,14421,5671,8750,0.6067540392483184,957,459,1416,3765,0,0,3765,2003,5768,ae_2026_05.csv
2026-05-01,RWD,UNITED LINCOLNSHIRE TEACHING HOSPITALS NHS TRUST,NHS ENGLAND MIDLANDS,18995,0,4399,0,0,0,23394,5601,17793,0.7605796358040523,716,990,1706,4961,0,0,4961,962,5923,ae_2026_05.csv
2026-05-01,RWE,UNIVERSITY HOSPITALS OF LEICESTER NHS TRUST,NHS ENGLAND MIDLANDS,23718,2056,0,0,0,0,25774,9495,16279,0.63160549390859,1178,965,2143,7004,4,0,7008,3529,10537,ae_2026_05.csv
2026-05-01,RWF,MAIDSTONE AND TUNBRIDGE WELLS NHS TRUST,NHS ENGLAND SOUTH EAST,19109,0,2021,812,0,122,22064,4273,17791,0.8063361131254533,925,287,1212,2222,0,0,2222,604,2826,ae_2026_05.csv
2026-05-01,RWG,WEST HERTFORDSHIRE TEACHING HOSPITALS NHS TRUST,NHS ENGLAND EAST OF ENGLAND,8572,0,8231,0,0,748,17551,2317,15234,0.8679847302148026,747,30,777,4844,0,0,4844,586,5430,ae_2026_05.csv
2026-05-01,RWH,EAST AND NORTH HERTFORDSHIRE TEACHING NHS TRUST,NHS ENGLAND EAST OF ENGLAND,9263,0,8964,0,0,0,18227,4720,13507,0.7410435068853898,466,158,624,2269,0,2,2271,433,2704,ae_2026_05.csv
2026-05-01,RWJ,STOCKPORT NHS FOUNDATION TRUST,NHS ENGLAND NORTH WEST,8296,0,927,385,0,1473,11081,3592,7489,0.6758415305477845,620,180,800,2638,0,56,2694,942,3636,ae_2026_05.csv
2026-05-01,RWP,WORCESTERSHIRE ACUTE HOSPITALS NHS TRUST,NHS ENGLAND MIDLANDS,14882,0,6467,0,0,0,21349,6008,15341,0.718581666588599,802,915,1717,3257,0,0,3257,900,4157,ae_2026_05.csv
2026-05-01,RWW,NORTH CHESHIRE AND MERSEY NHS FOUNDATION TRUST,NHS ENGLAND NORTH WEST,6999,0,6155,315,0,417,13886,3441,10445,0.7521964568630275,623,770,1393,1854,0,0,1854,145,1999,ae_2026_05.csv
2026-05-01,RWX,BERKSHIRE HEALTHCARE NHS FOUNDATION TRUST,NHS ENGLAND SOUTH EAST,0,0,1509,0,0,0,1509,23,1486,0.9847581179589132,0,0,0,0,0,37,37,0,37,ae_2026_05.csv
2026-05-01,RWY,CALDERDALE AND HUDDERSFIELD NHS FOUNDATION TRUST,NHS ENGLAND NORTH EAST AND YORKSHIRE,16449,0,0,0,0,0,16449,2721,13728,0.8345796097027175,989,28,1017,3023,0,0,3023,187,3210,ae_2026_05.csv
2026-05-01,RX1,NOTTINGHAM UNIVERSITY HOSPITALS NHS TRUST,NHS ENGLAND MIDLANDS,13270,1955,10124,0,0,343,25692,8653,17039,0.6632025533239919,158,1142,1300,3636,0,1069,4705,3978,8683,ae_2026_05.csv
2026-05-01,RXC,EAST SUSSEX HEALTHCARE NHS TRUST,NHS ENGLAND SOUTH EAST,9759,0,2517,1948,0,1714,15938,4312,11626,0.7294516250470573,288,183,471,2558,0,0,2558,482,3040,ae_2026_05.csv
2026-05-01,RXF,MID YORKSHIRE TEACHING NHS TRUST,NHS ENGLAND NORTH EAST AND YORKSHIRE,17010,125,6925,124,0,77,24261,6585,17676,0.728576728082107,2043,576,2619,3404,0,178,3582,779,4361,ae_2026_05.csv
2026-05-01,RXG,SOUTH WEST YORKSHIRE PARTNERSHIP NHS FOUNDATION TRUST,NHS ENGLAND NORTH EAST AND YORKSHIRE,0,0,0,0,0,0,0,0,0,NA,0,0,0,0,0,0,0,132,132,ae_2026_05.csv
2026-05-01,RXK,SANDWELL AND WEST BIRMINGHAM HOSPITALS NHS TRUST,NHS ENGLAND MIDLANDS,11768,1086,8725,371,0,0,21950,5193,16757,0.7634168564920273,825,269,1094,2735,0,29,2764,78,2842,ae_2026_05.csv
2026-05-01,RXL,BLACKPOOL TEACHING HOSPITALS NHS FOUNDATION TRUST,NHS ENGLAND NORTH WEST,8656,0,10473,310,0,493,19932,4090,15842,0.7948023279149107,600,313,913,1865,0,0,1865,2270,4135,ae_2026_05.csv
2026-05-01,RXN,LANCASHIRE TEACHING HOSPITALS NHS FOUNDATION TRUST,NHS ENGLAND NORTH WEST,12880,0,3420,176,0,94,16570,4896,11674,0.7045262522631262,1170,403,1573,3134,0,92,3226,1115,4341,ae_2026_05.csv
2026-05-01,RXP,COUNTY DURHAM AND DARLINGTON NHS FOUNDATION TRUST,NHS ENGLAND NORTH EAST AND YORKSHIRE,13106,0,4142,0,0,7910,25158,5199,19959,0.7933460529453852,1694,18,1712,4473,0,0,4473,826,5299,ae_2026_05.csv
2026-05-01,RXQ,BUCKINGHAMSHIRE HEALTHCARE NHS TRUST,NHS ENGLAND SOUTH EAST,9955,1219,3210,0,0,0,14384,4108,10276,0.71440489432703,245,137,382,3155,911,0,4066,1219,5285,ae_2026_05.csv
2026-05-01,RXR,EAST LANCASHIRE HOSPITALS NHS TRUST,NHS ENGLAND NORTH WEST,14439,0,11946,0,0,0,26385,5306,21079,0.7989008906575706,286,1112,1398,4122,0,91,4213,1665,5878,ae_2026_05.csv
2026-05-01,RXW,THE SHREWSBURY AND TELFORD HOSPITAL NHS TRUST,NHS ENGLAND MIDLANDS,11572,0,2504,0,0,0,14076,6618,7458,0.5298380221653879,823,949,1772,3609,0,168,3777,2062,5839,ae_2026_05.csv
2026-05-01,RY4,HERTFORDSHIRE COMMUNITY NHS TRUST,NHS ENGLAND EAST OF ENGLAND,0,0,1015,0,0,0,1015,67,948,0.9339901477832512,0,0,0,0,0,0,0,0,0,ae_2026_05.csv
2026-05-01,RY5,LINCOLNSHIRE COMMUNITY HEALTH SERVICES NHS TRUST,NHS ENGLAND MIDLANDS,0,0,9261,0,0,0,9261,103,9158,0.9888780909189072,0,0,0,0,0,0,0,0,0,ae_2026_05.csv
2026-05-01,RY7,WIRRAL COMMUNITY HEALTH AND CARE NHS FOUNDATION TRUST,NHS ENGLAND NORTH WEST,0,0,4005,0,0,0,4005,182,3823,0.9545568039950062,0,0,0,0,0,0,0,0,0,ae_2026_05.csv
2026-05-01,RY8,DERBYSHIRE COMMUNITY HEALTH SERVICES NHS FOUNDATION TRUST,NHS ENGLAND MIDLANDS,0,0,7767,0,0,1477,9244,320,8924,0.9653829511034184,0,0,0,0,0,0,0,0,0,ae_2026_05.csv
2026-05-01,RYF,SOUTH WESTERN AMBULANCE SERVICE NHS FOUNDATION TRUST,NHS ENGLAND SOUTH WEST,0,0,2179,0,0,43,2222,42,2180,0.9810981098109811,0,0,0,0,0,0,0,0,0,ae_2026_05.csv
2026-05-01,RYG,COVENTRY AND WARWICKSHIRE PARTNERSHIP NHS TRUST,NHS ENGLAND MIDLANDS,0,0,0,0,0,0,0,0,0,NA,0,0,0,0,0,7,7,31,38,ae_2026_05.csv
2026-05-01,RYJ,IMPERIAL COLLEGE HEALTHCARE NHS TRUST,NHS ENGLAND LONDON,12311,4110,7633,0,0,581,24635,5411,19224,0.7803531560787498,591,0,591,3768,2,0,3770,1064,4834,ae_2026_05.csv
2026-05-01,RYR,UNIVERSITY HOSPITALS SUSSEX NHS FOUNDATION TRUST,NHS ENGLAND SOUTH EAST,28760,1544,1574,1628,0,586,34092,12047,22045,0.6466326410888185,664,890,1554,8453,31,23,8507,1687,10194,ae_2026_05.csv
2026-05-01,RYX,CENTRAL LONDON COMMUNITY HEALTHCARE NHS TRUST,NHS ENGLAND LONDON,0,0,13237,0,0,664,13901,336,13565,0.9758290770448169,0,0,0,0,0,0,0,0,0,ae_2026_05.csv
2026-05-01,RYY,KENT COMMUNITY HEALTH NHS FOUNDATION TRUST,NHS ENGLAND SOUTH EAST,0,0,6909,0,0,0,6909,19,6890,0.9972499638153134,0,0,0,0,0,0,0,0,0,ae_2026_05.csv
2026-05-01,Y02428,PUTNOE WALK IN CENTRE,NHS ENGLAND EAST OF ENGLAND,0,0,2744,0,0,0,2744,0,2744,1,0,0,0,0,0,0,0,0,0,ae_2026_05.csv
2026-05-01,Y02532,MIRIAM MINOR EMERGENCY,NHS ENGLAND NORTH WEST,0,0,1665,0,0,0,1665,8,1657,0.9951951951951952,0,0,0,0,0,0,0,0,0,ae_2026_05.csv
2026-05-01,Y02676,BRIGHTON STATION HEALTH CENTRE,NHS ENGLAND SOUTH EAST,0,0,1895,0,0,0,1895,0,1895,1,0,0,0,0,0,0,0,0,0,ae_2026_05.csv
2026-06-01,AAH,TETBURY HOSPITAL TRUST LTD,NHS ENGLAND SOUTH WEST,0,0,744,0,0,0,744,0,744,1,0,0,0,0,0,0,0,0,0,ae_2026_06.csv
2026-06-01,ACH01,WHITSTABLE MEDICAL PRACTICE,NHS ENGLAND SOUTH EAST,0,0,4999,0,0,0,4999,0,4999,1,0,0,0,0,0,0,0,0,0,ae_2026_06.csv
2026-06-01,AD913,BECKENHAM BEACON UCC,NHS ENGLAND LONDON,0,0,3577,0,0,188,3765,9,3756,0.9976095617529881,0,0,0,0,0,0,0,0,0,ae_2026_06.csv
2026-06-01,AJN,WORKINGTON HEALTH LIMITED,NHS ENGLAND NORTH EAST AND YORKSHIRE,0,0,476,0,0,0,476,0,476,1,0,0,0,0,0,0,0,0,0,ae_2026_06.csv
2026-06-01,AQM01,FAVERSHAM MEDICAL PRACTICE MIU,NHS ENGLAND SOUTH EAST,0,0,2781,0,0,0,2781,0,2781,1,0,0,0,0,0,0,0,0,0,ae_2026_06.csv
2026-06-01,AQN04,PHL LYMINGTON UTC,NHS ENGLAND SOUTH EAST,0,0,3396,0,0,10,3406,81,3325,0.9762184380504991,0,0,0,0,0,0,0,0,0,ae_2026_06.csv
2026-06-01,ARN03,LOCAL CARE DIRECT,NHS ENGLAND NORTH EAST AND YORKSHIRE,0,0,2311,0,0,197,2508,9,2499,0.9964114832535885,0,0,0,0,0,0,0,0,0,ae_2026_06.csv
2026-06-01,C82009,MARKET HARBOROUGH MED.CTR,NHS ENGLAND MIDLANDS,0,0,307,0,0,0,307,0,307,1,0,0,0,0,0,0,0,0,0,ae_2026_06.csv
2026-06-01,C82038,LATHAM HOUSE MEDICAL PRACTICE,NHS ENGLAND MIDLANDS,0,0,441,0,0,0,441,0,441,1,0,0,0,0,0,0,0,0,0,ae_2026_06.csv
2026-06-01,C83023,SLEAFORD MEDICAL GROUP,NHS ENGLAND MIDLANDS,0,0,448,0,0,0,448,0,448,1,0,0,0,0,0,0,0,4,4,ae_2026_06.csv
2026-06-01,DJV01,HERNE BAY HEALTH CARE LTD,NHS ENGLAND SOUTH EAST,0,0,2696,0,0,0,2696,0,2696,1,0,0,0,0,0,0,0,0,0,ae_2026_06.csv
2026-06-01,DT301,HERTS URGENT CARE (ASCOTS LANE),NHS ENGLAND EAST OF ENGLAND,0,0,2286,0,0,0,2286,197,2089,0.9138232720909887,0,0,0,0,0,0,0,0,0,ae_2026_06.csv
2026-06-01,G0Q0L,BARKING HOSPITAL UTC,NHS ENGLAND LONDON,0,0,3016,0,0,0,3016,27,2989,0.9910477453580901,0,0,0,0,0,0,0,0,0,ae_2026_06.csv
2026-06-01,G3P9C,TROWBRIDGE MINOR INJURIES UNIT,NHS ENGLAND SOUTH WEST,0,0,1560,0,0,0,1560,27,1533,0.9826923076923076,0,0,0,0,0,0,0,0,0,ae_2026_06.csv
2026-06-01,K6K0R,HAROLD WOOD POLYCLINIC UTC,NHS ENGLAND LONDON,0,0,2839,0,0,0,2839,18,2821,0.9936597393448398,0,0,0,0,0,0,0,0,0,ae_2026_06.csv
2026-06-01,L83087,OKEHAMPTON MEDICAL CENTRE,NHS ENGLAND SOUTH WEST,0,0,92,0,0,0,92,0,92,1,0,0,0,0,0,0,0,0,0,ae_2026_06.csv
2026-06-01,NDJ,FIRST COMMUNITY HEALTH AND CARE CIC,NHS ENGLAND SOUTH EAST,0,0,2562,0,0,0,2562,60,2502,0.9765807962529274,0,0,0,0,0,0,0,0,0,ae_2026_06.csv
2026-06-01,NLX,SIRONA CARE & HEALTH,NHS ENGLAND SOUTH WEST,0,0,9609,0,0,315,9924,465,9459,0.9531438935912938,0,0,0,0,0,0,0,0,0,ae_2026_06.csv
2026-06-01,NNF09,BRANSHOLME HEALTH CENTRE,NHS ENGLAND NORTH EAST AND YORKSHIRE,0,0,3749,0,0,0,3749,591,3158,0.8423579621232329,0,0,0,0,0,0,0,0,0,ae_2026_06.csv
2026-06-01,NNF16,BRIDLINGTON HOSPITAL,NHS ENGLAND NORTH EAST AND YORKSHIRE,0,0,1781,0,0,0,1781,66,1715,0.9629421673217293,0,0,0,0,0,0,0,0,0,ae_2026_06.csv
2026-06-01,NNF94,EAST RIDING COMMUNITY HOSPITAL,NHS ENGLAND NORTH EAST AND YORKSHIRE,0,0,2741,0,0,0,2741,217,2524,0.9208318132068588,0,0,0,0,0,0,0,0,0,ae_2026_06.csv
2026-06-01,NNFA7,GOOLE & DISTRICT HOSPITAL,NHS ENGLAND NORTH EAST AND YORKSHIRE,0,0,1860,0,0,0,1860,63,1797,0.9661290322580646,0,0,0,0,0,0,0,0,0,ae_2026_06.csv
2026-06-01,NNJ,DHU HEALTH CARE C.I.C,NHS ENGLAND MIDLANDS,0,0,1934,0,0,0,1934,1,1933,0.999482936918304,0,0,0,0,0,0,0,0,0,ae_2026_06.csv
2026-06-01,NNJ07,LOUGHBOROUGH URGENT CARE CENTRE,NHS ENGLAND MIDLANDS,0,0,5388,0,0,2317,7705,30,7675,0.9961064243997404,0,0,0,0,0,0,0,0,0,ae_2026_06.csv
2026-06-01,NNJ0H,LLR EA - THE MERLYN VAZ HEALTH & SOCIAL CARE CENTRE,NHS ENGLAND MIDLANDS,0,0,175,0,0,2421,2596,7,2589,0.9973035439137135,0,0,0,0,0,0,0,0,0,ae_2026_06.csv
2026-06-01,NNJ10,ENDERBY LEISURE CENTRE,NHS ENGLAND MIDLANDS,0,0,0,0,0,324,324,0,324,1,0,0,0,0,0,0,0,0,0,ae_2026_06.csv
2026-06-01,NNJ11,LUTTERWORTH HOSPITAL,NHS ENGLAND MIDLANDS,0,0,0,0,0,107,107,0,107,1,0,0,0,0,0,0,0,0,0,ae_2026_06.csv
2026-06-01,NNJ12,MARKET HARBOROUGH,NHS ENGLAND MIDLANDS,0,0,0,0,0,260,260,0,260,1,0,0,0,0,0,0,0,0,0,ae_2026_06.csv
2026-06-01,NNJ13,MELTON MOWBRAY,NHS ENGLAND MIDLANDS,0,0,0,0,0,372,372,0,372,1,0,0,0,0,0,0,0,0,0,ae_2026_06.csv
2026-06-01,NNJ14,OADBY,NHS ENGLAND MIDLANDS,0,0,541,0,0,2412,2953,7,2946,0.9976295292922451,0,0,0,0,0,0,0,0,0,ae_2026_06.csv
2026-06-01,NNJ15,RUTLAND MINOR ILLNESS AND INJURY SERVICE (FORMERLY WLHH PRE-APRIL 2026),NHS ENGLAND MIDLANDS,0,0,0,0,0,624,624,1,623,0.9983974358974359,0,0,0,0,0,0,0,0,0,ae_2026_06.csv
2026-06-01,NQT1I,CHIPPENHAM COMMUNITY HOSPITAL,NHS ENGLAND SOUTH WEST,0,0,1910,0,0,0,1910,57,1853,0.9701570680628272,0,0,0,0,0,0,0,0,0,ae_2026_06.csv
2026-06-01,NQT5F,SKELMERSDALE WALK IN CENTRE,NHS ENGLAND NORTH WEST,0,0,1547,0,0,0,1547,4,1543,0.9974143503555268,0,0,0,0,0,0,0,0,0,ae_2026_06.csv
2026-06-01,NQT5H,PAULTON MEMORIAL HOSPITAL,NHS ENGLAND SOUTH WEST,0,0,1043,0,0,0,1043,5,1038,0.9952061361457335,0,0,0,0,0,0,0,0,0,ae_2026_06.csv
2026-06-01,NTP11,PRACTICE PLUS GROUP HOSPITAL - SOUTHAMPTON,NHS ENGLAND SOUTH EAST,0,0,5634,0,0,0,5634,175,5459,0.9689385871494498,0,0,0,0,0,0,0,0,0,ae_2026_06.csv
2026-06-01,NTPAD,PRACTICE PLUS GROUP SURGICAL CENTRE - ST MARYS PORTSMOUTH,NHS ENGLAND SOUTH EAST,0,0,5421,0,0,265,5686,154,5532,0.9729159338726697,0,0,0,0,0,0,0,0,0,ae_2026_06.csv
2026-06-01,NTV0B,ASHFORD WALK-IN-CENTRE,NHS ENGLAND SOUTH EAST,0,0,2472,0,0,0,2472,123,2349,0.9502427184466019,0,0,0,0,0,0,0,0,0,ae_2026_06.csv
2026-06-01,NTV0W,WOKING WALK IN CENTRE,NHS ENGLAND SOUTH EAST,0,0,2680,0,0,0,2680,131,2549,0.9511194029850746,0,0,0,0,0,0,0,0,0,ae_2026_06.csv
2026-06-01,NV693,ROSSENDALE MIU & OOH,NHS ENGLAND NORTH WEST,0,0,1137,0,0,0,1137,2,1135,0.9982409850483729,0,0,0,0,0,0,0,0,0,ae_2026_06.csv
2026-06-01,NVE43,HASTINGS GP LED HEALTH CENTRE,NHS ENGLAND SOUTH EAST,0,0,1321,0,0,0,1321,0,1321,1,0,0,0,0,0,0,0,0,0,ae_2026_06.csv
2026-06-01,R0A,MANCHESTER UNIVERSITY NHS FOUNDATION TRUST,NHS ENGLAND NORTH WEST,28237,3491,12217,3168,515,677,48305,13080,35225,0.7292205775799606,3584,103,3687,5831,115,101,6047,446,6493,ae_2026_06.csv
2026-06-01,R0B,SOUTH TYNESIDE AND SUNDERLAND NHS FOUNDATION TRUST,NHS ENGLAND NORTH EAST AND YORKSHIRE,11749,1519,6329,1200,0,1758,22555,5354,17201,0.7626246951895367,310,1,311,4836,38,0,4874,1281,6155,ae_2026_06.csv
2026-06-01,R0D,UNIVERSITY HOSPITALS DORSET NHS FOUNDATION TRUST,NHS ENGLAND SOUTH WEST,15936,0,4484,0,0,0,20420,6089,14331,0.7018119490695397,1080,399,1479,4199,7,0,4206,2628,6834,ae_2026_06.csv
2026-06-01,R1D,SHROPSHIRE COMMUNITY HEALTH NHS TRUST,NHS ENGLAND MIDLANDS,0,0,3940,0,0,0,3940,98,3842,0.9751269035532995,0,0,0,0,0,0,0,0,0,ae_2026_06.csv
2026-06-01,R1F,ISLE OF WIGHT NHS TRUST,NHS ENGLAND SOUTH EAST,4248,241,1691,22,0,14,6216,1474,4742,0.7628700128700129,272,251,523,1410,0,0,1410,82,1492,ae_2026_06.csv
2026-06-01,R1H,BARTS HEALTH NHS TRUST,NHS ENGLAND LONDON,26847,987,18586,0,0,0,46420,12386,34034,0.7331753554502369,1046,1112,2158,4190,1,28,4219,1297,5516,ae_2026_06.csv
2026-06-01,R1K,LONDON NORTH WEST UNIVERSITY HEALTHCARE NHS TRUST,NHS ENGLAND LONDON,14313,0,16507,0,0,0,30820,6743,24077,0.7812134977287476,577,473,1050,6517,0,0,6517,85,6602,ae_2026_06.csv
2026-06-01,RA2,ROYAL SURREY NHS FOUNDATION TRUST,NHS ENGLAND SOUTH EAST,6921,0,2449,803,0,87,10260,2555,7705,0.7509746588693957,510,13,523,2360,0,0,2360,1141,3501,ae_2026_06.csv
2026-06-01,RA7,UNIVERSITY HOSPITALS BRISTOL AND WESTON NHS FOUNDATION TRUST,NHS ENGLAND SOUTH WEST,16168,2583,0,0,0,0,18751,5626,13125,0.6999626686576715,1064,498,1562,4981,6,0,4987,1432,6419,ae_2026_06.csv
2026-06-01,RA9,TORBAY AND SOUTH DEVON NHS FOUNDATION TRUST,NHS ENGLAND SOUTH WEST,7215,0,4064,0,0,0,11279,3917,7362,0.6527174394893164,327,140,467,1551,0,4,1555,445,2000,ae_2026_06.csv
2026-06-01,RAE,BRADFORD TEACHING HOSPITALS NHS FOUNDATION TRUST,NHS ENGLAND NORTH EAST AND YORKSHIRE,9476,1072,3910,0,0,0,14458,2680,11778,0.8146354959192142,638,195,833,2548,0,20,2568,1243,3811,ae_2026_06.csv
2026-06-01,RAJ,MID AND SOUTH ESSEX NHS FOUNDATION TRUST,NHS ENGLAND EAST OF ENGLAND,28151,0,8006,10,0,6,36173,9762,26411,0.7301302076134133,1708,1086,2794,8934,0,183,9117,1137,10254,ae_2026_06.csv
2026-06-01,RAL,ROYAL FREE LONDON NHS FOUNDATION TRUST,NHS ENGLAND LONDON,26821,529,17155,229,4,260,44998,8847,36151,0.8033912618338593,906,1778,2684,6270,1,144,6415,759,7174,ae_2026_06.csv
2026-06-01,RAN,ROYAL NATIONAL ORTHOPAEDIC HOSPITAL NHS TRUST,NHS ENGLAND LONDON,0,0,0,0,0,0,0,0,0,NA,0,0,0,0,0,0,0,16,16,ae_2026_06.csv
2026-06-01,RAS,THE HILLINGDON HOSPITALS NHS FOUNDATION TRUST,NHS ENGLAND LONDON,5581,0,7164,0,0,0,12745,2539,10206,0.8007846214201648,508,48,556,1776,0,0,1776,62,1838,ae_2026_06.csv
2026-06-01,RAT,NORTH EAST LONDON NHS FOUNDATION TRUST,NHS ENGLAND LONDON,0,0,1696,0,0,0,1696,53,1643,0.96875,0,0,0,0,0,0,0,0,0,ae_2026_06.csv
2026-06-01,RAX,KINGSTON AND RICHMOND NHS FOUNDATION TRUST,NHS ENGLAND LONDON,7299,0,8571,0,0,0,15870,4212,11658,0.734593572778828,222,563,785,2695,0,226,2921,698,3619,ae_2026_06.csv
2026-06-01,RBD,DORSET COUNTY HOSPITAL NHS FOUNDATION TRUST,NHS ENGLAND SOUTH WEST,4896,0,0,513,0,4644,10053,2523,7530,0.7490301402566398,220,61,281,1925,0,0,1925,511,2436,ae_2026_06.csv
2026-06-01,RBK,WALSALL HEALTHCARE NHS TRUST,NHS ENGLAND MIDLANDS,9978,0,4385,37,0,143,14543,2434,12109,0.832634257030874,771,94,865,4460,0,0,4460,855,5315,ae_2026_06.csv
2026-06-01,RBL,WIRRAL UNIVERSITY TEACHING HOSPITAL NHS FOUNDATION TRUST,NHS ENGLAND NORTH WEST,8388,0,2737,0,0,175,11300,4362,6938,0.6139823008849558,374,705,1079,2250,0,0,2250,1824,4074,ae_2026_06.csv
2026-06-01,RBN,MERSEY AND WEST LANCASHIRE TEACHING HOSPITALS NHS TRUST,NHS ENGLAND NORTH WEST,17854,0,7390,180,0,0,25424,6976,18448,0.7256135934550031,596,403,999,8042,0,0,8042,987,9029,ae_2026_06.csv
2026-06-01,RBQ,LIVERPOOL HEART AND CHEST HOSPITAL NHS FOUNDATION TRUST,NHS ENGLAND NORTH WEST,0,0,0,0,0,0,0,0,0,NA,0,0,0,0,0,0,0,123,123,ae_2026_06.csv
2026-06-01,RBS,ALDER HEY CHILDREN'S NHS FOUNDATION TRUST,NHS ENGLAND NORTH WEST,6141,0,0,0,0,0,6141,1097,5044,0.8213645985995767,1,0,1,831,0,0,831,256,1087,ae_2026_06.csv
2026-06-01,RBT,MID CHESHIRE HOSPITALS NHS FOUNDATION TRUST,NHS ENGLAND NORTH WEST,7190,0,3674,0,0,118,10982,3950,7032,0.6403205244946276,325,743,1068,2475,0,0,2475,771,3246,ae_2026_06.csv
2026-06-01,RBV,THE CHRISTIE NHS FOUNDATION TRUST,NHS ENGLAND NORTH WEST,0,0,0,0,0,0,0,0,0,NA,0,0,0,0,0,0,0,816,816,ae_2026_06.csv
2026-06-01,RC9,BEDFORDSHIRE HOSPITALS NHS FOUNDATION TRUST,NHS ENGLAND EAST OF ENGLAND,18544,0,8458,0,0,0,27002,6944,20058,0.7428338641582105,83,70,153,5291,0,0,5291,2438,7729,ae_2026_06.csv
2026-06-01,RCB,YORK AND SCARBOROUGH TEACHING HOSPITALS NHS FOUNDATION TRUST,NHS ENGLAND NORTH EAST AND YORKSHIRE,12858,26,6240,0,0,0,19124,6660,12464,0.6517464965488392,387,288,675,3564,0,0,3564,757,4321,ae_2026_06.csv
2026-06-01,RCD,HARROGATE AND DISTRICT NHS FOUNDATION TRUST,NHS ENGLAND NORTH EAST AND YORKSHIRE,5540,0,1740,241,0,17,7538,2141,5397,0.7159724064738657,130,11,141,1193,0,0,1193,275,1468,ae_2026_06.csv
2026-06-01,RCF,AIREDALE NHS FOUNDATION TRUST,NHS ENGLAND NORTH EAST AND YORKSHIRE,6424,251,0,453,0,0,7128,2922,4206,0.5900673400673401,449,203,652,1536,0,0,1536,528,2064,ae_2026_06.csv
2026-06-01,RCU,SHEFFIELD CHILDREN'S NHS FOUNDATION TRUST,NHS ENGLAND NORTH EAST AND YORKSHIRE,4890,0,302,211,0,8,5411,467,4944,0.9136943263722047,15,0,15,1010,0,0,1010,76,1086,ae_2026_06.csv
2026-06-01,RCX,"THE QUEEN ELIZABETH HOSPITAL, KING'S LYNN, NHS FOUNDATION TRUST",NHS ENGLAND EAST OF ENGLAND,6692,0,1212,0,0,0,7904,3055,4849,0.6134868421052632,749,149,898,1886,0,0,1886,373,2259,ae_2026_06.csv
2026-06-01,RD1,ROYAL UNITED HOSPITALS BATH NHS FOUNDATION TRUST,NHS ENGLAND SOUTH WEST,9040,0,0,0,0,0,9040,3819,5221,0.5775442477876106,900,135,1035,2716,0,0,2716,2044,4760,ae_2026_06.csv
2026-06-01,RD8,MILTON KEYNES UNIVERSITY HOSPITAL NHS FOUNDATION TRUST,NHS ENGLAND EAST OF ENGLAND,8710,0,4917,735,0,349,14711,4540,10171,0.6913873971857794,604,0,604,2406,0,0,2406,498,2904,ae_2026_06.csv
2026-06-01,RDE,EAST SUFFOLK AND NORTH ESSEX NHS FOUNDATION TRUST,NHS ENGLAND EAST OF ENGLAND,11828,0,13707,0,0,0,25535,5873,19662,0.77000195809673,883,615,1498,5076,0,1,5077,253,5330,ae_2026_06.csv
2026-06-01,RDR,SUSSEX COMMUNITY NHS FOUNDATION TRUST,NHS ENGLAND SOUTH EAST,0,0,12817,0,0,0,12817,401,12416,0.9687134274791293,0,0,0,0,0,0,0,0,0,ae_2026_06.csv
2026-06-01,RDU,FRIMLEY HEALTH NHS FOUNDATION TRUST,NHS ENGLAND SOUTH EAST,22940,873,11346,0,0,0,35159,9012,26147,0.7436787166870502,999,611,1610,6395,0,0,6395,159,6554,ae_2026_06.csv
2026-06-01,RDY,DORSET HEALTHCARE UNIVERSITY NHS FOUNDATION TRUST,NHS ENGLAND SOUTH WEST,0,0,0,0,0,0,0,0,0,NA,0,0,0,0,0,1,1,2,3,ae_2026_06.csv
2026-06-01,REF,ROYAL CORNWALL HOSPITALS NHS TRUST,NHS ENGLAND SOUTH WEST,7365,0,13715,0,0,0,21080,5313,15767,0.7479601518026565,660,620,1280,2558,0,42,2600,1453,4053,ae_2026_06.csv
2026-06-01,REM,LIVERPOOL UNIVERSITY HOSPITALS NHS FOUNDATION TRUST,NHS ENGLAND NORTH WEST,16419,1959,8172,528,0,0,27078,8757,18321,0.6766009306448039,781,1229,2010,4915,0,0,4915,2514,7429,ae_2026_06.csv
2026-06-01,REP,LIVERPOOL WOMEN'S NHS FOUNDATION TRUST,NHS ENGLAND NORTH WEST,0,1462,0,0,0,0,1462,159,1303,0.8912448700410397,0,0,0,0,107,0,107,17,124,ae_2026_06.csv
2026-06-01,RET,THE WALTON CENTRE NHS FOUNDATION TRUST,NHS ENGLAND NORTH WEST,0,0,0,0,0,0,0,0,0,NA,0,0,0,0,0,0,0,181,181,ae_2026_06.csv
2026-06-01,RF4,"BARKING, HAVERING AND REDBRIDGE UNIVERSITY HOSPITALS NHS TRUST",NHS ENGLAND LONDON,13771,2493,15755,0,0,0,32019,6327,25692,0.8023985758455917,572,659,1231,3692,0,0,3692,2405,6097,ae_2026_06.csv
2026-06-01,RFF,BARNSLEY HOSPITAL NHS FOUNDATION TRUST,NHS ENGLAND NORTH EAST AND YORKSHIRE,10125,0,0,26,0,0,10151,2459,7692,0.7577578563688306,347,20,367,3532,0,0,3532,470,4002,ae_2026_06.csv
2026-06-01,RFR,THE ROTHERHAM NHS FOUNDATION TRUST,NHS ENGLAND NORTH EAST AND YORKSHIRE,10194,0,0,0,0,0,10194,3304,6890,0.6758877771237983,585,3,588,2086,0,0,2086,529,2615,ae_2026_06.csv
2026-06-01,RFS,CHESTERFIELD ROYAL HOSPITAL NHS FOUNDATION TRUST,NHS ENGLAND MIDLANDS,7043,0,5442,0,0,0,12485,3704,8781,0.7033239887865439,744,196,940,2140,0,11,2151,126,2277,ae_2026_06.csv
2026-06-01,RGN,NORTH WEST ANGLIA NHS FOUNDATION TRUST,NHS ENGLAND EAST OF ENGLAND,15532,0,5037,265,0,426,21260,5895,15365,0.7227187206020697,514,762,1276,3902,0,35,3937,1506,5443,ae_2026_06.csv
2026-06-01,RGP,JAMES PAGET UNIVERSITY HOSPITALS NHS FOUNDATION TRUST,NHS ENGLAND EAST OF ENGLAND,7715,0,1769,0,0,0,9484,2571,6913,0.7289118515394348,588,311,899,1580,0,0,1580,459,2039,ae_2026_06.csv
2026-06-01,RGR,WEST SUFFOLK NHS FOUNDATION TRUST,NHS ENGLAND EAST OF ENGLAND,8225,0,990,68,0,0,9283,2372,6911,0.7444791554454379,411,348,759,1708,0,0,1708,346,2054,ae_2026_06.csv
2026-06-01,RGT,CAMBRIDGE UNIVERSITY HOSPITALS NHS FOUNDATION TRUST,NHS ENGLAND EAST OF ENGLAND,12015,0,5849,306,0,287,18457,5930,12527,0.6787126835347023,565,445,1010,2822,0,33,2855,442,3297,ae_2026_06.csv
2026-06-01,RH5,SOMERSET NHS FOUNDATION TRUST,NHS ENGLAND SOUTH WEST,12096,0,9868,0,0,46,22010,6460,15550,0.7064970467969105,611,109,720,3082,0,0,3082,1781,4863,ae_2026_06.csv
2026-06-01,RH8,ROYAL DEVON UNIVERSITY HEALTHCARE NHS FOUNDATION TRUST,NHS ENGLAND SOUTH WEST,13391,0,4667,1382,0,120,19560,6912,12648,0.6466257668711657,1128,256,1384,3198,0,0,3198,1944,5142,ae_2026_06.csv
2026-06-01,RHM,UNIVERSITY HOSPITAL SOUTHAMPTON NHS FOUNDATION TRUST,NHS ENGLAND SOUTH EAST,11607,1044,0,0,0,0,12651,4111,8540,0.6750454509524939,673,22,695,3726,9,0,3735,1775,5510,ae_2026_06.csv
2026-06-01,RHQ,SHEFFIELD TEACHING HOSPITALS NHS FOUNDATION TRUST,NHS ENGLAND NORTH EAST AND YORKSHIRE,9111,1262,7091,380,0,1039,18883,4849,14034,0.7432081766668432,839,18,857,3220,0,0,3220,3468,6688,ae_2026_06.csv
2026-06-01,RHU,PORTSMOUTH HOSPITALS UNIVERSITY NHS TRUST,NHS ENGLAND SOUTH EAST,11703,1076,3691,1782,0,731,18983,5358,13625,0.7177474582521203,772,1112,1884,3233,0,0,3233,2543,5776,ae_2026_06.csv
2026-06-01,RHW,ROYAL BERKSHIRE NHS FOUNDATION TRUST,NHS ENGLAND SOUTH EAST,11235,2833,3320,1553,22,0,18963,4534,14429,0.7609028107366977,734,47,781,2262,0,0,2262,350,2612,ae_2026_06.csv
2026-06-01,RJ1,GUY'S AND ST THOMAS' NHS FOUNDATION TRUST,NHS ENGLAND LONDON,10541,0,7138,0,0,0,17679,4456,13223,0.7479495446575033,160,80,240,2116,0,0,2116,269,2385,ae_2026_06.csv
2026-06-01,RJ2,LEWISHAM AND GREENWICH NHS TRUST,NHS ENGLAND LONDON,16456,0,18040,0,0,860,35356,8602,26754,0.7567032469736396,1095,582,1677,4811,0,0,4811,538,5349,ae_2026_06.csv
2026-06-01,RJ6,CROYDON HEALTH SERVICES NHS TRUST,NHS ENGLAND LONDON,13584,0,4716,0,0,0,18300,5264,13036,0.7123497267759563,250,601,851,1035,0,0,1035,139,1174,ae_2026_06.csv
2026-06-01,RJ7,ST GEORGE'S UNIVERSITY HOSPITALS NHS FOUNDATION TRUST,NHS ENGLAND LONDON,9173,0,4014,342,0,0,13529,3353,10176,0.7521620223224185,389,418,807,1838,0,0,1838,617,2455,ae_2026_06.csv
2026-06-01,RJ8,CORNWALL PARTNERSHIP NHS FOUNDATION TRUST,NHS ENGLAND SOUTH WEST,0,0,0,0,0,0,0,0,0,NA,0,0,0,0,0,15,15,63,78,ae_2026_06.csv
2026-06-01,RJC,SOUTH WARWICKSHIRE UNIVERSITY NHS FOUNDATION TRUST,NHS ENGLAND MIDLANDS,8845,0,443,0,0,0,9288,2115,7173,0.7722868217054264,353,88,441,1773,0,0,1773,627,2400,ae_2026_06.csv
2026-06-01,RJE,UNIVERSITY HOSPITALS OF NORTH MIDLANDS NHS TRUST,NHS ENGLAND MIDLANDS,15729,549,8487,718,0,496,25979,8447,17532,0.6748527656953693,959,909,1868,4768,0,0,4768,1163,5931,ae_2026_06.csv
2026-06-01,RJL,NORTHERN LINCOLNSHIRE AND GOOLE NHS FOUNDATION TRUST,NHS ENGLAND NORTH EAST AND YORKSHIRE,10862,0,6835,0,0,426,18123,5588,12535,0.6916625282789826,493,729,1222,5411,0,0,5411,445,5856,ae_2026_06.csv
2026-06-01,RJN,EAST CHESHIRE NHS TRUST,NHS ENGLAND NORTH WEST,4654,0,0,85,0,87,4826,2335,2491,0.5161624533775383,227,389,616,816,0,0,816,182,998,ae_2026_06.csv
2026-06-01,RJR,COUNTESS OF CHESTER HOSPITAL NHS FOUNDATION TRUST,NHS ENGLAND NORTH WEST,5734,0,2764,0,0,0,8498,2953,5545,0.6525064721110849,430,671,1101,1899,0,0,1899,1190,3089,ae_2026_06.csv
2026-06-01,RJZ,KING'S COLLEGE HOSPITAL NHS FOUNDATION TRUST,NHS ENGLAND LONDON,15650,0,10627,37,0,462,26776,7588,19188,0.7166118912458919,1423,702,2125,3591,0,0,3591,294,3885,ae_2026_06.csv
2026-06-01,RK5,SHERWOOD FOREST HOSPITALS NHS FOUNDATION TRUST,NHS ENGLAND MIDLANDS,11647,0,6030,0,0,0,17677,6450,11227,0.6351190812920744,641,391,1032,3797,0,0,3797,251,4048,ae_2026_06.csv
2026-06-01,RK9,UNIVERSITY HOSPITALS PLYMOUTH NHS TRUST,NHS ENGLAND SOUTH WEST,8899,121,8611,0,0,0,17631,5900,11731,0.6653621462197267,789,322,1111,3107,0,0,3107,1681,4788,ae_2026_06.csv
2026-06-01,RKB,UNIVERSITY HOSPITALS COVENTRY AND WARWICKSHIRE NHS TRUST,NHS ENGLAND MIDLANDS,13134,2571,6114,0,0,0,21819,5409,16410,0.7520967963701362,39,18,57,856,30,36,922,371,1293,ae_2026_06.csv
2026-06-01,RKE,WHITTINGTON HEALTH NHS TRUST,NHS ENGLAND LONDON,9439,0,0,0,0,0,9439,2838,6601,0.6993325564148745,252,276,528,1334,0,0,1334,38,1372,ae_2026_06.csv
2026-06-01,RL1,THE ROBERT JONES AND AGNES HUNT ORTHOPAEDIC HOSPITAL NHS FOUNDATION TRUST,NHS ENGLAND MIDLANDS,0,0,0,0,0,0,0,0,0,NA,0,0,0,0,0,0,0,43,43,ae_2026_06.csv
2026-06-01,RL4,THE ROYAL WOLVERHAMPTON NHS TRUST,NHS ENGLAND MIDLANDS,11370,1732,7267,138,1,683,21191,4140,17051,0.8046340427539993,658,744,1402,6026,0,65,6091,827,6918,ae_2026_06.csv
2026-06-01,RLQ,WYE VALLEY NHS TRUST,NHS ENGLAND MIDLANDS,6476,892,213,119,0,0,7700,2882,4818,0.6257142857142857,459,178,637,1386,0,0,1386,166,1552,ae_2026_06.csv
2026-06-01,RLT,GEORGE ELIOT HOSPITAL NHS TRUST,NHS ENGLAND MIDLANDS,7434,0,1853,0,0,0,9287,1001,8286,0.8922149240874341,381,259,640,1194,0,0,1194,0,1194,ae_2026_06.csv
2026-06-01,RM1,NORFOLK AND NORWICH UNIVERSITY HOSPITALS NHS FOUNDATION TRUST,NHS ENGLAND EAST OF ENGLAND,13789,0,7688,0,0,0,21477,4607,16870,0.7854914559761605,722,319,1041,2295,0,0,2295,1597,3892,ae_2026_06.csv
2026-06-01,RM3,NORTHERN CARE ALLIANCE NHS FOUNDATION TRUST,NHS ENGLAND NORTH WEST,27750,0,9330,0,0,0,37080,10748,26332,0.7101402373247033,958,1231,2189,7651,0,361,8012,2628,10640,ae_2026_06.csv
2026-06-01,RMC,BOLTON NHS FOUNDATION TRUST,NHS ENGLAND NORTH WEST,8797,0,3737,20,0,3,12557,4202,8355,0.6653659313530302,473,455,928,2497,0,121,2618,744,3362,ae_2026_06.csv
2026-06-01,RMP,TAMESIDE AND GLOSSOP INTEGRATED CARE NHS FOUNDATION TRUST,NHS ENGLAND NORTH WEST,9061,0,2147,432,0,166,11806,4391,7415,0.62807047264103,361,447,808,1516,0,0,1516,298,1814,ae_2026_06.csv
2026-06-01,RN3,GREAT WESTERN HOSPITALS NHS FOUNDATION TRUST,NHS ENGLAND SOUTH WEST,7808,0,4553,0,0,0,12361,4300,8061,0.6521317045546476,682,422,1104,2590,0,0,2590,1401,3991,ae_2026_06.csv
2026-06-01,RN5,HAMPSHIRE HOSPITALS NHS FOUNDATION TRUST,NHS ENGLAND SOUTH EAST,10028,64,4742,0,0,140,14974,5445,9529,0.6363697074929878,200,15,215,3709,4,19,3732,965,4697,ae_2026_06.csv
2026-06-01,RN7,DARTFORD AND GRAVESHAM NHS TRUST,NHS ENGLAND SOUTH EAST,11659,0,3844,0,0,0,15503,2689,12814,0.8265497000580533,448,323,771,3904,0,0,3904,301,4205,ae_2026_06.csv
2026-06-01,RNA,THE DUDLEY GROUP NHS FOUNDATION TRUST,NHS ENGLAND MIDLANDS,10646,0,3746,0,0,537,14929,3394,11535,0.7726572442896377,623,175,798,3378,0,0,3378,2593,5971,ae_2026_06.csv
2026-06-01,RNN,NORTH CUMBRIA INTEGRATED CARE NHS FOUNDATION TRUST,NHS ENGLAND NORTH EAST AND YORKSHIRE,8935,0,2888,234,0,29,12086,3986,8100,0.6701969220585802,465,246,711,2220,0,0,2220,476,2696,ae_2026_06.csv
2026-06-01,RNQ,KETTERING GENERAL HOSPITAL NHS FOUNDATION TRUST,NHS ENGLAND MIDLANDS,10952,0,8659,0,0,0,19611,4109,15502,0.7904747335678955,583,644,1227,1917,0,0,1917,281,2198,ae_2026_06.csv
2026-06-01,RNS,NORTHAMPTON GENERAL HOSPITAL NHS TRUST,NHS ENGLAND MIDLANDS,11200,699,2080,0,0,0,13979,4024,9955,0.7121396380284712,382,900,1282,2400,0,0,2400,375,2775,ae_2026_06.csv
2026-06-01,RNU,OXFORD HEALTH NHS FOUNDATION TRUST,NHS ENGLAND SOUTH EAST,0,0,4816,0,0,0,4816,707,4109,0.8531976744186046,0,0,0,0,0,0,0,0,0,ae_2026_06.csv
2026-06-01,RNZ,SALISBURY NHS FOUNDATION TRUST,NHS ENGLAND SOUTH WEST,4816,344,2078,278,0,0,7516,2531,4985,0.6632517296434274,378,219,597,1211,0,0,1211,983,2194,ae_2026_06.csv
2026-06-01,RP5,DONCASTER AND BASSETLAW TEACHING HOSPITALS NHS FOUNDATION TRUST,NHS ENGLAND NORTH EAST AND YORKSHIRE,14627,0,4006,0,0,0,18633,5348,13285,0.7129823431546182,1328,246,1574,3871,0,498,4369,956,5325,ae_2026_06.csv
2026-06-01,RP6,MOORFIELDS EYE HOSPITAL NHS FOUNDATION TRUST,NHS ENGLAND LONDON,0,6415,0,0,0,0,6415,311,6104,0.9515198752922837,0,0,0,0,6,0,6,243,249,ae_2026_06.csv
2026-06-01,RPA,MEDWAY NHS FOUNDATION TRUST,NHS ENGLAND SOUTH EAST,9521,0,6405,279,0,997,17202,4422,12780,0.742936867806069,271,822,1093,1711,0,0,1711,489,2200,ae_2026_06.csv
2026-06-01,RPC,QUEEN VICTORIA HOSPITAL NHS FOUNDATION TRUST,NHS ENGLAND SOUTH EAST,0,0,1478,0,0,0,1478,23,1455,0.9844384303112313,0,0,0,0,0,3,3,598,601,ae_2026_06.csv
2026-06-01,RQ3,BIRMINGHAM WOMEN'S AND CHILDREN'S NHS FOUNDATION TRUST,NHS ENGLAND MIDLANDS,4991,0,965,0,0,0,5956,970,4986,0.8371390194761585,22,0,22,572,0,0,572,216,788,ae_2026_06.csv
2026-06-01,RQM,CHELSEA AND WESTMINSTER HOSPITAL NHS FOUNDATION TRUST,NHS ENGLAND LONDON,20669,0,7091,706,0,0,28466,6571,21895,0.7691632122532144,1082,50,1132,2940,0,0,2940,303,3243,ae_2026_06.csv
2026-06-01,RQW,THE PRINCESS ALEXANDRA HOSPITAL NHS TRUST,NHS ENGLAND EAST OF ENGLAND,9059,0,1890,0,0,428,11377,2480,8897,0.782016348773842,565,318,883,1723,0,0,1723,362,2085,ae_2026_06.csv
2026-06-01,RQX,HOMERTON HEALTHCARE NHS FOUNDATION TRUST,NHS ENGLAND LONDON,11549,0,0,0,0,0,11549,2279,9270,0.8026668975668889,178,24,202,1773,0,0,1773,335,2108,ae_2026_06.csv
2026-06-01,RR7,GATESHEAD HEALTH NHS FOUNDATION TRUST,NHS ENGLAND NORTH EAST AND YORKSHIRE,5867,0,4858,2,0,2,10729,2395,8334,0.7767732314288377,582,5,587,1882,0,0,1882,41,1923,ae_2026_06.csv
2026-06-01,RR8,LEEDS TEACHING HOSPITALS NHS TRUST,NHS ENGLAND NORTH EAST AND YORKSHIRE,19056,843,10524,60,0,422,30905,7150,23755,0.768645850186054,1471,452,1923,3597,0,0,3597,1261,4858,ae_2026_06.csv
2026-06-01,RRF,"WRIGHTINGTON, WIGAN AND LEIGH TEACHING HOSPITALS NHS FOUNDATION TRUST",NHS ENGLAND NORTH WEST,6734,0,6680,0,0,0,13414,3403,10011,0.7463098255553899,368,139,507,2618,0,0,2618,576,3194,ae_2026_06.csv
2026-06-01,RRK,UNIVERSITY HOSPITALS BIRMINGHAM NHS FOUNDATION TRUST,NHS ENGLAND MIDLANDS,35585,384,12465,0,0,281,48715,15128,33587,0.689459098840193,1875,2391,4266,10471,0,0,10471,7763,18234,ae_2026_06.csv
2026-06-01,RRV,UNIVERSITY COLLEGE LONDON HOSPITALS NHS FOUNDATION TRUST,NHS ENGLAND LONDON,13518,0,0,555,0,0,14073,3339,10734,0.7627371562566617,356,153,509,1469,0,0,1469,460,1929,ae_2026_06.csv
2026-06-01,RTD,THE NEWCASTLE UPON TYNE HOSPITALS NHS FOUNDATION TRUST,NHS ENGLAND NORTH EAST AND YORKSHIRE,12086,1843,8630,0,0,1215,23774,5528,18246,0.7674770757970892,513,20,533,3911,28,0,3939,3067,7006,ae_2026_06.csv
2026-06-01,RTE,GLOUCESTERSHIRE HOSPITALS NHS FOUNDATION TRUST,NHS ENGLAND SOUTH WEST,14616,0,0,0,0,0,14616,5507,9109,0.6232211275314724,313,472,785,2457,0,0,2457,3054,5511,ae_2026_06.csv
2026-06-01,RTF,NORTHUMBRIA HEALTHCARE NHS FOUNDATION TRUST,NHS ENGLAND NORTH EAST AND YORKSHIRE,10864,0,14483,0,0,0,25347,2222,23125,0.9123367656921924,2,0,2,4737,0,15,4752,521,5273,ae_2026_06.csv
2026-06-01,RTG,UNIVERSITY HOSPITALS OF DERBY AND BURTON NHS FOUNDATION TRUST,NHS ENGLAND MIDLANDS,22718,0,9492,1573,0,45,33828,10435,23393,0.6915277285089275,1214,493,1707,3970,0,0,3970,1909,5879,ae_2026_06.csv
2026-06-01,RTH,OXFORD UNIVERSITY HOSPITALS NHS FOUNDATION TRUST,NHS ENGLAND SOUTH EAST,12992,1478,3672,1844,0,170,20156,4451,15705,0.7791724548521533,347,8,355,5446,100,26,5572,4220,9792,ae_2026_06.csv
2026-06-01,RTK,ASHFORD AND ST PETER'S HOSPITALS NHS FOUNDATION TRUST,NHS ENGLAND SOUTH EAST,7804,0,2836,0,0,0,10640,3550,7090,0.6663533834586466,561,409,970,2418,0,0,2418,543,2961,ae_2026_06.csv
2026-06-01,RTP,SURREY AND SUSSEX HEALTHCARE NHS TRUST,NHS ENGLAND SOUTH EAST,10249,0,0,0,0,0,10249,4393,5856,0.5713728168601815,509,606,1115,3157,0,0,3157,931,4088,ae_2026_06.csv
2026-06-01,RTQ,GLOUCESTERSHIRE HEALTH AND CARE NHS FOUNDATION TRUST,NHS ENGLAND SOUTH WEST,0,0,8750,0,0,0,8750,346,8404,0.9604571428571429,0,0,0,0,0,0,0,47,47,ae_2026_06.csv
2026-06-01,RTR,SOUTH TEES HOSPITALS NHS FOUNDATION TRUST,NHS ENGLAND NORTH EAST AND YORKSHIRE,7724,0,9906,0,0,2061,19691,4250,15441,0.7841653547305876,129,3,132,2371,0,410,2781,2470,5251,ae_2026_06.csv
2026-06-01,RTX,UNIVERSITY HOSPITALS OF MORECAMBE BAY NHS FOUNDATION TRUST,NHS ENGLAND NORTH WEST,9213,0,2958,137,0,2124,14432,4332,10100,0.6998337028824834,800,703,1503,3199,0,16,3215,935,4150,ae_2026_06.csv
2026-06-01,RV9,HUMBER TEACHING NHS FOUNDATION TRUST,NHS ENGLAND NORTH EAST AND YORKSHIRE,0,0,1132,0,0,68,1200,4,1196,0.9966666666666667,0,0,0,0,0,0,0,0,0,ae_2026_06.csv
2026-06-01,RVJ,NORTH BRISTOL NHS TRUST,NHS ENGLAND SOUTH WEST,9801,0,0,0,0,0,9801,4182,5619,0.5733088460361188,490,554,1044,3053,0,0,3053,2386,5439,ae_2026_06.csv
2026-06-01,RVR,EPSOM AND ST HELIER UNIVERSITY HOSPITALS NHS TRUST,NHS ENGLAND LONDON,10595,0,3256,8,0,1,13860,4448,9412,0.6790764790764791,550,758,1308,1981,0,0,1981,254,2235,ae_2026_06.csv
2026-06-01,RVV,EAST KENT HOSPITALS UNIVERSITY NHS FOUNDATION TRUST,NHS ENGLAND SOUTH EAST,14049,0,13383,0,0,0,27432,6774,20658,0.7530621172353456,714,1059,1773,3202,0,599,3801,520,4321,ae_2026_06.csv
2026-06-01,RVW,NORTH TEES AND HARTLEPOOL NHS FOUNDATION TRUST,NHS ENGLAND NORTH EAST AND YORKSHIRE,5083,0,11454,0,0,0,16537,2486,14051,0.8496704359920179,103,5,108,1673,0,491,2164,2444,4608,ae_2026_06.csv
2026-06-01,RW1,HAMPSHIRE AND ISLE OF WIGHT HEALTHCARE NHS FOUNDATION TRUST,NHS ENGLAND SOUTH EAST,0,0,2994,0,0,0,2994,78,2916,0.9739478957915831,0,0,0,0,0,0,0,122,122,ae_2026_06.csv
2026-06-01,RW4,MERSEY CARE NHS FOUNDATION TRUST,NHS ENGLAND NORTH WEST,0,0,13989,0,0,0,13989,355,13634,0.9746229180070055,0,0,0,0,0,0,0,34,34,ae_2026_06.csv
2026-06-01,RWA,HULL UNIVERSITY TEACHING HOSPITALS NHS TRUST,NHS ENGLAND NORTH EAST AND YORKSHIRE,10403,0,4169,0,0,0,14572,6033,8539,0.5859868240461158,882,476,1358,3751,0,0,3751,2118,5869,ae_2026_06.csv
2026-06-01,RWD,UNITED LINCOLNSHIRE TEACHING HOSPITALS NHS TRUST,NHS ENGLAND MIDLANDS,17123,0,4321,0,0,0,21444,5635,15809,0.7372225331094945,690,1034,1724,4706,0,0,4706,1265,5971,ae_2026_06.csv
2026-06-01,RWE,UNIVERSITY HOSPITALS OF LEICESTER NHS TRUST,NHS ENGLAND MIDLANDS,23347,2312,0,0,0,0,25659,9118,16541,0.6446471023812308,1114,831,1945,6663,3,0,6666,3636,10302,ae_2026_06.csv
2026-06-01,RWF,MAIDSTONE AND TUNBRIDGE WELLS NHS TRUST,NHS ENGLAND SOUTH EAST,18942,0,1984,873,0,97,21896,4525,17371,0.7933412495432955,947,163,1110,2301,0,0,2301,667,2968,ae_2026_06.csv
2026-06-01,RWG,WEST HERTFORDSHIRE TEACHING HOSPITALS NHS TRUST,NHS ENGLAND EAST OF ENGLAND,8135,0,8548,0,0,582,17265,2072,15193,0.8799884158702578,549,24,573,5087,0,0,5087,562,5649,ae_2026_06.csv
2026-06-01,RWH,EAST AND NORTH HERTFORDSHIRE TEACHING NHS TRUST,NHS ENGLAND EAST OF ENGLAND,9108,0,8786,0,0,0,17894,4358,13536,0.756454677545546,402,170,572,2149,0,3,2152,410,2562,ae_2026_06.csv
2026-06-01,RWJ,STOCKPORT NHS FOUNDATION TRUST,NHS ENGLAND NORTH WEST,8554,0,990,214,0,1382,11140,3553,7587,0.6810592459605027,587,210,797,2638,0,49,2687,957,3644,ae_2026_06.csv
2026-06-01,RWP,WORCESTERSHIRE ACUTE HOSPITALS NHS TRUST,NHS ENGLAND MIDLANDS,15007,0,6619,0,0,0,21626,6817,14809,0.6847775825395357,1320,689,2009,3189,0,0,3189,887,4076,ae_2026_06.csv
2026-06-01,RWW,NORTH CHESHIRE AND MERSEY NHS FOUNDATION TRUST,NHS ENGLAND NORTH WEST,7101,0,6161,280,0,427,13969,3449,10520,0.7530961414560813,490,916,1406,1895,0,0,1895,131,2026,ae_2026_06.csv
2026-06-01,RWX,BERKSHIRE HEALTHCARE NHS FOUNDATION TRUST,NHS ENGLAND SOUTH EAST,0,0,1604,0,0,0,1604,21,1583,0.9869077306733167,0,0,0,0,0,42,42,0,42,ae_2026_06.csv
2026-06-01,RWY,CALDERDALE AND HUDDERSFIELD NHS FOUNDATION TRUST,NHS ENGLAND NORTH EAST AND YORKSHIRE,16902,0,0,0,0,0,16902,2220,14682,0.8686545970891019,967,11,978,2975,0,0,2975,191,3166,ae_2026_06.csv
2026-06-01,RX1,NOTTINGHAM UNIVERSITY HOSPITALS NHS TRUST,NHS ENGLAND MIDLANDS,12935,2218,9740,0,0,350,25243,8366,16877,0.668581388899893,155,1067,1222,3041,0,1604,4645,4212,8857,ae_2026_06.csv
2026-06-01,RXC,EAST SUSSEX HEALTHCARE NHS TRUST,NHS ENGLAND SOUTH EAST,10123,0,2259,1714,0,1642,15738,3963,11775,0.7481890964544414,236,231,467,2600,0,0,2600,442,3042,ae_2026_06.csv
2026-06-01,RXF,MID YORKSHIRE TEACHING NHS TRUST,NHS ENGLAND NORTH EAST AND YORKSHIRE,17631,123,6688,120,0,65,24627,6836,17791,0.7224184837779672,1795,274,2069,3379,0,163,3542,885,4427,ae_2026_06.csv
2026-06-01,RXG,SOUTH WEST YORKSHIRE PARTNERSHIP NHS FOUNDATION TRUST,NHS ENGLAND NORTH EAST AND YORKSHIRE,0,0,0,0,0,0,0,0,0,NA,0,0,0,0,0,0,0,143,143,ae_2026_06.csv
2026-06-01,RXK,SANDWELL AND WEST BIRMINGHAM HOSPITALS NHS TRUST,NHS ENGLAND MIDLANDS,11568,1033,8408,413,0,0,21422,5713,15709,0.7333115488749883,719,231,950,2650,0,21,2671,95,2766,ae_2026_06.csv
2026-06-01,RXL,BLACKPOOL TEACHING HOSPITALS NHS FOUNDATION TRUST,NHS ENGLAND NORTH WEST,8798,0,9468,376,0,396,19038,4339,14699,0.7720874041390903,833,313,1146,1826,0,0,1826,2506,4332,ae_2026_06.csv
2026-06-01,RXN,LANCASHIRE TEACHING HOSPITALS NHS FOUNDATION TRUST,NHS ENGLAND NORTH WEST,12850,0,3285,210,0,103,16448,4404,12044,0.7322470817120622,1018,336,1354,2946,0,101,3047,1228,4275,ae_2026_06.csv
2026-06-01,RXP,COUNTY DURHAM AND DARLINGTON NHS FOUNDATION TRUST,NHS ENGLAND NORTH EAST AND YORKSHIRE,13012,0,4167,0,0,7083,24262,5962,18300,0.7542659302613139,1730,31,1761,3520,0,0,3520,894,4414,ae_2026_06.csv
2026-06-01,RXQ,BUCKINGHAMSHIRE HEALTHCARE NHS TRUST,NHS ENGLAND SOUTH EAST,10093,1289,3124,0,0,0,14506,4057,10449,0.7203226251206397,222,263,485,3437,954,0,4391,1289,5680,ae_2026_06.csv
2026-06-01,RXR,EAST LANCASHIRE HOSPITALS NHS TRUST,NHS ENGLAND NORTH WEST,14344,0,12033,0,0,0,26377,5803,20574,0.7799977252909732,332,755,1087,3991,0,86,4077,2111,6188,ae_2026_06.csv
2026-06-01,RXW,THE SHREWSBURY AND TELFORD HOSPITAL NHS TRUST,NHS ENGLAND MIDLANDS,11834,0,2553,0,0,0,14387,6962,7425,0.5160909154097449,685,1171,1856,3597,0,198,3795,2182,5977,ae_2026_06.csv
2026-06-01,RY4,HERTFORDSHIRE COMMUNITY NHS TRUST,NHS ENGLAND EAST OF ENGLAND,0,0,1307,0,0,0,1307,108,1199,0.9173680183626626,0,0,0,0,0,0,0,0,0,ae_2026_06.csv
2026-06-01,RY5,LINCOLNSHIRE COMMUNITY HEALTH SERVICES NHS TRUST,NHS ENGLAND MIDLANDS,0,0,8822,0,0,0,8822,155,8667,0.9824302879165722,0,0,0,0,0,0,0,0,0,ae_2026_06.csv
2026-06-01,RY7,WIRRAL COMMUNITY HEALTH AND CARE NHS FOUNDATION TRUST,NHS ENGLAND NORTH WEST,0,0,4049,0,0,0,4049,284,3765,0.9298592244998765,0,0,0,0,0,0,0,0,0,ae_2026_06.csv
2026-06-01,RY8,DERBYSHIRE COMMUNITY HEALTH SERVICES NHS FOUNDATION TRUST,NHS ENGLAND MIDLANDS,0,0,7556,0,0,1255,8811,335,8476,0.961979344001816,0,0,0,0,0,0,0,0,0,ae_2026_06.csv
2026-06-01,RYF,SOUTH WESTERN AMBULANCE SERVICE NHS FOUNDATION TRUST,NHS ENGLAND SOUTH WEST,0,0,2176,0,0,34,2210,75,2135,0.9660633484162896,0,0,0,0,0,0,0,0,0,ae_2026_06.csv
2026-06-01,RYG,COVENTRY AND WARWICKSHIRE PARTNERSHIP NHS TRUST,NHS ENGLAND MIDLANDS,0,0,0,0,0,0,0,0,0,NA,0,0,0,0,0,3,3,32,35,ae_2026_06.csv
2026-06-01,RYJ,IMPERIAL COLLEGE HEALTHCARE NHS TRUST,NHS ENGLAND LONDON,12478,4116,7597,0,0,599,24790,5647,19143,0.7722065348931021,570,0,570,3791,0,0,3791,1022,4813,ae_2026_06.csv
2026-06-01,RYR,UNIVERSITY HOSPITALS SUSSEX NHS FOUNDATION TRUST,NHS ENGLAND SOUTH EAST,28365,1621,1488,1630,0,536,33640,12039,21601,0.6421224732461356,732,922,1654,8543,22,16,8581,1717,10298,ae_2026_06.csv
2026-06-01,RYX,CENTRAL LONDON COMMUNITY HEALTHCARE NHS TRUST,NHS ENGLAND LONDON,0,0,13410,0,0,633,14043,278,13765,0.9802036601865698,0,0,0,0,0,0,0,0,0,ae_2026_06.csv
2026-06-01,RYY,KENT COMMUNITY HEALTH NHS FOUNDATION TRUST,NHS ENGLAND SOUTH EAST,0,0,6625,0,0,0,6625,43,6582,0.9935094339622641,0,0,0,0,0,0,0,0,0,ae_2026_06.csv
2026-06-01,Y02428,PUTNOE WALK IN CENTRE,NHS ENGLAND EAST OF ENGLAND,0,0,2242,0,0,0,2242,0,2242,1,0,0,0,0,0,0,0,0,0,ae_2026_06.csv
2026-06-01,Y02532,MIRIAM MINOR EMERGENCY,NHS ENGLAND NORTH WEST,0,0,1578,0,0,0,1578,0,1578,1,0,0,0,0,0,0,0,0,0,ae_2026_06.csv
2026-06-01,Y02676,BRIGHTON STATION HEALTH CENTRE,NHS ENGLAND SOUTH EAST,0,0,1762,0,0,0,1762,0,1762,1,0,0,0,0,0,0,0,0,0,ae_2026_06.csv
2026-07-01,AAH,TETBURY HOSPITAL TRUST LTD,NHS ENGLAND SOUTH WEST,0,0,791,0,0,0,791,0,791,1,0,0,0,0,0,0,0,0,0,ae_2026_07.csv
2026-07-01,ACH01,WHITSTABLE MEDICAL PRACTICE,NHS ENGLAND SOUTH EAST,0,0,5197,0,0,0,5197,0,5197,1,0,0,0,0,0,0,0,0,0,ae_2026_07.csv
2026-07-01,AD913,BECKENHAM BEACON UCC,NHS ENGLAND LONDON,0,0,3640,0,0,240,3880,51,3829,0.9868556701030928,0,0,0,0,0,0,0,0,0,ae_2026_07.csv
2026-07-01,AJN,WORKINGTON HEALTH LIMITED,NHS ENGLAND NORTH EAST AND YORKSHIRE,0,0,537,0,0,0,537,0,537,1,0,0,0,0,0,0,0,0,0,ae_2026_07.csv
2026-07-01,AQM01,FAVERSHAM MEDICAL PRACTICE MIU,NHS ENGLAND SOUTH EAST,0,0,3086,0,0,0,3086,0,3086,1,0,0,0,0,0,0,0,0,0,ae_2026_07.csv
2026-07-01,AQN04,PHL LYMINGTON UTC,NHS ENGLAND SOUTH EAST,0,0,3690,0,0,15,3705,258,3447,0.9303643724696357,0,0,0,0,0,0,0,0,0,ae_2026_07.csv
2026-07-01,ARN03,LOCAL CARE DIRECT,NHS ENGLAND NORTH EAST AND YORKSHIRE,0,0,2312,0,0,201,2513,0,2513,1,0,0,0,0,0,0,0,0,0,ae_2026_07.csv
2026-07-01,C82009,MARKET HARBOROUGH MED.CTR,NHS ENGLAND MIDLANDS,0,0,404,0,0,0,404,0,404,1,0,0,0,0,0,0,0,0,0,ae_2026_07.csv
2026-07-01,C82038,LATHAM HOUSE MEDICAL PRACTICE,NHS ENGLAND MIDLANDS,0,0,437,0,0,0,437,0,437,1,0,0,0,0,0,0,0,0,0,ae_2026_07.csv
2026-07-01,C83023,SLEAFORD MEDICAL GROUP,NHS ENGLAND MIDLANDS,0,0,468,0,0,0,468,0,468,1,0,0,0,0,0,0,0,10,10,ae_2026_07.csv
2026-07-01,DJV01,HERNE BAY HEALTH CARE LTD,NHS ENGLAND SOUTH EAST,0,0,2737,0,0,0,2737,0,2737,1,0,0,0,0,0,0,0,0,0,ae_2026_07.csv
2026-07-01,DT301,HERTS URGENT CARE (ASCOTS LANE),NHS ENGLAND EAST OF ENGLAND,0,0,2249,0,0,0,2249,109,2140,0.9515340151178302,0,0,0,0,0,0,0,0,0,ae_2026_07.csv
2026-07-01,G0Q0L,BARKING HOSPITAL UTC,NHS ENGLAND LONDON,0,0,2768,0,0,0,2768,49,2719,0.9822976878612717,0,0,0,0,0,0,0,0,0,ae_2026_07.csv
2026-07-01,G3P9C,TROWBRIDGE MINOR INJURIES UNIT,NHS ENGLAND SOUTH WEST,0,0,1789,0,0,0,1789,19,1770,0.9893795416433762,0,0,0,0,0,0,0,0,0,ae_2026_07.csv
2026-07-01,K6K0R,HAROLD WOOD POLYCLINIC UTC,NHS ENGLAND LONDON,0,0,2804,0,0,0,2804,50,2754,0.9821683309557775,0,0,0,0,0,0,0,0,0,ae_2026_07.csv
2026-07-01,L83087,OKEHAMPTON MEDICAL CENTRE,NHS ENGLAND SOUTH WEST,0,0,109,0,0,0,109,0,109,1,0,0,0,0,0,0,0,0,0,ae_2026_07.csv
2026-07-01,NDJ,FIRST COMMUNITY HEALTH AND CARE CIC,NHS ENGLAND SOUTH EAST,0,0,2637,0,0,0,2637,73,2564,0.9723170269245355,0,0,0,0,0,0,0,0,0,ae_2026_07.csv
2026-07-01,NLX,SIRONA CARE & HEALTH,NHS ENGLAND SOUTH WEST,0,0,10254,0,0,320,10574,556,10018,0.9474181955740496,0,0,0,0,0,0,0,0,0,ae_2026_07.csv
2026-07-01,NNF09,BRANSHOLME HEALTH CENTRE,NHS ENGLAND NORTH EAST AND YORKSHIRE,0,0,3689,0,0,0,3689,596,3093,0.8384386012469504,0,0,0,0,0,0,0,0,0,ae_2026_07.csv
2026-07-01,NNF16,BRIDLINGTON HOSPITAL,NHS ENGLAND NORTH EAST AND YORKSHIRE,0,0,1756,0,0,0,1756,114,1642,0.9350797266514806,0,0,0,0,0,0,0,0,0,ae_2026_07.csv
2026-07-01,NNF94,EAST RIDING COMMUNITY HOSPITAL,NHS ENGLAND NORTH EAST AND YORKSHIRE,0,0,3279,0,0,0,3279,224,3055,0.9316864897834706,0,0,0,0,0,0,0,0,0,ae_2026_07.csv
2026-07-01,NNFA7,GOOLE & DISTRICT HOSPITAL,NHS ENGLAND NORTH EAST AND YORKSHIRE,0,0,1799,0,0,0,1799,13,1786,0.9927737632017788,0,0,0,0,0,0,0,0,0,ae_2026_07.csv
2026-07-01,NNJ,DHU HEALTH CARE C.I.C,NHS ENGLAND MIDLANDS,0,0,1936,0,0,0,1936,1,1935,0.9994834710743802,0,0,0,0,0,0,0,0,0,ae_2026_07.csv
2026-07-01,NNJ07,LOUGHBOROUGH URGENT CARE CENTRE,NHS ENGLAND MIDLANDS,0,0,5293,0,0,2068,7361,40,7321,0.994565955712539,0,0,0,0,0,0,0,0,0,ae_2026_07.csv
2026-07-01,NNJ0H,LLR EA - THE MERLYN VAZ HEALTH & SOCIAL CARE CENTRE,NHS ENGLAND MIDLANDS,0,0,158,0,0,2387,2545,5,2540,0.9980353634577603,0,0,0,0,0,0,0,0,0,ae_2026_07.csv
2026-07-01,NNJ10,ENDERBY LEISURE CENTRE,NHS ENGLAND MIDLANDS,0,0,0,0,0,317,317,0,317,1,0,0,0,0,0,0,0,0,0,ae_2026_07.csv
2026-07-01,NNJ11,LUTTERWORTH HOSPITAL,NHS ENGLAND MIDLANDS,0,0,0,0,0,134,134,0,134,1,0,0,0,0,0,0,0,0,0,ae_2026_07.csv
2026-07-01,NNJ12,MARKET HARBOROUGH,NHS ENGLAND MIDLANDS,0,0,0,0,0,263,263,0,263,1,0,0,0,0,0,0,0,0,0,ae_2026_07.csv
2026-07-01,NNJ13,MELTON MOWBRAY,NHS ENGLAND MIDLANDS,0,0,0,0,0,371,371,0,371,1,0,0,0,0,0,0,0,0,0,ae_2026_07.csv
2026-07-01,NNJ14,OADBY,NHS ENGLAND MIDLANDS,0,0,638,0,0,3350,3988,3,3985,0.9992477432296891,0,0,0,0,0,0,0,0,0,ae_2026_07.csv
2026-07-01,NNJ15,RUTLAND MINOR ILLNESS AND INJURY SERVICE (FORMERLY WLHH PRE-APRIL 2026),NHS ENGLAND MIDLANDS,0,0,0,0,0,635,635,1,634,0.9984251968503937,0,0,0,0,0,0,0,0,0,ae_2026_07.csv
2026-07-01,NQT1I,CHIPPENHAM COMMUNITY HOSPITAL,NHS ENGLAND SOUTH WEST,0,0,1932,0,0,0,1932,78,1854,0.9596273291925466,0,0,0,0,0,0,0,0,0,ae_2026_07.csv
2026-07-01,NQT5F,SKELMERSDALE WALK IN CENTRE,NHS ENGLAND NORTH WEST,0,0,1661,0,0,0,1661,19,1642,0.9885611077664058,0,0,0,0,0,0,0,0,0,ae_2026_07.csv
2026-07-01,NQT5H,PAULTON MEMORIAL HOSPITAL,NHS ENGLAND SOUTH WEST,0,0,1528,0,0,0,1528,4,1524,0.9973821989528796,0,0,0,0,0,0,0,0,0,ae_2026_07.csv
2026-07-01,NTP11,PRACTICE PLUS GROUP HOSPITAL - SOUTHAMPTON,NHS ENGLAND SOUTH EAST,0,0,5636,0,0,0,5636,156,5480,0.9723207948899929,0,0,0,0,0,0,0,0,0,ae_2026_07.csv
2026-07-01,NTPAD,PRACTICE PLUS GROUP SURGICAL CENTRE - ST MARYS PORTSMOUTH,NHS ENGLAND SOUTH EAST,0,0,5378,0,0,287,5665,200,5465,0.9646954986760812,0,0,0,0,0,0,0,0,0,ae_2026_07.csv
2026-07-01,NTV0B,ASHFORD WALK-IN-CENTRE,NHS ENGLAND SOUTH EAST,0,0,2527,0,0,0,2527,45,2482,0.9821923229125445,0,0,0,0,0,0,0,0,0,ae_2026_07.csv
2026-07-01,NTV0W,WOKING WALK IN CENTRE,NHS ENGLAND SOUTH EAST,0,0,2888,0,0,0,2888,91,2797,0.9684903047091413,0,0,0,0,0,0,0,0,0,ae_2026_07.csv
2026-07-01,NV693,ROSSENDALE MIU & OOH,NHS ENGLAND NORTH WEST,0,0,1223,0,0,0,1223,2,1221,0.9983646770237122,0,0,0,0,0,0,0,0,0,ae_2026_07.csv
2026-07-01,NVE43,HASTINGS GP LED HEALTH CENTRE,NHS ENGLAND SOUTH EAST,0,0,1224,0,0,0,1224,0,1224,1,0,0,0,0,0,0,0,0,0,ae_2026_07.csv
2026-07-01,R0A,MANCHESTER UNIVERSITY NHS FOUNDATION TRUST,NHS ENGLAND NORTH WEST,27614,3556,12119,3138,436,789,47652,11520,36132,0.7582472928733317,2924,86,3010,5854,124,98,6076,485,6561,ae_2026_07.csv
2026-07-01,R0B,SOUTH TYNESIDE AND SUNDERLAND NHS FOUNDATION TRUST,NHS ENGLAND NORTH EAST AND YORKSHIRE,11698,1534,6189,1206,0,1710,22337,5119,17218,0.7708286699198639,163,0,163,4886,36,0,4922,1371,6293,ae_2026_07.csv
2026-07-01,R0D,UNIVERSITY HOSPITALS DORSET NHS FOUNDATION TRUST,NHS ENGLAND SOUTH WEST,16317,0,4682,0,0,0,20999,5831,15168,0.7223201104814515,952,373,1325,4327,0,0,4327,2744,7071,ae_2026_07.csv
2026-07-01,R1D,SHROPSHIRE COMMUNITY HEALTH NHS TRUST,NHS ENGLAND MIDLANDS,0,0,4125,0,0,0,4125,69,4056,0.9832727272727273,0,0,0,0,0,0,0,0,0,ae_2026_07.csv
2026-07-01,R1F,ISLE OF WIGHT NHS TRUST,NHS ENGLAND SOUTH EAST,4578,235,1901,15,0,9,6738,1478,5260,0.7806470762837637,273,121,394,1490,0,0,1490,96,1586,ae_2026_07.csv
2026-07-01,R1H,BARTS HEALTH NHS TRUST,NHS ENGLAND LONDON,27454,946,19180,0,0,0,47580,12563,35017,0.7359604875998319,1069,1169,2238,4083,0,36,4119,1378,5497,ae_2026_07.csv
2026-07-01,R1K,LONDON NORTH WEST UNIVERSITY HEALTHCARE NHS TRUST,NHS ENGLAND LONDON,14527,0,16522,0,0,0,31049,7173,23876,0.7689780669264711,629,413,1042,6516,0,0,6516,131,6647,ae_2026_07.csv
2026-07-01,RA2,ROYAL SURREY NHS FOUNDATION TRUST,NHS ENGLAND SOUTH EAST,7110,0,2608,788,0,111,10617,2276,8341,0.7856268249034567,299,0,299,2393,0,0,2393,921,3314,ae_2026_07.csv
2026-07-01,RA7,BRISTOL NHS FOUNDATION TRUST,NHS ENGLAND SOUTH WEST,26582,2543,0,0,0,0,29125,9260,19865,0.6820600858369099,1416,682,2098,8580,5,0,8585,3978,12563,ae_2026_07.csv
2026-07-01,RA9,TORBAY AND SOUTH DEVON NHS FOUNDATION TRUST,NHS ENGLAND SOUTH WEST,7348,0,4150,0,0,0,11498,4146,7352,0.639415550530527,333,164,497,1651,0,10,1661,534,2195,ae_2026_07.csv
2026-07-01,RAE,BRADFORD TEACHING HOSPITALS NHS FOUNDATION TRUST,NHS ENGLAND NORTH EAST AND YORKSHIRE,9350,1046,3873,0,0,0,14269,2709,11560,0.8101478730114233,713,143,856,2619,0,10,2629,1304,3933,ae_2026_07.csv
2026-07-01,RAJ,MID AND SOUTH ESSEX NHS FOUNDATION TRUST,NHS ENGLAND EAST OF ENGLAND,28846,0,8196,39,0,15,37096,10926,26170,0.7054668967004529,2102,1203,3305,9259,0,139,9398,1262,10660,ae_2026_07.csv
2026-07-01,RAL,ROYAL FREE LONDON NHS FOUNDATION TRUST,NHS ENGLAND LONDON,26558,600,17100,203,6,234,44701,8784,35917,0.8034943289859288,811,1996,2807,6225,1,115,6341,736,7077,ae_2026_07.csv
2026-07-01,RAN,ROYAL NATIONAL ORTHOPAEDIC HOSPITAL NHS TRUST,NHS ENGLAND LONDON,0,0,0,0,0,0,0,0,0,NA,0,0,0,0,0,0,0,29,29,ae_2026_07.csv
2026-07-01,RAS,THE HILLINGDON HOSPITALS NHS FOUNDATION TRUST,NHS ENGLAND LONDON,5639,0,7155,0,0,0,12794,2411,10383,0.8115522901360013,533,27,560,1806,0,0,1806,62,1868,ae_2026_07.csv
2026-07-01,RAT,NORTH EAST LONDON NHS FOUNDATION TRUST,NHS ENGLAND LONDON,0,0,1751,0,0,0,1751,58,1693,0.9668760708166761,0,0,0,0,0,0,0,0,0,ae_2026_07.csv
2026-07-01,RAX,KINGSTON AND RICHMOND NHS FOUNDATION TRUST,NHS ENGLAND LONDON,7230,0,8640,0,0,0,15870,4156,11714,0.738122243226213,312,381,693,2701,0,176,2877,703,3580,ae_2026_07.csv
2026-07-01,RBD,DORSET COUNTY HOSPITAL NHS FOUNDATION TRUST,NHS ENGLAND SOUTH WEST,5037,0,0,555,0,4983,10575,2193,8382,0.7926241134751772,205,45,250,2146,0,0,2146,604,2750,ae_2026_07.csv
2026-07-01,RBK,WALSALL HEALTHCARE NHS TRUST,NHS ENGLAND MIDLANDS,10438,0,4204,38,0,144,14824,2952,11872,0.8008634646519158,1193,215,1408,4400,0,0,4400,850,5250,ae_2026_07.csv
2026-07-01,RBL,WIRRAL UNIVERSITY TEACHING HOSPITAL NHS FOUNDATION TRUST,NHS ENGLAND NORTH WEST,8631,0,2800,0,0,194,11625,4686,6939,0.5969032258064516,566,575,1141,2324,0,0,2324,1842,4166,ae_2026_07.csv
2026-07-01,RBN,MERSEY AND WEST LANCASHIRE TEACHING HOSPITALS NHS TRUST,NHS ENGLAND NORTH WEST,17970,0,7685,205,0,0,25860,6934,18926,0.7318638824439289,536,503,1039,8455,0,0,8455,992,9447,ae_2026_07.csv
2026-07-01,RBQ,LIVERPOOL HEART AND CHEST HOSPITAL NHS FOUNDATION TRUST,NHS ENGLAND NORTH WEST,0,0,0,0,0,0,0,0,0,NA,0,0,0,0,0,0,0,91,91,ae_2026_07.csv
2026-07-01,RBS,ALDER HEY CHILDREN'S NHS FOUNDATION TRUST,NHS ENGLAND NORTH WEST,5798,0,0,0,0,0,5798,653,5145,0.8873749568816833,0,0,0,884,0,0,884,246,1130,ae_2026_07.csv
2026-07-01,RBT,MID CHESHIRE HOSPITALS NHS FOUNDATION TRUST,NHS ENGLAND NORTH WEST,7393,0,3469,0,0,105,10967,3707,7260,0.6619859578736209,478,513,991,2504,0,0,2504,751,3255,ae_2026_07.csv
2026-07-01,RBV,THE CHRISTIE NHS FOUNDATION TRUST,NHS ENGLAND NORTH WEST,0,0,0,0,0,0,0,0,0,NA,0,0,0,0,0,0,0,873,873,ae_2026_07.csv
2026-07-01,RC9,BEDFORDSHIRE HOSPITALS NHS FOUNDATION TRUST,NHS ENGLAND EAST OF ENGLAND,19124,0,8166,0,0,0,27290,6976,20314,0.7443752290216197,80,32,112,5310,0,0,5310,2512,7822,ae_2026_07.csv
2026-07-01,RCB,YORK AND SCARBOROUGH TEACHING HOSPITALS NHS FOUNDATION TRUST,NHS ENGLAND NORTH EAST AND YORKSHIRE,13730,40,6126,0,0,0,19896,7457,12439,0.6252010454362686,479,177,656,3660,0,0,3660,754,4414,ae_2026_07.csv
2026-07-01,RCD,HARROGATE AND DISTRICT NHS FOUNDATION TRUST,NHS ENGLAND NORTH EAST AND YORKSHIRE,5447,0,1830,234,0,23,7534,2062,5472,0.7263074064242102,83,7,90,1108,0,0,1108,233,1341,ae_2026_07.csv
2026-07-01,RCF,AIREDALE NHS FOUNDATION TRUST,NHS ENGLAND NORTH EAST AND YORKSHIRE,6528,226,0,415,0,0,7169,2928,4241,0.5915748360998745,420,183,603,1511,0,0,1511,540,2051,ae_2026_07.csv
2026-07-01,RCU,SHEFFIELD CHILDREN'S NHS FOUNDATION TRUST,NHS ENGLAND NORTH EAST AND YORKSHIRE,4669,0,241,191,0,13,5114,418,4696,0.9182635901447008,12,0,12,929,0,0,929,70,999,ae_2026_07.csv
2026-07-01,RCX,"THE QUEEN ELIZABETH HOSPITAL, KING'S LYNN, NHS FOUNDATION TRUST",NHS ENGLAND EAST OF ENGLAND,7008,0,1199,0,0,0,8207,2905,5302,0.6460338735226027,837,92,929,2083,0,0,2083,380,2463,ae_2026_07.csv
2026-07-01,RD1,ROYAL UNITED HOSPITALS BATH NHS FOUNDATION TRUST,NHS ENGLAND SOUTH WEST,9191,0,0,0,0,0,9191,4030,5161,0.5615275813295615,816,249,1065,2787,0,0,2787,2166,4953,ae_2026_07.csv
2026-07-01,RD8,MILTON KEYNES UNIVERSITY HOSPITAL NHS FOUNDATION TRUST,NHS ENGLAND EAST OF ENGLAND,8887,0,5018,742,0,399,15046,4950,10096,0.671008906021534,1014,0,1014,2595,0,0,2595,503,3098,ae_2026_07.csv
2026-07-01,RDE,EAST SUFFOLK AND NORTH ESSEX NHS FOUNDATION TRUST,NHS ENGLAND EAST OF ENGLAND,12642,0,13655,0,0,0,26297,6274,20023,0.7614176522036734,464,448,912,5277,0,2,5279,182,5461,ae_2026_07.csv
2026-07-01,RDR,SUSSEX COMMUNITY NHS FOUNDATION TRUST,NHS ENGLAND SOUTH EAST,0,0,13385,0,0,0,13385,409,12976,0.9694434067986553,0,0,0,0,0,0,0,0,0,ae_2026_07.csv
2026-07-01,RDU,FRIMLEY HEALTH NHS FOUNDATION TRUST,NHS ENGLAND SOUTH EAST,24005,1028,12063,0,0,0,37096,9626,27470,0.7405111063187406,1233,538,1771,6610,0,0,6610,166,6776,ae_2026_07.csv
2026-07-01,RDY,DORSET HEALTHCARE UNIVERSITY NHS FOUNDATION TRUST,NHS ENGLAND SOUTH WEST,0,0,0,0,0,0,0,0,0,NA,0,0,0,0,0,2,2,2,4,ae_2026_07.csv
2026-07-01,REF,ROYAL CORNWALL HOSPITALS NHS TRUST,NHS ENGLAND SOUTH WEST,8176,0,15067,0,0,0,23243,5816,17427,0.7497741255431742,691,573,1264,2823,0,37,2860,1356,4216,ae_2026_07.csv
2026-07-01,REM,LIVERPOOL UNIVERSITY HOSPITALS NHS FOUNDATION TRUST,NHS ENGLAND NORTH WEST,17260,1979,8678,487,0,0,28404,9091,19313,0.6799394451485706,872,1057,1929,5204,0,0,5204,2454,7658,ae_2026_07.csv
2026-07-01,REP,LIVERPOOL WOMEN'S NHS FOUNDATION TRUST,NHS ENGLAND NORTH WEST,0,1584,0,0,0,0,1584,131,1453,0.9172979797979798,0,0,0,0,121,0,121,16,137,ae_2026_07.csv
2026-07-01,RET,THE WALTON CENTRE NHS FOUNDATION TRUST,NHS ENGLAND NORTH WEST,0,0,0,0,0,0,0,0,0,NA,0,0,0,0,0,0,0,204,204,ae_2026_07.csv
2026-07-01,RF4,"BARKING, HAVERING AND REDBRIDGE UNIVERSITY HOSPITALS NHS TRUST",NHS ENGLAND LONDON,14061,2611,15643,0,0,0,32315,6039,26276,0.8131208417143742,537,572,1109,3862,0,0,3862,2456,6318,ae_2026_07.csv
2026-07-01,RFF,BARNSLEY HOSPITAL NHS FOUNDATION TRUST,NHS ENGLAND NORTH EAST AND YORKSHIRE,10264,0,0,23,0,0,10287,2652,7635,0.742198891805191,514,14,528,3449,0,0,3449,485,3934,ae_2026_07.csv
2026-07-01,RFR,THE ROTHERHAM NHS FOUNDATION TRUST,NHS ENGLAND NORTH EAST AND YORKSHIRE,10280,0,0,0,0,0,10280,3091,7189,0.6993190661478599,643,14,657,1987,0,0,1987,618,2605,ae_2026_07.csv
2026-07-01,RFS,CHESTERFIELD ROYAL HOSPITAL NHS FOUNDATION TRUST,NHS ENGLAND MIDLANDS,7163,0,5861,0,0,0,13024,3953,9071,0.6964834152334153,699,208,907,2124,0,10,2134,119,2253,ae_2026_07.csv
2026-07-01,RGN,NORTH WEST ANGLIA NHS FOUNDATION TRUST,NHS ENGLAND EAST OF ENGLAND,17741,0,3360,363,0,297,21761,7196,14565,0.6693166674325628,528,772,1300,3954,0,24,3978,1542,5520,ae_2026_07.csv
2026-07-01,RGP,JAMES PAGET UNIVERSITY HOSPITALS NHS FOUNDATION TRUST,NHS ENGLAND EAST OF ENGLAND,8280,0,1797,0,0,0,10077,3097,6980,0.6926664681948993,513,423,936,1579,0,0,1579,569,2148,ae_2026_07.csv
2026-07-01,RGR,WEST SUFFOLK NHS FOUNDATION TRUST,NHS ENGLAND EAST OF ENGLAND,8601,0,980,39,0,0,9620,2945,6675,0.6938669438669439,553,397,950,1835,0,0,1835,364,2199,ae_2026_07.csv
2026-07-01,RGT,CAMBRIDGE UNIVERSITY HOSPITALS NHS FOUNDATION TRUST,NHS ENGLAND EAST OF ENGLAND,11653,0,5953,306,0,257,18169,5715,12454,0.6854532445373989,502,352,854,2827,0,29,2856,479,3335,ae_2026_07.csv
2026-07-01,RH5,SOMERSET NHS FOUNDATION TRUST,NHS ENGLAND SOUTH WEST,12897,0,10206,0,0,58,23161,6714,16447,0.7101161435171193,501,40,541,3190,0,0,3190,1819,5009,ae_2026_07.csv
2026-07-01,RH8,ROYAL DEVON UNIVERSITY HEALTHCARE NHS FOUNDATION TRUST,NHS ENGLAND SOUTH WEST,13921,0,5012,1554,0,114,20601,7219,13382,0.6495801174700258,1007,222,1229,3243,0,0,3243,1867,5110,ae_2026_07.csv
2026-07-01,RHM,UNIVERSITY HOSPITAL SOUTHAMPTON NHS FOUNDATION TRUST,NHS ENGLAND SOUTH EAST,11858,1254,0,0,0,0,13112,3926,9186,0.7005796217205613,433,18,451,3781,10,0,3791,1816,5607,ae_2026_07.csv
2026-07-01,RHQ,SHEFFIELD TEACHING HOSPITALS NHS FOUNDATION TRUST,NHS ENGLAND NORTH EAST AND YORKSHIRE,9475,1316,7481,321,1,1008,19602,5457,14145,0.721610039791858,900,2,902,3187,0,0,3187,3590,6777,ae_2026_07.csv
2026-07-01,RHU,PORTSMOUTH HOSPITALS UNIVERSITY NHS TRUST,NHS ENGLAND SOUTH EAST,11634,1217,4001,1881,0,707,19440,5163,14277,0.7344135802469136,713,1191,1904,3195,0,0,3195,2655,5850,ae_2026_07.csv
2026-07-01,RHW,ROYAL BERKSHIRE NHS FOUNDATION TRUST,NHS ENGLAND SOUTH EAST,11129,2883,3575,1604,17,0,19208,4238,14970,0.779362765514369,653,17,670,2274,0,0,2274,393,2667,ae_2026_07.csv
2026-07-01,RJ1,GUY'S AND ST THOMAS' NHS FOUNDATION TRUST,NHS ENGLAND LONDON,10902,0,7822,0,0,0,18724,4422,14302,0.7638325144199958,199,95,294,2089,0,0,2089,307,2396,ae_2026_07.csv
2026-07-01,RJ2,LEWISHAM AND GREENWICH NHS TRUST,NHS ENGLAND LONDON,16455,0,18623,0,0,72,35150,9575,25575,0.7275960170697012,1219,769,1988,4544,0,0,4544,578,5122,ae_2026_07.csv
2026-07-01,RJ6,CROYDON HEALTH SERVICES NHS TRUST,NHS ENGLAND LONDON,13618,0,4815,0,0,0,18433,5437,12996,0.7050398741387729,247,644,891,1093,0,0,1093,130,1223,ae_2026_07.csv
2026-07-01,RJ7,ST GEORGE'S UNIVERSITY HOSPITALS NHS FOUNDATION TRUST,NHS ENGLAND LONDON,9282,0,4163,431,0,0,13876,2868,11008,0.7933121937157682,448,341,789,1910,0,0,1910,546,2456,ae_2026_07.csv
2026-07-01,RJ8,CORNWALL PARTNERSHIP NHS FOUNDATION TRUST,NHS ENGLAND SOUTH WEST,0,0,0,0,0,0,0,0,0,NA,0,0,0,0,0,18,18,62,80,ae_2026_07.csv
2026-07-01,RJC,SOUTH WARWICKSHIRE UNIVERSITY NHS FOUNDATION TRUST,NHS ENGLAND MIDLANDS,8706,0,510,1,0,0,9217,2273,6944,0.7533904741239015,311,51,362,1818,0,0,1818,576,2394,ae_2026_07.csv
2026-07-01,RJE,UNIVERSITY HOSPITALS OF NORTH MIDLANDS NHS TRUST,NHS ENGLAND MIDLANDS,15900,571,8841,549,0,448,26309,8397,17912,0.6808316545668782,1116,727,1843,4850,0,0,4850,1261,6111,ae_2026_07.csv
2026-07-01,RJL,NORTHERN LINCOLNSHIRE AND GOOLE NHS FOUNDATION TRUST,NHS ENGLAND NORTH EAST AND YORKSHIRE,11147,0,7024,0,0,412,18583,5650,12933,0.6959586719044287,453,890,1343,5602,0,0,5602,509,6111,ae_2026_07.csv
2026-07-01,RJN,EAST CHESHIRE NHS TRUST,NHS ENGLAND NORTH WEST,4680,0,0,84,0,96,4860,2248,2612,0.5374485596707819,202,306,508,920,0,0,920,280,1200,ae_2026_07.csv
2026-07-01,RJR,COUNTESS OF CHESTER HOSPITAL NHS FOUNDATION TRUST,NHS ENGLAND NORTH WEST,6079,0,2768,0,0,0,8847,3434,5413,0.611845823442975,506,612,1118,2067,0,0,2067,1224,3291,ae_2026_07.csv
2026-07-01,RJZ,KING'S COLLEGE HOSPITAL NHS FOUNDATION TRUST,NHS ENGLAND LONDON,16097,0,10876,39,0,511,27523,8197,19326,0.7021763615884896,1635,889,2524,3611,0,0,3611,282,3893,ae_2026_07.csv
2026-07-01,RK5,SHERWOOD FOREST HOSPITALS NHS FOUNDATION TRUST,NHS ENGLAND MIDLANDS,12125,0,6257,0,0,0,18382,5302,13080,0.7115656620607116,724,217,941,3902,0,0,3902,266,4168,ae_2026_07.csv
2026-07-01,RK9,UNIVERSITY HOSPITALS PLYMOUTH NHS TRUST,NHS ENGLAND SOUTH WEST,9411,166,9425,0,0,0,19002,6303,12699,0.6682980738869593,842,343,1185,2906,0,9,2915,1457,4372,ae_2026_07.csv
2026-07-01,RKB,UNIVERSITY HOSPITALS COVENTRY AND WARWICKSHIRE NHS TRUST,NHS ENGLAND MIDLANDS,13254,2778,6004,0,0,0,22036,5353,16683,0.7570793247413323,48,22,70,1106,41,48,1195,435,1630,ae_2026_07.csv
2026-07-01,RKE,WHITTINGTON HEALTH NHS TRUST,NHS ENGLAND LONDON,9719,0,0,0,0,0,9719,2837,6882,0.7080975408992695,258,282,540,1256,0,0,1256,31,1287,ae_2026_07.csv
2026-07-01,RL1,THE ROBERT JONES AND AGNES HUNT ORTHOPAEDIC HOSPITAL NHS FOUNDATION TRUST,NHS ENGLAND MIDLANDS,0,0,0,0,0,0,0,0,0,NA,0,0,0,0,0,0,0,35,35,ae_2026_07.csv
2026-07-01,RL4,THE ROYAL WOLVERHAMPTON NHS TRUST,NHS ENGLAND MIDLANDS,11853,1717,6886,170,0,662,21288,4300,16988,0.7980082675685832,618,811,1429,6576,0,1005,7581,892,8473,ae_2026_07.csv
2026-07-01,RLQ,WYE VALLEY NHS TRUST,NHS ENGLAND MIDLANDS,6232,973,189,117,0,0,7511,2609,4902,0.652642790573825,413,126,539,1379,0,0,1379,164,1543,ae_2026_07.csv
2026-07-01,RLT,GEORGE ELIOT HOSPITAL NHS TRUST,NHS ENGLAND MIDLANDS,7469,0,1779,0,0,0,9248,794,8454,0.914143598615917,289,100,389,1222,0,0,1222,0,1222,ae_2026_07.csv
2026-07-01,RM1,NORFOLK AND NORWICH UNIVERSITY HOSPITALS NHS FOUNDATION TRUST,NHS ENGLAND EAST OF ENGLAND,14121,0,8148,0,0,0,22269,3955,18314,0.8223988504198662,768,186,954,2398,0,0,2398,1623,4021,ae_2026_07.csv
2026-07-01,RM3,NORTHERN CARE ALLIANCE NHS FOUNDATION TRUST,NHS ENGLAND NORTH WEST,28053,0,9145,0,0,0,37198,10765,26433,0.7106027205763751,933,902,1835,7887,0,359,8246,2710,10956,ae_2026_07.csv
2026-07-01,RMC,BOLTON NHS FOUNDATION TRUST,NHS ENGLAND NORTH WEST,8576,0,3793,15,0,0,12384,3447,8937,0.721656976744186,419,445,864,2417,0,103,2520,651,3171,ae_2026_07.csv
2026-07-01,RMP,TAMESIDE AND GLOSSOP INTEGRATED CARE NHS FOUNDATION TRUST,NHS ENGLAND NORTH WEST,8984,0,2143,461,0,158,11746,4251,7495,0.6380895624042228,431,474,905,1590,0,0,1590,274,1864,ae_2026_07.csv
2026-07-01,RN3,GREAT WESTERN HOSPITALS NHS FOUNDATION TRUST,NHS ENGLAND SOUTH WEST,7759,0,4487,0,0,0,12246,4318,7928,0.6473950677772334,683,390,1073,2600,0,0,2600,1399,3999,ae_2026_07.csv
2026-07-01,RN5,HAMPSHIRE HOSPITALS NHS FOUNDATION TRUST,NHS ENGLAND SOUTH EAST,10368,71,4920,0,0,139,15498,5520,9978,0.6438250096786682,213,7,220,3725,7,23,3755,949,4704,ae_2026_07.csv
2026-07-01,RN7,DARTFORD AND GRAVESHAM NHS TRUST,NHS ENGLAND SOUTH EAST,12051,0,4116,0,0,0,16167,3148,13019,0.8052823653120554,530,143,673,3940,0,0,3940,268,4208,ae_2026_07.csv
2026-07-01,RNA,THE DUDLEY GROUP NHS FOUNDATION TRUST,NHS ENGLAND MIDLANDS,10913,0,3676,0,0,606,15195,3277,11918,0.7843369529450477,853,90,943,3450,0,0,3450,2723,6173,ae_2026_07.csv
2026-07-01,RNN,NORTH CUMBRIA INTEGRATED CARE NHS FOUNDATION TRUST,NHS ENGLAND NORTH EAST AND YORKSHIRE,9179,0,3370,248,0,31,12828,4527,8301,0.6471000935453695,573,269,842,2254,0,0,2254,472,2726,ae_2026_07.csv
2026-07-01,RNQ,KETTERING GENERAL HOSPITAL NHS FOUNDATION TRUST,NHS ENGLAND MIDLANDS,11234,0,8936,0,0,0,20170,4075,16095,0.7979672781358453,505,712,1217,1918,0,0,1918,269,2187,ae_2026_07.csv
2026-07-01,RNS,NORTHAMPTON GENERAL HOSPITAL NHS TRUST,NHS ENGLAND MIDLANDS,11493,723,1872,0,0,0,14088,4138,9950,0.706274843838728,507,886,1393,2456,0,0,2456,400,2856,ae_2026_07.csv
2026-07-01,RNU,OXFORD HEALTH NHS FOUNDATION TRUST,NHS ENGLAND SOUTH EAST,0,0,5281,0,0,0,5281,228,5053,0.9568263586441962,0,0,0,0,0,0,0,0,0,ae_2026_07.csv
2026-07-01,RNZ,SALISBURY NHS FOUNDATION TRUST,NHS ENGLAND SOUTH WEST,5257,333,2193,0,0,0,7783,2597,5186,0.6663240395734292,410,136,546,1255,0,0,1255,992,2247,ae_2026_07.csv
2026-07-01,RP5,DONCASTER AND BASSETLAW TEACHING HOSPITALS NHS FOUNDATION TRUST,NHS ENGLAND NORTH EAST AND YORKSHIRE,14905,0,4351,0,0,0,19256,5138,14118,0.733174075612796,1319,180,1499,4268,0,488,4756,1007,5763,ae_2026_07.csv
2026-07-01,RP6,MOORFIELDS EYE HOSPITAL NHS FOUNDATION TRUST,NHS ENGLAND LONDON,0,6824,0,0,0,0,6824,250,6574,0.9633645955451349,0,0,0,0,3,0,3,263,266,ae_2026_07.csv
2026-07-01,RPA,MEDWAY NHS FOUNDATION TRUST,NHS ENGLAND SOUTH EAST,10123,0,6171,346,0,985,17625,4250,13375,0.7588652482269503,305,804,1109,1773,0,0,1773,577,2350,ae_2026_07.csv
2026-07-01,RPC,QUEEN VICTORIA HOSPITAL NHS FOUNDATION TRUST,NHS ENGLAND SOUTH EAST,0,0,1566,0,0,0,1566,11,1555,0.9929757343550447,0,0,0,0,0,4,4,628,632,ae_2026_07.csv
2026-07-01,RQ3,BIRMINGHAM WOMEN'S AND CHILDREN'S NHS FOUNDATION TRUST,NHS ENGLAND MIDLANDS,4528,0,914,0,0,0,5442,731,4711,0.8656743844174936,13,0,13,579,0,0,579,228,807,ae_2026_07.csv
2026-07-01,RQM,CHELSEA AND WESTMINSTER HOSPITAL NHS FOUNDATION TRUST,NHS ENGLAND LONDON,20950,0,6754,718,0,0,28422,6019,22403,0.7882274294560552,566,74,640,2979,0,0,2979,359,3338,ae_2026_07.csv
2026-07-01,RQW,THE PRINCESS ALEXANDRA HOSPITAL NHS TRUST,NHS ENGLAND EAST OF ENGLAND,9308,0,2021,0,0,404,11733,2586,9147,0.7795960112503196,569,282,851,1881,0,0,1881,396,2277,ae_2026_07.csv
2026-07-01,RQX,HOMERTON HEALTHCARE NHS FOUNDATION TRUST,NHS ENGLAND LONDON,11507,0,0,0,0,0,11507,2409,9098,0.7906491700703919,172,23,195,1837,0,0,1837,339,2176,ae_2026_07.csv
2026-07-01,RR7,GATESHEAD HEALTH NHS FOUNDATION TRUST,NHS ENGLAND NORTH EAST AND YORKSHIRE,5695,0,4816,6,0,1,10518,2091,8427,0.8011979463776383,474,3,477,1881,0,0,1881,39,1920,ae_2026_07.csv
2026-07-01,RR8,LEEDS TEACHING HOSPITALS NHS TRUST,NHS ENGLAND NORTH EAST AND YORKSHIRE,19452,782,10061,65,0,418,30778,7502,23276,0.7562544674767692,1536,581,2117,3757,0,0,3757,1119,4876,ae_2026_07.csv
2026-07-01,RRF,"WRIGHTINGTON, WIGAN AND LEIGH TEACHING HOSPITALS NHS FOUNDATION TRUST",NHS ENGLAND NORTH WEST,7080,0,6581,0,0,0,13661,3362,10299,0.7538979576897739,380,181,561,2566,0,0,2566,535,3101,ae_2026_07.csv
2026-07-01,RRK,UNIVERSITY HOSPITALS BIRMINGHAM NHS FOUNDATION TRUST,NHS ENGLAND MIDLANDS,35471,443,11898,0,0,291,48103,13939,34164,0.7102259734320104,1743,2187,3930,10478,0,0,10478,7797,18275,ae_2026_07.csv
2026-07-01,RRV,UNIVERSITY COLLEGE LONDON HOSPITALS NHS FOUNDATION TRUST,NHS ENGLAND LONDON,14233,0,0,493,0,0,14726,3543,11183,0.759405133776993,412,184,596,1442,0,0,1442,460,1902,ae_2026_07.csv
2026-07-01,RTD,THE NEWCASTLE UPON TYNE HOSPITALS NHS FOUNDATION TRUST,NHS ENGLAND NORTH EAST AND YORKSHIRE,12057,1878,8405,0,0,1300,23640,5344,18296,0.7739424703891709,436,3,439,3787,23,0,3810,3206,7016,ae_2026_07.csv
2026-07-01,RTE,GLOUCESTERSHIRE HOSPITALS NHS FOUNDATION TRUST,NHS ENGLAND SOUTH WEST,15056,0,0,0,0,0,15056,5065,9991,0.6635892667375133,316,197,513,2617,0,0,2617,3053,5670,ae_2026_07.csv
2026-07-01,RTF,NORTHUMBRIA HEALTHCARE NHS FOUNDATION TRUST,NHS ENGLAND NORTH EAST AND YORKSHIRE,11136,0,14932,0,0,0,26068,2076,23992,0.9203621298143317,2,0,2,4703,0,12,4715,515,5230,ae_2026_07.csv
2026-07-01,RTG,UNIVERSITY HOSPITALS OF DERBY AND BURTON NHS FOUNDATION TRUST,NHS ENGLAND MIDLANDS,23153,0,9858,1684,0,52,34747,10681,24066,0.6926065559616658,1252,589,1841,4174,0,1,4175,2100,6275,ae_2026_07.csv
2026-07-01,RTH,OXFORD UNIVERSITY HOSPITALS NHS FOUNDATION TRUST,NHS ENGLAND SOUTH EAST,13239,1542,3319,1762,0,187,20049,4397,15652,0.7806873160756147,410,7,417,5356,111,13,5480,4232,9712,ae_2026_07.csv
2026-07-01,RTK,ASHFORD AND ST PETER'S HOSPITALS NHS FOUNDATION TRUST,NHS ENGLAND SOUTH EAST,7844,0,2762,0,0,0,10606,3191,7415,0.6991325664718084,405,507,912,2280,0,0,2280,553,2833,ae_2026_07.csv
2026-07-01,RTP,SURREY AND SUSSEX HEALTHCARE NHS TRUST,NHS ENGLAND SOUTH EAST,10600,0,0,0,0,0,10600,4559,6041,0.5699056603773585,553,428,981,3094,0,0,3094,1086,4180,ae_2026_07.csv
2026-07-01,RTQ,GLOUCESTERSHIRE HEALTH AND CARE NHS FOUNDATION TRUST,NHS ENGLAND SOUTH WEST,0,0,9207,0,0,0,9207,333,8874,0.9638318670576735,0,0,0,0,0,1,1,35,36,ae_2026_07.csv
2026-07-01,RTR,SOUTH TEES HOSPITALS NHS FOUNDATION TRUST,NHS ENGLAND NORTH EAST AND YORKSHIRE,7798,0,10395,0,0,2063,20256,3666,16590,0.8190165876777251,143,3,146,2334,0,413,2747,2567,5314,ae_2026_07.csv
2026-07-01,RTX,UNIVERSITY HOSPITALS OF MORECAMBE BAY NHS FOUNDATION TRUST,NHS ENGLAND NORTH WEST,9492,0,3297,160,0,2118,15067,4293,10774,0.715072675383288,722,712,1434,3189,0,9,3198,1028,4226,ae_2026_07.csv
2026-07-01,RV9,HUMBER TEACHING NHS FOUNDATION TRUST,NHS ENGLAND NORTH EAST AND YORKSHIRE,0,0,1156,0,0,98,1254,1,1253,0.9992025518341308,0,0,0,0,0,0,0,0,0,ae_2026_07.csv
2026-07-01,RVR,EPSOM AND ST HELIER UNIVERSITY HOSPITALS NHS TRUST,NHS ENGLAND LONDON,10655,0,3309,2,0,0,13966,4499,9467,0.677860518401833,611,693,1304,1930,0,0,1930,319,2249,ae_2026_07.csv
2026-07-01,RVV,EAST KENT HOSPITALS UNIVERSITY NHS FOUNDATION TRUST,NHS ENGLAND SOUTH EAST,13584,0,13763,0,0,0,27347,7184,20163,0.7373020806669836,585,1074,1659,3067,0,565,3632,548,4180,ae_2026_07.csv
2026-07-01,RVW,NORTH TEES AND HARTLEPOOL NHS FOUNDATION TRUST,NHS ENGLAND NORTH EAST AND YORKSHIRE,5306,0,11821,0,0,0,17127,3183,13944,0.814153091609739,135,7,142,1687,0,554,2241,2416,4657,ae_2026_07.csv
2026-07-01,RW1,HAMPSHIRE AND ISLE OF WIGHT HEALTHCARE NHS FOUNDATION TRUST,NHS ENGLAND SOUTH EAST,0,0,3145,0,0,0,3145,128,3017,0.9593004769475357,0,0,0,0,0,0,0,121,121,ae_2026_07.csv
2026-07-01,RW4,MERSEY CARE NHS FOUNDATION TRUST,NHS ENGLAND NORTH WEST,0,0,14271,0,0,0,14271,272,13999,0.9809403685796371,0,0,0,0,0,0,0,45,45,ae_2026_07.csv
2026-07-01,RWA,HULL UNIVERSITY TEACHING HOSPITALS NHS TRUST,NHS ENGLAND NORTH EAST AND YORKSHIRE,10566,0,4262,0,0,0,14828,5600,9228,0.6223361208524413,814,172,986,3880,0,0,3880,2270,6150,ae_2026_07.csv
2026-07-01,RWD,UNITED LINCOLNSHIRE TEACHING HOSPITALS NHS TRUST,NHS ENGLAND MIDLANDS,18237,0,4418,0,0,0,22655,6502,16153,0.7129993378945045,636,1217,1853,4935,0,0,4935,1205,6140,ae_2026_07.csv
2026-07-01,RWE,UNIVERSITY HOSPITALS OF LEICESTER NHS TRUST,NHS ENGLAND MIDLANDS,22400,2253,0,0,0,0,24653,8962,15691,0.6364742627672089,1181,860,2041,6725,6,0,6731,3557,10288,ae_2026_07.csv
2026-07-01,RWF,MAIDSTONE AND TUNBRIDGE WELLS NHS TRUST,NHS ENGLAND SOUTH EAST,19712,0,1935,959,0,136,22742,5636,17106,0.7521765895699587,1069,324,1393,2465,0,0,2465,624,3089,ae_2026_07.csv
2026-07-01,RWG,WEST HERTFORDSHIRE TEACHING HOSPITALS NHS TRUST,NHS ENGLAND EAST OF ENGLAND,8493,0,8742,0,0,576,17811,2124,15687,0.8807478524507327,641,26,667,5358,0,0,5358,463,5821,ae_2026_07.csv
2026-07-01,RWH,EAST AND NORTH HERTFORDSHIRE TEACHING NHS TRUST,NHS ENGLAND EAST OF ENGLAND,9252,0,8993,0,0,0,18245,4313,13932,0.7636064675253494,448,206,654,2335,0,2,2337,337,2674,ae_2026_07.csv
2026-07-01,RWJ,STOCKPORT NHS FOUNDATION TRUST,NHS ENGLAND NORTH WEST,8621,0,885,382,0,1469,11357,3806,7551,0.6648762877520472,576,148,724,2682,0,51,2733,1030,3763,ae_2026_07.csv
2026-07-01,RWP,WORCESTERSHIRE ACUTE HOSPITALS NHS TRUST,NHS ENGLAND MIDLANDS,15328,0,7026,0,0,0,22354,6883,15471,0.6920909009573231,839,986,1825,3230,0,0,3230,920,4150,ae_2026_07.csv
2026-07-01,RWW,NORTH CHESHIRE AND MERSEY NHS FOUNDATION TRUST,NHS ENGLAND NORTH WEST,7159,0,6141,279,0,376,13955,3242,10713,0.7676818344679326,506,841,1347,1788,0,0,1788,119,1907,ae_2026_07.csv
2026-07-01,RWX,BERKSHIRE HEALTHCARE NHS FOUNDATION TRUST,NHS ENGLAND SOUTH EAST,0,0,1625,0,0,0,1625,28,1597,0.9827692307692307,0,0,0,0,0,21,21,0,21,ae_2026_07.csv
2026-07-01,RWY,CALDERDALE AND HUDDERSFIELD NHS FOUNDATION TRUST,NHS ENGLAND NORTH EAST AND YORKSHIRE,17089,0,0,0,0,0,17089,2552,14537,0.8506641699338756,1212,92,1304,2907,0,0,2907,197,3104,ae_2026_07.csv
2026-07-01,RX1,NOTTINGHAM UNIVERSITY HOSPITALS NHS TRUST,NHS ENGLAND MIDLANDS,13359,2273,9707,0,0,309,25648,8332,17316,0.6751403618215845,141,771,912,3662,0,1197,4859,4246,9105,ae_2026_07.csv
2026-07-01,RXC,EAST SUSSEX HEALTHCARE NHS TRUST,NHS ENGLAND SOUTH EAST,10683,0,2720,1728,0,1536,16667,4141,12526,0.751544969100618,263,246,509,2960,0,0,2960,536,3496,ae_2026_07.csv
2026-07-01,RXF,MID YORKSHIRE TEACHING NHS TRUST,NHS ENGLAND NORTH EAST AND YORKSHIRE,17483,127,6973,124,0,51,24758,6784,17974,0.7259875595767025,2075,255,2330,3391,0,168,3559,837,4396,ae_2026_07.csv
2026-07-01,RXG,SOUTH WEST YORKSHIRE PARTNERSHIP TEACHING NHS FOUNDATION TRUST,NHS ENGLAND NORTH EAST AND YORKSHIRE,0,0,0,0,0,0,0,0,0,NA,0,0,0,0,0,0,0,126,126,ae_2026_07.csv
2026-07-01,RXK,SANDWELL AND WEST BIRMINGHAM HOSPITALS NHS TRUST,NHS ENGLAND MIDLANDS,11881,1252,8317,405,0,0,21855,5452,16403,0.7505376344086021,710,301,1011,2627,0,20,2647,72,2719,ae_2026_07.csv
2026-07-01,RXL,BLACKPOOL TEACHING HOSPITALS NHS FOUNDATION TRUST,NHS ENGLAND NORTH WEST,8927,0,9822,359,0,432,19540,4184,15356,0.7858751279426817,445,412,857,1805,0,0,1805,2561,4366,ae_2026_07.csv
2026-07-01,RXN,LANCASHIRE TEACHING HOSPITALS NHS FOUNDATION TRUST,NHS ENGLAND NORTH WEST,12911,0,3488,210,0,61,16670,4353,12317,0.7388722255548891,1096,312,1408,3418,0,100,3518,1231,4749,ae_2026_07.csv
2026-07-01,RXP,COUNTY DURHAM AND DARLINGTON NHS FOUNDATION TRUST,NHS ENGLAND NORTH EAST AND YORKSHIRE,13244,0,4078,0,0,7021,24343,5424,18919,0.7771844061947993,1475,39,1514,4468,0,0,4468,840,5308,ae_2026_07.csv
2026-07-01,RXQ,BUCKINGHAMSHIRE HEALTHCARE NHS TRUST,NHS ENGLAND SOUTH EAST,9922,1477,3157,0,0,0,14556,3645,10911,0.7495877988458368,224,194,418,4090,1096,0,5186,1477,6663,ae_2026_07.csv
2026-07-01,RXR,EAST LANCASHIRE HOSPITALS NHS TRUST,NHS ENGLAND NORTH WEST,14366,0,11885,0,0,0,26251,5451,20800,0.792350767589806,255,855,1110,3829,0,88,3917,2262,6179,ae_2026_07.csv
2026-07-01,RXW,THE SHREWSBURY AND TELFORD HOSPITAL NHS TRUST,NHS ENGLAND MIDLANDS,12003,0,2492,0,0,0,14495,6932,7563,0.5217661262504312,609,1300,1909,3635,0,181,3816,2221,6037,ae_2026_07.csv
2026-07-01,RY4,HERTFORDSHIRE COMMUNITY NHS TRUST,NHS ENGLAND EAST OF ENGLAND,0,0,1342,0,0,0,1342,124,1218,0.9076005961251863,0,0,0,0,0,0,0,0,0,ae_2026_07.csv
2026-07-01,RY5,LINCOLNSHIRE COMMUNITY HEALTH SERVICES NHS TRUST,NHS ENGLAND MIDLANDS,0,0,9426,0,0,0,9426,194,9232,0.9794186293231487,0,0,0,0,0,0,0,0,0,ae_2026_07.csv
2026-07-01,RY7,WIRRAL COMMUNITY HEALTH AND CARE NHS FOUNDATION TRUST,NHS ENGLAND NORTH WEST,0,0,4146,0,0,0,4146,216,3930,0.9479015918958031,0,0,0,0,0,0,0,0,0,ae_2026_07.csv
2026-07-01,RY8,DERBYSHIRE COMMUNITY HEALTH SERVICES NHS FOUNDATION TRUST,NHS ENGLAND MIDLANDS,0,0,7933,0,0,1311,9244,567,8677,0.9386629164863696,0,0,0,0,0,0,0,0,0,ae_2026_07.csv
2026-07-01,RYF,SOUTH WESTERN AMBULANCE SERVICE NHS FOUNDATION TRUST,NHS ENGLAND SOUTH WEST,0,0,2296,0,0,34,2330,110,2220,0.9527896995708155,0,0,0,0,0,0,0,0,0,ae_2026_07.csv
2026-07-01,RYG,COVENTRY AND WARWICKSHIRE PARTNERSHIP NHS TRUST,NHS ENGLAND MIDLANDS,0,0,0,0,0,0,0,0,0,NA,0,0,0,0,0,9,9,39,48,ae_2026_07.csv
2026-07-01,RYJ,IMPERIAL COLLEGE HEALTHCARE NHS TRUST,NHS ENGLAND LONDON,12485,4383,7793,0,0,592,25253,5706,19547,0.774046647923019,582,0,582,3810,0,0,3810,1070,4880,ae_2026_07.csv
2026-07-01,RYR,UNIVERSITY HOSPITALS SUSSEX NHS FOUNDATION TRUST,NHS ENGLAND SOUTH EAST,29472,1748,1716,1573,0,549,35058,13166,21892,0.6244509099207028,893,1090,1983,8373,14,22,8409,1919,10328,ae_2026_07.csv
2026-07-01,RYX,CENTRAL LONDON COMMUNITY HEALTHCARE NHS TRUST,NHS ENGLAND LONDON,0,0,13981,0,0,725,14706,293,14413,0.9800761593907249,0,0,0,0,0,0,0,0,0,ae_2026_07.csv
2026-07-01,RYY,KENT COMMUNITY HEALTH NHS FOUNDATION TRUST,NHS ENGLAND SOUTH EAST,0,0,7048,0,0,0,7048,70,6978,0.9900681044267877,0,0,0,0,0,0,0,0,0,ae_2026_07.csv
2026-07-01,Y02428,PUTNOE WALK IN CENTRE,NHS ENGLAND EAST OF ENGLAND,0,0,2164,0,0,0,2164,0,2164,1,0,0,0,0,0,0,0,0,0,ae_2026_07.csv
2026-07-01,Y02532,MIRIAM MINOR EMERGENCY,NHS ENGLAND NORTH WEST,0,0,1652,0,0,0,1652,0,1652,1,0,0,0,0,0,0,0,0,0,ae_2026_07.csv
2026-07-01,Y02676,BRIGHTON STATION HEALTH CENTRE,NHS ENGLAND SOUTH EAST,0,0,1981,0,0,0,1981,0,1981,1,0,0,0,0,0,0,0,0,0,ae_2026_07.csv
2026-08-01,AAH,TETBURY HOSPITAL TRUST LTD,NHS ENGLAND SOUTH WEST,0,0,603,0,0,0,603,0,603,1,0,0,0,0,0,0,0,0,0,ae_2026_08.csv
2026-08-01,ACH01,WHITSTABLE MEDICAL PRACTICE,NHS ENGLAND SOUTH EAST,0,0,4942,0,0,0,4942,0,4942,1,0,0,0,0,0,0,0,0,0,ae_2026_08.csv
2026-08-01,AD913,BECKENHAM BEACON UCC,NHS ENGLAND LONDON,0,0,3424,0,0,233,3657,29,3628,0.9920700027344819,0,0,0,0,0,0,0,0,0,ae_2026_08.csv
2026-08-01,AJN,WORKINGTON HEALTH LIMITED,NHS ENGLAND NORTH EAST AND YORKSHIRE,0,0,461,0,0,0,461,0,461,1,0,0,0,0,0,0,0,0,0,ae_2026_08.csv
2026-08-01,AQM01,FAVERSHAM MEDICAL PRACTICE MIU,NHS ENGLAND SOUTH EAST,0,0,2906,0,0,0,2906,0,2906,1,0,0,0,0,0,0,0,0,0,ae_2026_08.csv
2026-08-01,AQN04,PHL LYMINGTON UTC,NHS ENGLAND SOUTH EAST,0,0,3444,0,0,4,3448,187,3261,0.9457656612529002,0,0,0,0,0,0,0,0,0,ae_2026_08.csv
2026-08-01,ARN03,LOCAL CARE DIRECT,NHS ENGLAND NORTH EAST AND YORKSHIRE,0,0,2237,0,0,191,2428,0,2428,1,0,0,0,0,0,0,0,0,0,ae_2026_08.csv
2026-08-01,C82009,MARKET HARBOROUGH MED.CTR,NHS ENGLAND MIDLANDS,0,0,307,0,0,0,307,0,307,1,0,0,0,0,0,0,0,0,0,ae_2026_08.csv
2026-08-01,C82038,LATHAM HOUSE MEDICAL PRACTICE,NHS ENGLAND MIDLANDS,0,0,388,0,0,0,388,0,388,1,0,0,0,0,0,0,0,0,0,ae_2026_08.csv
2026-08-01,C83023,SLEAFORD MEDICAL GROUP,NHS ENGLAND MIDLANDS,0,0,539,0,0,0,539,0,539,1,0,0,0,0,0,0,0,5,5,ae_2026_08.csv
2026-08-01,DJV01,HERNE BAY HEALTH CARE LTD,NHS ENGLAND SOUTH EAST,0,0,2791,0,0,0,2791,0,2791,1,0,0,0,0,0,0,0,0,0,ae_2026_08.csv
2026-08-01,DT301,HERTS URGENT CARE (ASCOTS LANE),NHS ENGLAND EAST OF ENGLAND,0,0,2128,0,0,0,2128,72,2056,0.9661654135338346,0,0,0,0,0,0,0,0,0,ae_2026_08.csv
2026-08-01,G0Q0L,BARKING HOSPITAL UTC,NHS ENGLAND LONDON,0,0,2532,0,0,0,2532,7,2525,0.9972353870458136,0,0,0,0,0,0,0,0,0,ae_2026_08.csv
2026-08-01,G3P9C,TROWBRIDGE MINOR INJURIES UNIT,NHS ENGLAND SOUTH WEST,0,0,1507,0,0,0,1507,2,1505,0.9986728599867286,0,0,0,0,0,0,0,0,0,ae_2026_08.csv
2026-08-01,K6K0R,HAROLD WOOD POLYCLINIC UTC,NHS ENGLAND LONDON,0,0,2620,0,0,0,2620,16,2604,0.9938931297709923,0,0,0,0,0,0,0,0,0,ae_2026_08.csv
2026-08-01,L83087,OKEHAMPTON MEDICAL CENTRE,NHS ENGLAND SOUTH WEST,0,0,63,0,0,0,63,0,63,1,0,0,0,0,0,0,0,0,0,ae_2026_08.csv
2026-08-01,NDJ,FIRST COMMUNITY HEALTH AND CARE CIC,NHS ENGLAND SOUTH EAST,0,0,2320,0,0,0,2320,34,2286,0.9853448275862069,0,0,0,0,0,0,0,0,0,ae_2026_08.csv
2026-08-01,NLX,SIRONA CARE & HEALTH,NHS ENGLAND SOUTH WEST,0,0,9024,0,0,330,9354,333,9021,0.9644002565747274,0,0,0,0,0,0,0,0,0,ae_2026_08.csv
2026-08-01,NNF09,BRANSHOLME HEALTH CENTRE,NHS ENGLAND NORTH EAST AND YORKSHIRE,0,0,3486,0,0,0,3486,287,3199,0.9176706827309237,0,0,0,0,0,0,0,0,0,ae_2026_08.csv
2026-08-01,NNF16,BRIDLINGTON HOSPITAL,NHS ENGLAND NORTH EAST AND YORKSHIRE,0,0,1707,0,0,0,1707,66,1641,0.961335676625659,0,0,0,0,0,0,0,0,0,ae_2026_08.csv
2026-08-01,NNF94,EAST RIDING COMMUNITY HOSPITAL,NHS ENGLAND NORTH EAST AND YORKSHIRE,0,0,2895,0,0,0,2895,233,2662,0.9195164075993092,0,0,0,0,0,0,0,0,0,ae_2026_08.csv
2026-08-01,NNFA7,GOOLE & DISTRICT HOSPITAL,NHS ENGLAND NORTH EAST AND YORKSHIRE,0,0,1671,0,0,0,1671,17,1654,0.9898264512268103,0,0,0,0,0,0,0,0,0,ae_2026_08.csv
2026-08-01,NNJ,DHU HEALTH CARE C.I.C,NHS ENGLAND MIDLANDS,0,0,2036,0,0,0,2036,0,2036,1,0,0,0,0,0,0,0,0,0,ae_2026_08.csv
2026-08-01,NNJ07,LOUGHBOROUGH URGENT CARE CENTRE,NHS ENGLAND MIDLANDS,0,0,5431,0,0,2145,7576,22,7554,0.9970960929250264,0,0,0,0,0,0,0,0,0,ae_2026_08.csv
2026-08-01,NNJ0H,LLR EA - THE MERLYN VAZ HEALTH & SOCIAL CARE CENTRE,NHS ENGLAND MIDLANDS,0,0,210,0,0,2479,2689,3,2686,0.9988843436221644,0,0,0,0,0,0,0,0,0,ae_2026_08.csv
2026-08-01,NNJ10,ENDERBY LEISURE CENTRE,NHS ENGLAND MIDLANDS,0,0,0,0,0,371,371,0,371,1,0,0,0,0,0,0,0,0,0,ae_2026_08.csv
2026-08-01,NNJ11,LUTTERWORTH HOSPITAL,NHS ENGLAND MIDLANDS,0,0,0,0,0,169,169,0,169,1,0,0,0,0,0,0,0,0,0,ae_2026_08.csv
2026-08-01,NNJ12,MARKET HARBOROUGH,NHS ENGLAND MIDLANDS,0,0,0,0,0,324,324,0,324,1,0,0,0,0,0,0,0,0,0,ae_2026_08.csv
2026-08-01,NNJ13,MELTON MOWBRAY,NHS ENGLAND MIDLANDS,0,0,0,0,0,406,406,0,406,1,0,0,0,0,0,0,0,0,0,ae_2026_08.csv
2026-08-01,NNJ14,OADBY,NHS ENGLAND MIDLANDS,0,0,590,0,0,3422,4012,1,4011,0.9997507477567298,0,0,0,0,0,0,0,0,0,ae_2026_08.csv
2026-08-01,NNJ15,RUTLAND MINOR ILLNESS AND INJURY SERVICE (FORMERLY WLHH PRE-APRIL 2026),NHS ENGLAND MIDLANDS,0,0,269,0,0,371,640,0,640,1,0,0,0,0,0,0,0,0,0,ae_2026_08.csv
2026-08-01,NQT1I,CHIPPENHAM COMMUNITY HOSPITAL,NHS ENGLAND SOUTH WEST,0,0,1817,0,0,0,1817,17,1800,0.9906439185470556,0,0,0,0,0,0,0,0,0,ae_2026_08.csv
2026-08-01,NQT5F,SKELMERSDALE WALK IN CENTRE,NHS ENGLAND NORTH WEST,0,0,1557,0,0,0,1557,17,1540,0.9890815671162492,0,0,0,0,0,0,0,0,0,ae_2026_08.csv
2026-08-01,NQT5H,PAULTON MEMORIAL HOSPITAL,NHS ENGLAND SOUTH WEST,0,0,1305,0,0,0,1305,1,1304,0.9992337164750957,0,0,0,0,0,0,0,0,0,ae_2026_08.csv
2026-08-01,NTP11,PRACTICE PLUS GROUP HOSPITAL - SOUTHAMPTON,NHS ENGLAND SOUTH EAST,0,0,5365,0,0,0,5365,140,5225,0.9739049394221808,0,0,0,0,0,0,0,0,0,ae_2026_08.csv
2026-08-01,NTPAD,PRACTICE PLUS GROUP SURGICAL CENTRE - ST MARYS PORTSMOUTH,NHS ENGLAND SOUTH EAST,0,0,4971,0,0,285,5256,119,5137,0.977359208523592,0,0,0,0,0,0,0,0,0,ae_2026_08.csv
2026-08-01,NTV0B,ASHFORD WALK-IN-CENTRE,NHS ENGLAND SOUTH EAST,0,0,2517,0,0,0,2517,91,2426,0.9638458482320222,0,0,0,0,0,0,0,0,0,ae_2026_08.csv
2026-08-01,NTV0W,WOKING WALK IN CENTRE,NHS ENGLAND SOUTH EAST,0,0,2828,0,0,0,2828,93,2735,0.9671145685997171,0,0,0,0,0,0,0,0,0,ae_2026_08.csv
2026-08-01,NV693,ROSSENDALE MIU & OOH,NHS ENGLAND NORTH WEST,0,0,1044,0,0,0,1044,0,1044,1,0,0,0,0,0,0,0,0,0,ae_2026_08.csv
2026-08-01,NVE43,HASTINGS GP LED HEALTH CENTRE,NHS ENGLAND SOUTH EAST,0,0,1235,0,0,0,1235,0,1235,1,0,0,0,0,0,0,0,0,0,ae_2026_08.csv
2026-08-01,R0A,MANCHESTER UNIVERSITY NHS FOUNDATION TRUST,NHS ENGLAND NORTH WEST,25092,3495,11149,3060,364,818,43978,11242,32736,0.7443721860930466,2696,91,2787,5762,123,114,5999,387,6386,ae_2026_08.csv
2026-08-01,R0B,SOUTH TYNESIDE AND SUNDERLAND NHS FOUNDATION TRUST,NHS ENGLAND NORTH EAST AND YORKSHIRE,10786,1477,5604,1334,0,1929,21130,4462,16668,0.7888310459062944,221,0,221,4594,19,0,4613,1261,5874,ae_2026_08.csv
2026-08-01,R0D,UNIVERSITY HOSPITALS DORSET NHS FOUNDATION TRUST,NHS ENGLAND SOUTH WEST,16251,0,4497,0,0,0,20748,6031,14717,0.7093213803740119,861,135,996,4337,5,0,4342,2375,6717,ae_2026_08.csv
2026-08-01,R1D,SHROPSHIRE COMMUNITY HEALTH NHS TRUST,NHS ENGLAND MIDLANDS,0,0,3409,0,0,0,3409,26,3383,0.992373129950132,0,0,0,0,0,0,0,0,0,ae_2026_08.csv
2026-08-01,R1F,ISLE OF WIGHT NHS TRUST,NHS ENGLAND SOUTH EAST,4644,233,1843,16,0,7,6743,1413,5330,0.790449354886549,268,118,386,1481,0,0,1481,78,1559,ae_2026_08.csv
2026-08-01,R1H,BARTS HEALTH NHS TRUST,NHS ENGLAND LONDON,25241,751,17994,0,0,0,43986,11830,32156,0.7310507888873733,1043,1189,2232,3932,0,22,3954,1162,5116,ae_2026_08.csv
2026-08-01,R1K,LONDON NORTH WEST UNIVERSITY HEALTHCARE NHS TRUST,NHS ENGLAND LONDON,13874,0,15224,0,0,0,29098,6844,22254,0.7647948312598805,650,585,1235,6069,0,0,6069,135,6204,ae_2026_08.csv
2026-08-01,RA2,ROYAL SURREY NHS FOUNDATION TRUST,NHS ENGLAND SOUTH EAST,6629,0,2288,820,0,117,9854,2555,7299,0.7407144306880454,394,18,412,2224,0,0,2224,750,2974,ae_2026_08.csv
2026-08-01,RA7,BRISTOL NHS FOUNDATION TRUST,NHS ENGLAND SOUTH WEST,24619,2591,0,0,0,0,27210,7644,19566,0.7190738699007718,1106,481,1587,8011,9,0,8020,3660,11680,ae_2026_08.csv
2026-08-01,RA9,TORBAY AND SOUTH DEVON NHS FOUNDATION TRUST,NHS ENGLAND SOUTH WEST,7404,0,3794,0,0,0,11198,4102,7096,0.6336845865333095,328,166,494,1609,0,11,1620,442,2062,ae_2026_08.csv
2026-08-01,RAE,BRADFORD TEACHING HOSPITALS NHS FOUNDATION TRUST,NHS ENGLAND NORTH EAST AND YORKSHIRE,8727,912,3473,0,0,0,13112,2259,10853,0.8277150701647346,570,144,714,2500,0,9,2509,1060,3569,ae_2026_08.csv
2026-08-01,RAJ,MID AND SOUTH ESSEX NHS FOUNDATION TRUST,NHS ENGLAND EAST OF ENGLAND,27142,0,8038,67,0,29,35276,10503,24773,0.7022621612427713,1945,1371,3316,8852,0,120,8972,1039,10011,ae_2026_08.csv
2026-08-01,RAL,ROYAL FREE LONDON NHS FOUNDATION TRUST,NHS ENGLAND LONDON,25477,501,15143,166,5,178,41470,8143,33327,0.8036411863998071,835,1946,2781,6779,2,101,6882,724,7606,ae_2026_08.csv
2026-08-01,RAN,ROYAL NATIONAL ORTHOPAEDIC HOSPITAL NHS TRUST,NHS ENGLAND LONDON,0,0,0,0,0,0,0,0,0,NA,0,0,0,0,0,0,0,30,30,ae_2026_08.csv
2026-08-01,RAS,THE HILLINGDON HOSPITALS NHS FOUNDATION TRUST,NHS ENGLAND LONDON,5562,0,6563,0,0,0,12125,2245,9880,0.8148453608247422,285,15,300,1743,0,0,1743,56,1799,ae_2026_08.csv
2026-08-01,RAT,NORTH EAST LONDON NHS FOUNDATION TRUST,NHS ENGLAND LONDON,0,0,1408,0,0,0,1408,79,1329,0.9438920454545454,0,0,0,0,0,0,0,0,0,ae_2026_08.csv
2026-08-01,RAX,KINGSTON AND RICHMOND NHS FOUNDATION TRUST,NHS ENGLAND LONDON,6977,0,8218,0,0,0,15195,4056,11139,0.7330700888450148,259,462,721,2562,0,205,2767,556,3323,ae_2026_08.csv
2026-08-01,RBD,DORSET COUNTY HOSPITAL NHS FOUNDATION TRUST,NHS ENGLAND SOUTH WEST,5110,0,0,435,0,4958,10503,2424,8079,0.7692087974864324,194,21,215,2057,0,0,2057,497,2554,ae_2026_08.csv
2026-08-01,RBK,WALSALL HEALTHCARE NHS TRUST,NHS ENGLAND MIDLANDS,9596,0,4327,30,0,134,14087,3119,10968,0.7785901895364521,1148,162,1310,4313,0,0,4313,767,5080,ae_2026_08.csv
2026-08-01,RBL,WIRRAL UNIVERSITY TEACHING HOSPITAL NHS FOUNDATION TRUST,NHS ENGLAND NORTH WEST,7482,0,2437,129,0,86,10134,4802,5332,0.5261495954213539,486,446,932,2338,0,0,2338,1646,3984,ae_2026_08.csv
2026-08-01,RBN,MERSEY AND WEST LANCASHIRE TEACHING HOSPITALS NHS TRUST,NHS ENGLAND NORTH WEST,17116,0,7426,174,0,0,24716,6512,18204,0.7365269461077845,598,436,1034,8065,0,0,8065,875,8940,ae_2026_08.csv
2026-08-01,RBQ,LIVERPOOL HEART AND CHEST HOSPITAL NHS FOUNDATION TRUST,NHS ENGLAND NORTH WEST,0,0,0,0,0,0,0,0,0,NA,0,0,0,0,0,0,0,105,105,ae_2026_08.csv
2026-08-01,RBS,ALDER HEY CHILDREN'S NHS FOUNDATION TRUST,NHS ENGLAND NORTH WEST,4626,0,0,0,0,0,4626,492,4134,0.893644617380026,0,0,0,717,0,0,717,207,924,ae_2026_08.csv
2026-08-01,RBT,MID CHESHIRE HOSPITALS NHS FOUNDATION TRUST,NHS ENGLAND NORTH WEST,7136,0,3104,0,0,76,10316,3389,6927,0.6714811942613416,480,612,1092,2557,0,0,2557,726,3283,ae_2026_08.csv
2026-08-01,RBV,THE CHRISTIE NHS FOUNDATION TRUST,NHS ENGLAND NORTH WEST,0,0,0,0,0,0,0,0,0,NA,0,0,0,0,0,0,0,816,816,ae_2026_08.csv
2026-08-01,RC9,BEDFORDSHIRE HOSPITALS NHS FOUNDATION TRUST,NHS ENGLAND EAST OF ENGLAND,17973,0,7705,0,0,0,25678,7264,18414,0.71711192460472,82,13,95,4881,0,0,4881,2167,7048,ae_2026_08.csv
2026-08-01,RCB,YORK AND SCARBOROUGH TEACHING HOSPITALS NHS FOUNDATION TRUST,NHS ENGLAND NORTH EAST AND YORKSHIRE,12933,19,5809,0,0,0,18761,6958,11803,0.6291242471083631,389,116,505,3339,0,0,3339,721,4060,ae_2026_08.csv
2026-08-01,RCD,HARROGATE AND DISTRICT NHS FOUNDATION TRUST,NHS ENGLAND NORTH EAST AND YORKSHIRE,5307,0,1571,242,0,10,7130,1750,5380,0.7545582047685835,64,0,64,1093,0,0,1093,162,1255,ae_2026_08.csv
2026-08-01,RCF,AIREDALE NHS FOUNDATION TRUST,NHS ENGLAND NORTH EAST AND YORKSHIRE,6115,218,0,405,0,0,6738,2733,4005,0.5943900267141585,469,264,733,1366,0,0,1366,457,1823,ae_2026_08.csv
2026-08-01,RCU,SHEFFIELD CHILDREN'S NHS FOUNDATION TRUST,NHS ENGLAND NORTH EAST AND YORKSHIRE,3697,0,0,177,0,0,3874,298,3576,0.9230769230769231,6,0,6,719,0,0,719,67,786,ae_2026_08.csv
2026-08-01,RCX,"THE QUEEN ELIZABETH HOSPITAL, KING'S LYNN, NHS FOUNDATION TRUST",NHS ENGLAND EAST OF ENGLAND,6721,0,1274,0,0,0,7995,2940,5055,0.6322701688555347,751,151,902,1866,0,0,1866,317,2183,ae_2026_08.csv
2026-08-01,RD1,ROYAL UNITED HOSPITALS BATH NHS FOUNDATION TRUST,NHS ENGLAND SOUTH WEST,8912,0,0,0,0,0,8912,3923,4989,0.5598070017953322,879,114,993,2764,0,0,2764,2005,4769,ae_2026_08.csv
2026-08-01,RD8,MILTON KEYNES UNIVERSITY HOSPITAL NHS FOUNDATION TRUST,NHS ENGLAND EAST OF ENGLAND,7937,0,4745,881,0,351,13914,4734,9180,0.6597671410090556,1044,0,1044,2511,0,0,2511,466,2977,ae_2026_08.csv
2026-08-01,RDE,EAST SUFFOLK AND NORTH ESSEX NHS FOUNDATION TRUST,NHS ENGLAND EAST OF ENGLAND,12281,0,13002,0,0,0,25283,5742,19541,0.772890875291698,577,675,1252,5044,0,1,5045,185,5230,ae_2026_08.csv
2026-08-01,RDR,SUSSEX COMMUNITY NHS FOUNDATION TRUST,NHS ENGLAND SOUTH EAST,0,0,12195,0,0,0,12195,232,11963,0.9809758097580976,0,0,0,0,0,0,0,0,0,ae_2026_08.csv
2026-08-01,RDU,FRIMLEY HEALTH NHS FOUNDATION TRUST,NHS ENGLAND SOUTH EAST,21615,698,10161,0,0,0,32474,9132,23342,0.7187904169489437,1014,460,1474,6256,0,0,6256,126,6382,ae_2026_08.csv
2026-08-01,RDY,DORSET HEALTHCARE UNIVERSITY NHS FOUNDATION TRUST,NHS ENGLAND SOUTH WEST,0,0,0,0,0,0,0,0,0,NA,0,0,0,0,0,0,0,0,0,ae_2026_08.csv
2026-08-01,REF,ROYAL CORNWALL HOSPITALS NHS TRUST,NHS ENGLAND SOUTH WEST,8238,0,14208,0,0,0,22446,5521,16925,0.7540318987792926,686,571,1257,2816,0,39,2855,1229,4084,ae_2026_08.csv
2026-08-01,REM,LIVERPOOL UNIVERSITY HOSPITALS NHS FOUNDATION TRUST,NHS ENGLAND NORTH WEST,16544,2023,9872,544,0,0,28983,8491,20492,0.7070351585412138,853,1027,1880,4856,199,0,5055,2266,7321,ae_2026_08.csv
2026-08-01,REP,LIVERPOOL WOMEN'S NHS FOUNDATION TRUST,NHS ENGLAND NORTH WEST,0,1506,0,0,0,0,1506,125,1381,0.9169986719787516,0,0,0,0,134,0,134,14,148,ae_2026_08.csv
2026-08-01,RET,THE WALTON CENTRE NHS FOUNDATION TRUST,NHS ENGLAND NORTH WEST,0,0,0,0,0,0,0,0,0,NA,0,0,0,0,0,0,0,188,188,ae_2026_08.csv
2026-08-01,RF4,"BARKING, HAVERING AND REDBRIDGE UNIVERSITY HOSPITALS NHS TRUST",NHS ENGLAND LONDON,13214,2391,14379,0,0,0,29984,5430,24554,0.8189034151547492,516,629,1145,3682,0,0,3682,2514,6196,ae_2026_08.csv
2026-08-01,RFF,BARNSLEY HOSPITAL NHS FOUNDATION TRUST,NHS ENGLAND NORTH EAST AND YORKSHIRE,9438,0,0,10,0,0,9448,1991,7457,0.7892675698560542,250,9,259,3267,0,0,3267,512,3779,ae_2026_08.csv
2026-08-01,RFR,THE ROTHERHAM NHS FOUNDATION TRUST,NHS ENGLAND NORTH EAST AND YORKSHIRE,9473,0,0,0,0,0,9473,2676,6797,0.7175129314894965,485,2,487,1971,0,0,1971,518,2489,ae_2026_08.csv
2026-08-01,RFS,CHESTERFIELD ROYAL HOSPITAL NHS FOUNDATION TRUST,NHS ENGLAND MIDLANDS,6580,0,5697,0,0,0,12277,3371,8906,0.7254215199152888,683,214,897,2060,0,11,2071,118,2189,ae_2026_08.csv
2026-08-01,RGN,NORTH WEST ANGLIA NHS FOUNDATION TRUST,NHS ENGLAND EAST OF ENGLAND,16703,0,3373,343,0,290,20709,6581,14128,0.6822154618764789,496,663,1159,3901,0,35,3936,1327,5263,ae_2026_08.csv
2026-08-01,RGP,JAMES PAGET UNIVERSITY HOSPITALS NHS FOUNDATION TRUST,NHS ENGLAND EAST OF ENGLAND,8159,0,1599,0,0,0,9758,3143,6615,0.6779053084648493,550,373,923,1655,0,0,1655,475,2130,ae_2026_08.csv
2026-08-01,RGR,WEST SUFFOLK NHS FOUNDATION TRUST,NHS ENGLAND EAST OF ENGLAND,8076,0,994,31,0,0,9101,2186,6915,0.7598066146577299,459,327,786,1761,0,0,1761,295,2056,ae_2026_08.csv
2026-08-01,RGT,CAMBRIDGE UNIVERSITY HOSPITALS NHS FOUNDATION TRUST,NHS ENGLAND EAST OF ENGLAND,11141,0,5181,312,0,221,16855,5094,11761,0.6977751409077425,501,396,897,2685,0,36,2721,435,3156,ae_2026_08.csv
2026-08-01,RH5,SOMERSET NHS FOUNDATION TRUST,NHS ENGLAND SOUTH WEST,12496,0,9145,0,0,66,21707,5852,15855,0.7304095453079652,427,32,459,3180,0,0,3180,1652,4832,ae_2026_08.csv
2026-08-01,RH8,ROYAL DEVON UNIVERSITY HEALTHCARE NHS FOUNDATION TRUST,NHS ENGLAND SOUTH WEST,13654,0,4961,1667,0,115,20397,7342,13055,0.6400451046722557,984,200,1184,3239,0,0,3239,1796,5035,ae_2026_08.csv
2026-08-01,RHM,UNIVERSITY HOSPITAL SOUTHAMPTON NHS FOUNDATION TRUST,NHS ENGLAND SOUTH EAST,11558,1244,0,0,0,0,12802,3886,8916,0.6964536791126387,451,0,451,3705,7,0,3712,1620,5332,ae_2026_08.csv
2026-08-01,RHQ,SHEFFIELD TEACHING HOSPITALS NHS FOUNDATION TRUST,NHS ENGLAND NORTH EAST AND YORKSHIRE,9010,1191,6935,302,0,1077,18515,5463,13052,0.704941938968404,826,9,835,2945,0,0,2945,3374,6319,ae_2026_08.csv
2026-08-01,RHU,PORTSMOUTH HOSPITALS UNIVERSITY NHS TRUST,NHS ENGLAND SOUTH EAST,10942,1015,3382,1930,0,710,17979,5158,12821,0.7131097391401079,844,965,1809,3140,0,0,3140,2541,5681,ae_2026_08.csv
2026-08-01,RHW,ROYAL BERKSHIRE NHS FOUNDATION TRUST,NHS ENGLAND SOUTH EAST,10682,2734,3242,1431,29,0,18118,4463,13655,0.7536703830444862,519,0,519,2297,0,0,2297,319,2616,ae_2026_08.csv
2026-08-01,RJ1,GUY'S AND ST THOMAS' NHS FOUNDATION TRUST,NHS ENGLAND LONDON,10514,0,7133,0,0,0,17647,4388,13259,0.7513458378194594,149,80,229,2099,0,0,2099,286,2385,ae_2026_08.csv
2026-08-01,RJ2,LEWISHAM AND GREENWICH NHS TRUST,NHS ENGLAND LONDON,15343,0,17537,0,0,951,33831,8657,25174,0.7441104312612693,1091,557,1648,4548,0,0,4548,564,5112,ae_2026_08.csv
2026-08-01,RJ6,CROYDON HEALTH SERVICES NHS TRUST,NHS ENGLAND LONDON,12853,0,4784,0,0,0,17637,4740,12897,0.7312468106820887,302,594,896,1097,0,0,1097,149,1246,ae_2026_08.csv
2026-08-01,RJ7,ST GEORGE'S UNIVERSITY HOSPITALS NHS FOUNDATION TRUST,NHS ENGLAND LONDON,9069,0,3886,400,0,0,13355,2445,10910,0.8169225009359791,402,399,801,1879,0,0,1879,716,2595,ae_2026_08.csv
2026-08-01,RJ8,CORNWALL PARTNERSHIP NHS FOUNDATION TRUST,NHS ENGLAND SOUTH WEST,0,0,0,0,0,0,0,0,0,NA,0,0,0,0,0,14,14,66,80,ae_2026_08.csv
2026-08-01,RJC,SOUTH WARWICKSHIRE UNIVERSITY NHS FOUNDATION TRUST,NHS ENGLAND MIDLANDS,8512,0,448,0,0,0,8960,2472,6488,0.7241071428571428,311,121,432,1807,0,0,1807,567,2374,ae_2026_08.csv
2026-08-01,RJE,UNIVERSITY HOSPITALS OF NORTH MIDLANDS NHS TRUST,NHS ENGLAND MIDLANDS,15182,495,8192,675,0,420,24964,8296,16668,0.6676814613042782,1074,675,1749,4791,0,0,4791,1109,5900,ae_2026_08.csv
2026-08-01,RJL,NORTHERN LINCOLNSHIRE AND GOOLE NHS FOUNDATION TRUST,NHS ENGLAND NORTH EAST AND YORKSHIRE,10381,0,5949,0,0,350,16680,5283,11397,0.6832733812949641,502,798,1300,5335,0,0,5335,298,5633,ae_2026_08.csv
2026-08-01,RJN,EAST CHESHIRE NHS TRUST,NHS ENGLAND NORTH WEST,4402,0,0,81,0,85,4568,2089,2479,0.5426882661996497,177,397,574,818,0,0,818,234,1052,ae_2026_08.csv
2026-08-01,RJR,COUNTESS OF CHESTER HOSPITAL NHS FOUNDATION TRUST,NHS ENGLAND NORTH WEST,5941,0,2522,0,0,0,8463,3307,5156,0.609240222143448,440,628,1068,1914,0,0,1914,1076,2990,ae_2026_08.csv
2026-08-01,RJZ,KING'S COLLEGE HOSPITAL NHS FOUNDATION TRUST,NHS ENGLAND LONDON,15037,0,9840,46,0,471,25394,7159,18235,0.7180830117350555,1372,460,1832,3613,0,0,3613,317,3930,ae_2026_08.csv
2026-08-01,RK5,SHERWOOD FOREST HOSPITALS NHS FOUNDATION TRUST,NHS ENGLAND MIDLANDS,11204,0,5432,0,0,0,16636,4735,11901,0.7153762923779755,791,236,1027,3667,0,0,3667,213,3880,ae_2026_08.csv
2026-08-01,RK9,UNIVERSITY HOSPITALS PLYMOUTH NHS TRUST,NHS ENGLAND SOUTH WEST,8842,94,8436,0,0,0,17372,6112,11260,0.6481694681096016,1148,341,1489,2492,0,25,2517,818,3335,ae_2026_08.csv
2026-08-01,RKB,UNIVERSITY HOSPITALS COVENTRY AND WARWICKSHIRE NHS TRUST,NHS ENGLAND MIDLANDS,12771,2512,5334,0,0,0,20617,5298,15319,0.743027598583693,59,12,71,1227,43,49,1319,324,1643,ae_2026_08.csv
2026-08-01,RKE,WHITTINGTON HEALTH NHS TRUST,NHS ENGLAND LONDON,9000,0,0,0,0,0,9000,2556,6444,0.716,306,170,476,1264,0,0,1264,36,1300,ae_2026_08.csv
2026-08-01,RL1,THE ROBERT JONES AND AGNES HUNT ORTHOPAEDIC HOSPITAL NHS FOUNDATION TRUST,NHS ENGLAND MIDLANDS,0,0,0,0,0,0,0,0,0,NA,0,0,0,0,0,0,0,41,41,ae_2026_08.csv
2026-08-01,RL4,THE ROYAL WOLVERHAMPTON NHS TRUST,NHS ENGLAND MIDLANDS,10746,1630,6416,408,1,759,19960,4079,15881,0.7956412825651302,811,600,1411,6295,0,60,6355,659,7014,ae_2026_08.csv
2026-08-01,RLQ,WYE VALLEY NHS TRUST,NHS ENGLAND MIDLANDS,6229,927,195,109,0,0,7460,2696,4764,0.6386058981233244,415,121,536,1427,0,0,1427,142,1569,ae_2026_08.csv
2026-08-01,RLT,GEORGE ELIOT HOSPITAL NHS TRUST,NHS ENGLAND MIDLANDS,7241,0,1774,0,0,0,9015,1108,7907,0.8770937326677759,388,330,718,1168,0,1,1169,0,1169,ae_2026_08.csv
2026-08-01,RM1,NORFOLK AND NORWICH UNIVERSITY HOSPITALS NHS FOUNDATION TRUST,NHS ENGLAND EAST OF ENGLAND,13608,0,8351,0,0,0,21959,3930,18029,0.821030101552894,749,138,887,2495,0,0,2495,1418,3913,ae_2026_08.csv
2026-08-01,RM3,NORTHERN CARE ALLIANCE NHS FOUNDATION TRUST,NHS ENGLAND NORTH WEST,25667,0,8818,0,0,0,34485,9770,24715,0.7166884152530085,955,794,1749,7604,0,350,7954,2288,10242,ae_2026_08.csv
2026-08-01,RMC,BOLTON NHS FOUNDATION TRUST,NHS ENGLAND NORTH WEST,7971,0,3859,10,0,1,11841,3925,7916,0.6685246178532218,389,470,859,2254,0,127,2381,573,2954,ae_2026_08.csv
2026-08-01,RMP,TAMESIDE AND GLOSSOP INTEGRATED CARE NHS FOUNDATION TRUST,NHS ENGLAND NORTH WEST,8355,0,1885,490,0,151,10881,3901,6980,0.6414851576141899,325,358,683,1539,0,0,1539,274,1813,ae_2026_08.csv
2026-08-01,RN3,GREAT WESTERN HOSPITALS NHS FOUNDATION TRUST,NHS ENGLAND SOUTH WEST,7255,0,4417,0,0,0,11672,4226,7446,0.6379369431117203,582,281,863,2654,0,0,2654,1127,3781,ae_2026_08.csv
2026-08-01,RN5,HAMPSHIRE HOSPITALS NHS FOUNDATION TRUST,NHS ENGLAND SOUTH EAST,9903,67,4417,0,0,90,14477,5509,8968,0.6194653588450646,134,18,152,3430,2,28,3460,863,4323,ae_2026_08.csv
2026-08-01,RN7,DARTFORD AND GRAVESHAM NHS TRUST,NHS ENGLAND SOUTH EAST,11462,0,3907,0,0,0,15369,3033,12336,0.8026546945149327,455,479,934,3767,0,0,3767,286,4053,ae_2026_08.csv
2026-08-01,RNA,THE DUDLEY GROUP NHS FOUNDATION TRUST,NHS ENGLAND MIDLANDS,10231,0,3606,0,0,577,14414,3365,11049,0.7665464132093798,819,90,909,3347,0,0,3347,2398,5745,ae_2026_08.csv
2026-08-01,RNN,NORTH CUMBRIA INTEGRATED CARE NHS FOUNDATION TRUST,NHS ENGLAND NORTH EAST AND YORKSHIRE,8708,0,3202,216,0,33,12159,4476,7683,0.6318776215149272,470,259,729,2200,0,0,2200,399,2599,ae_2026_08.csv
2026-08-01,RNQ,KETTERING GENERAL HOSPITAL NHS FOUNDATION TRUST,NHS ENGLAND MIDLANDS,10565,0,8650,0,0,0,19215,3950,15265,0.794431433775696,502,697,1199,1909,0,0,1909,235,2144,ae_2026_08.csv
2026-08-01,RNS,NORTHAMPTON GENERAL HOSPITAL NHS TRUST,NHS ENGLAND MIDLANDS,10937,635,1708,0,0,0,13280,4196,9084,0.6840361445783133,371,848,1219,2412,0,0,2412,375,2787,ae_2026_08.csv
2026-08-01,RNU,OXFORD HEALTH NHS FOUNDATION TRUST,NHS ENGLAND SOUTH EAST,0,0,4733,0,0,0,4733,108,4625,0.9771814916543419,0,0,0,0,0,0,0,0,0,ae_2026_08.csv
2026-08-01,RNZ,SALISBURY NHS FOUNDATION TRUST,NHS ENGLAND SOUTH WEST,4951,295,2358,0,0,0,7604,2484,5120,0.6733298264071541,344,298,642,1202,0,0,1202,808,2010,ae_2026_08.csv
2026-08-01,RP5,DONCASTER AND BASSETLAW TEACHING HOSPITALS NHS FOUNDATION TRUST,NHS ENGLAND NORTH EAST AND YORKSHIRE,13785,0,3571,0,0,0,17356,4404,12952,0.7462548974418068,1307,220,1527,3820,0,343,4163,842,5005,ae_2026_08.csv
2026-08-01,RP6,MOORFIELDS EYE HOSPITAL NHS FOUNDATION TRUST,NHS ENGLAND LONDON,0,6572,0,0,0,0,6572,144,6428,0.9780888618381011,0,0,0,0,3,0,3,225,228,ae_2026_08.csv
2026-08-01,RPA,MEDWAY NHS FOUNDATION TRUST,NHS ENGLAND SOUTH EAST,9277,0,5555,270,0,921,16023,4386,11637,0.7262684890469949,319,695,1014,1652,0,0,1652,451,2103,ae_2026_08.csv
2026-08-01,RPC,QUEEN VICTORIA HOSPITAL NHS FOUNDATION TRUST,NHS ENGLAND SOUTH EAST,0,0,1394,0,0,0,1394,0,1394,1,0,0,0,0,0,5,5,575,580,ae_2026_08.csv
2026-08-01,RQ3,BIRMINGHAM WOMEN'S AND CHILDREN'S NHS FOUNDATION TRUST,NHS ENGLAND MIDLANDS,3730,0,816,0,0,0,4546,286,4260,0.9370875494940607,11,1,12,517,0,0,517,190,707,ae_2026_08.csv
2026-08-01,RQM,CHELSEA AND WESTMINSTER HOSPITAL NHS FOUNDATION TRUST,NHS ENGLAND LONDON,19588,0,6313,708,0,0,26609,5146,21463,0.8066067871772709,575,61,636,2927,0,0,2927,317,3244,ae_2026_08.csv
2026-08-01,RQW,THE PRINCESS ALEXANDRA HOSPITAL NHS TRUST,NHS ENGLAND EAST OF ENGLAND,8711,0,1744,0,0,433,10888,2491,8397,0.7712160176340925,511,267,778,1781,0,0,1781,362,2143,ae_2026_08.csv
2026-08-01,RQX,HOMERTON HEALTHCARE NHS FOUNDATION TRUST,NHS ENGLAND LONDON,11151,0,0,0,0,0,11151,1854,9297,0.8337368845843423,161,19,180,1819,0,0,1819,303,2122,ae_2026_08.csv
2026-08-01,RR7,GATESHEAD HEALTH NHS FOUNDATION TRUST,NHS ENGLAND NORTH EAST AND YORKSHIRE,5387,0,4662,6,0,0,10055,2020,8035,0.7991049229239184,478,4,482,1774,0,0,1774,47,1821,ae_2026_08.csv
2026-08-01,RR8,LEEDS TEACHING HOSPITALS NHS TRUST,NHS ENGLAND NORTH EAST AND YORKSHIRE,19125,636,8569,31,0,360,28721,6673,22048,0.767661293130462,1424,342,1766,3605,0,0,3605,1158,4763,ae_2026_08.csv
2026-08-01,RRF,"WRIGHTINGTON, WIGAN AND LEIGH TEACHING HOSPITALS NHS FOUNDATION TRUST",NHS ENGLAND NORTH WEST,6856,0,5443,0,0,0,12299,3557,8742,0.7107894950809008,205,235,440,2470,0,0,2470,723,3193,ae_2026_08.csv
2026-08-01,RRK,UNIVERSITY HOSPITALS BIRMINGHAM NHS FOUNDATION TRUST,NHS ENGLAND MIDLANDS,33685,401,11091,0,0,252,45429,14122,31307,0.689141297409144,1827,1990,3817,10067,0,0,10067,7250,17317,ae_2026_08.csv
2026-08-01,RRV,UNIVERSITY COLLEGE LONDON HOSPITALS NHS FOUNDATION TRUST,NHS ENGLAND LONDON,13094,0,0,479,0,0,13573,3403,10170,0.7492816621233331,404,131,535,1398,0,0,1398,377,1775,ae_2026_08.csv
2026-08-01,RTD,THE NEWCASTLE UPON TYNE HOSPITALS NHS FOUNDATION TRUST,NHS ENGLAND NORTH EAST AND YORKSHIRE,11810,1620,7830,0,0,1266,22526,5183,17343,0.7699103258456894,271,16,287,3618,24,0,3642,2877,6519,ae_2026_08.csv
2026-08-01,RTE,GLOUCESTERSHIRE HOSPITALS NHS FOUNDATION TRUST,NHS ENGLAND SOUTH WEST,14185,0,0,0,0,0,14185,4990,9195,0.6482199506520973,340,333,673,2508,0,0,2508,2651,5159,ae_2026_08.csv
2026-08-01,RTF,NORTHUMBRIA HEALTHCARE NHS FOUNDATION TRUST,NHS ENGLAND NORTH EAST AND YORKSHIRE,10637,0,14174,0,0,0,24811,2025,22786,0.9183829752932167,6,0,6,4525,0,16,4541,497,5038,ae_2026_08.csv
2026-08-01,RTG,UNIVERSITY HOSPITALS OF DERBY AND BURTON NHS FOUNDATION TRUST,NHS ENGLAND MIDLANDS,19926,0,9172,1663,0,55,30816,10093,20723,0.6724753374870197,1011,334,1345,4118,0,1,4119,2368,6487,ae_2026_08.csv
2026-08-01,RTH,OXFORD UNIVERSITY HOSPITALS NHS FOUNDATION TRUST,NHS ENGLAND SOUTH EAST,12248,1348,2688,1811,0,102,18197,3456,14741,0.810078584382041,310,6,316,5050,107,8,5165,3988,9153,ae_2026_08.csv
2026-08-01,RTK,ASHFORD AND ST PETER'S HOSPITALS NHS FOUNDATION TRUST,NHS ENGLAND SOUTH EAST,7469,0,2490,0,0,0,9959,3141,6818,0.6846068882417914,520,276,796,2323,0,0,2323,477,2800,ae_2026_08.csv
2026-08-01,RTP,SURREY AND SUSSEX HEALTHCARE NHS TRUST,NHS ENGLAND SOUTH EAST,10271,0,0,0,0,0,10271,4853,5418,0.5275046246714049,600,504,1104,3094,0,0,3094,841,3935,ae_2026_08.csv
2026-08-01,RTQ,GLOUCESTERSHIRE HEALTH AND CARE NHS FOUNDATION TRUST,NHS ENGLAND SOUTH WEST,0,0,8732,0,0,0,8732,397,8335,0.9545350435180944,0,0,0,0,0,1,1,41,42,ae_2026_08.csv
2026-08-01,RTR,SOUTH TEES HOSPITALS NHS FOUNDATION TRUST,NHS ENGLAND NORTH EAST AND YORKSHIRE,7645,0,9388,0,0,2102,19135,4120,15015,0.7846877449699503,219,5,224,2353,0,400,2753,2072,4825,ae_2026_08.csv
2026-08-01,RTX,UNIVERSITY HOSPITALS OF MORECAMBE BAY NHS FOUNDATION TRUST,NHS ENGLAND NORTH WEST,9084,0,3070,125,0,2091,14370,3927,10443,0.7267223382045929,648,666,1314,3096,0,7,3103,986,4089,ae_2026_08.csv
2026-08-01,RV9,HUMBER TEACHING NHS FOUNDATION TRUST,NHS ENGLAND NORTH EAST AND YORKSHIRE,0,0,1130,0,0,96,1226,7,1219,0.9942903752039152,0,0,0,0,0,0,0,0,0,ae_2026_08.csv
2026-08-01,RVR,EPSOM AND ST HELIER UNIVERSITY HOSPITALS NHS TRUST,NHS ENGLAND LONDON,10656,0,3309,2,0,0,13967,4454,9513,0.681105462876781,625,647,1272,1967,0,0,1967,261,2228,ae_2026_08.csv
2026-08-01,RVV,EAST KENT HOSPITALS UNIVERSITY NHS FOUNDATION TRUST,NHS ENGLAND SOUTH EAST,13068,0,12898,0,0,0,25966,7772,18194,0.7006855118231533,591,1106,1697,2963,0,571,3534,519,4053,ae_2026_08.csv
2026-08-01,RVW,NORTH TEES AND HARTLEPOOL NHS FOUNDATION TRUST,NHS ENGLAND NORTH EAST AND YORKSHIRE,5028,0,10702,0,0,0,15730,2701,13029,0.8282898919262556,128,5,133,1581,0,507,2088,2113,4201,ae_2026_08.csv
2026-08-01,RW1,HAMPSHIRE AND ISLE OF WIGHT HEALTHCARE NHS FOUNDATION TRUST,NHS ENGLAND SOUTH EAST,0,0,2950,0,0,0,2950,26,2924,0.9911864406779661,0,0,0,0,0,0,0,125,125,ae_2026_08.csv
2026-08-01,RW4,MERSEY CARE NHS FOUNDATION TRUST,NHS ENGLAND NORTH WEST,0,0,12971,0,0,0,12971,133,12838,0.9897463572584997,0,0,0,0,0,0,0,49,49,ae_2026_08.csv
2026-08-01,RWA,HULL UNIVERSITY TEACHING HOSPITALS NHS TRUST,NHS ENGLAND NORTH EAST AND YORKSHIRE,10084,0,4212,0,0,0,14296,5525,8771,0.6135282596530498,863,270,1133,3720,0,0,3720,1969,5689,ae_2026_08.csv
2026-08-01,RWD,UNITED LINCOLNSHIRE TEACHING HOSPITALS NHS TRUST,NHS ENGLAND MIDLANDS,17516,0,4229,0,0,0,21745,6142,15603,0.7175442630489768,803,945,1748,4890,0,0,4890,1237,6127,ae_2026_08.csv
2026-08-01,RWE,UNIVERSITY HOSPITALS OF LEICESTER NHS TRUST,NHS ENGLAND MIDLANDS,22359,2027,0,0,0,0,24386,8763,15623,0.6406544738784549,1073,540,1613,6470,7,0,6477,3533,10010,ae_2026_08.csv
2026-08-01,RWF,MAIDSTONE AND TUNBRIDGE WELLS NHS TRUST,NHS ENGLAND SOUTH EAST,19042,0,2015,1123,0,130,22310,5301,17009,0.7623935454952936,907,272,1179,2225,0,0,2225,645,2870,ae_2026_08.csv
2026-08-01,RWG,WEST HERTFORDSHIRE TEACHING HOSPITALS NHS TRUST,NHS ENGLAND EAST OF ENGLAND,8036,0,8596,0,0,558,17190,1790,15400,0.89586969168121,597,23,620,5255,0,0,5255,448,5703,ae_2026_08.csv
2026-08-01,RWH,EAST AND NORTH HERTFORDSHIRE TEACHING NHS TRUST,NHS ENGLAND EAST OF ENGLAND,8854,0,8233,0,0,0,17087,4344,12743,0.7457716392579153,379,81,460,2182,0,2,2184,386,2570,ae_2026_08.csv
2026-08-01,RWJ,STOCKPORT NHS FOUNDATION TRUST,NHS ENGLAND NORTH WEST,7903,0,853,435,0,1518,10709,2979,7730,0.7218227658978429,441,115,556,2603,0,52,2655,865,3520,ae_2026_08.csv
2026-08-01,RWP,WORCESTERSHIRE ACUTE HOSPITALS NHS TRUST,NHS ENGLAND MIDLANDS,14853,0,6331,0,0,0,21184,7310,13874,0.6549282477341389,844,1072,1916,3247,0,0,3247,788,4035,ae_2026_08.csv
2026-08-01,RWW,NORTH CHESHIRE AND MERSEY NHS FOUNDATION TRUST,NHS ENGLAND NORTH WEST,6714,0,5999,332,0,434,13479,3305,10174,0.7548037688255805,476,882,1358,1724,0,0,1724,115,1839,ae_2026_08.csv
2026-08-01,RWX,BERKSHIRE HEALTHCARE NHS FOUNDATION TRUST,NHS ENGLAND SOUTH EAST,0,0,1382,0,0,0,1382,17,1365,0.9876989869753979,0,0,0,0,0,45,45,0,45,ae_2026_08.csv
2026-08-01,RWY,CALDERDALE AND HUDDERSFIELD NHS FOUNDATION TRUST,NHS ENGLAND NORTH EAST AND YORKSHIRE,15380,0,0,0,0,0,15380,2166,13214,0.8591677503250975,1166,70,1236,2782,0,0,2782,171,2953,ae_2026_08.csv
2026-08-01,RX1,NOTTINGHAM UNIVERSITY HOSPITALS NHS TRUST,NHS ENGLAND MIDLANDS,12682,1993,10156,0,0,375,25206,8217,16989,0.6740061890026184,187,1015,1202,3464,0,1433,4897,3821,8718,ae_2026_08.csv
2026-08-01,RXC,EAST SUSSEX HEALTHCARE NHS TRUST,NHS ENGLAND SOUTH EAST,10649,0,2518,1750,0,1060,15977,4591,11386,0.7126494335607436,175,288,463,2489,0,0,2489,536,3025,ae_2026_08.csv
2026-08-01,RXF,MID YORKSHIRE TEACHING NHS TRUST,NHS ENGLAND NORTH EAST AND YORKSHIRE,16174,114,6271,124,0,73,22756,6552,16204,0.7120759360168747,2032,156,2188,3302,0,148,3450,743,4193,ae_2026_08.csv
2026-08-01,RXG,SOUTH WEST YORKSHIRE PARTNERSHIP TEACHING NHS FOUNDATION TRUST,NHS ENGLAND NORTH EAST AND YORKSHIRE,0,0,0,0,0,0,0,0,0,NA,0,0,0,0,0,0,0,117,117,ae_2026_08.csv
2026-08-01,RXK,SANDWELL AND WEST BIRMINGHAM HOSPITALS NHS TRUST,NHS ENGLAND MIDLANDS,11357,1271,7980,350,0,0,20958,5419,15539,0.7414352514552915,718,273,991,2686,0,22,2708,53,2761,ae_2026_08.csv
2026-08-01,RXL,BLACKPOOL TEACHING HOSPITALS NHS FOUNDATION TRUST,NHS ENGLAND NORTH WEST,8605,0,9256,448,0,460,18769,4586,14183,0.7556609302573393,377,428,805,1752,0,0,1752,2374,4126,ae_2026_08.csv
2026-08-01,RXN,LANCASHIRE TEACHING HOSPITALS NHS FOUNDATION TRUST,NHS ENGLAND NORTH WEST,12339,0,3110,246,0,123,15818,4340,11478,0.7256290302187381,946,394,1340,3312,0,95,3407,1070,4477,ae_2026_08.csv
2026-08-01,RXP,COUNTY DURHAM AND DARLINGTON NHS FOUNDATION TRUST,NHS ENGLAND NORTH EAST AND YORKSHIRE,12333,0,3529,0,0,7056,22918,5068,17850,0.7788637751985339,1724,27,1751,4127,0,0,4127,600,4727,ae_2026_08.csv
2026-08-01,RXQ,BUCKINGHAMSHIRE HEALTHCARE NHS TRUST,NHS ENGLAND SOUTH EAST,9188,1142,3007,0,0,0,13337,2971,10366,0.7772362600284921,185,134,319,3946,822,0,4768,320,5088,ae_2026_08.csv
2026-08-01,RXR,EAST LANCASHIRE HOSPITALS NHS TRUST,NHS ENGLAND NORTH WEST,13548,0,10803,0,0,0,24351,5507,18844,0.773849123239292,232,863,1095,3584,0,93,3677,2020,5697,ae_2026_08.csv
2026-08-01,RXW,THE SHREWSBURY AND TELFORD HOSPITAL NHS TRUST,NHS ENGLAND MIDLANDS,11181,0,2548,0,0,0,13729,6618,7111,0.5179546944424211,424,1399,1823,3570,0,180,3750,1952,5702,ae_2026_08.csv
2026-08-01,RY4,HERTFORDSHIRE COMMUNITY NHS TRUST,NHS ENGLAND EAST OF ENGLAND,0,0,1068,0,0,0,1068,94,974,0.9119850187265918,0,0,0,0,0,0,0,0,0,ae_2026_08.csv
2026-08-01,RY5,LINCOLNSHIRE COMMUNITY HEALTH SERVICES NHS TRUST,NHS ENGLAND MIDLANDS,0,0,9083,0,0,0,9083,335,8748,0.9631179125839481,0,0,0,0,0,0,0,0,0,ae_2026_08.csv
2026-08-01,RY7,WIRRAL COMMUNITY HEALTH AND CARE NHS FOUNDATION TRUST,NHS ENGLAND NORTH WEST,0,0,4024,0,0,0,4024,295,3729,0.92668986083499,0,0,0,0,0,0,0,0,0,ae_2026_08.csv
2026-08-01,RY8,DERBYSHIRE COMMUNITY HEALTH SERVICES NHS FOUNDATION TRUST,NHS ENGLAND MIDLANDS,0,0,7240,0,0,1478,8718,311,8407,0.9643266804312915,0,0,0,0,0,0,0,0,0,ae_2026_08.csv
2026-08-01,RYF,SOUTH WESTERN AMBULANCE SERVICE NHS FOUNDATION TRUST,NHS ENGLAND SOUTH WEST,0,0,1996,0,0,39,2035,86,1949,0.9577395577395578,0,0,0,0,0,0,0,0,0,ae_2026_08.csv
2026-08-01,RYG,COVENTRY AND WARWICKSHIRE PARTNERSHIP NHS TRUST,NHS ENGLAND MIDLANDS,0,0,0,0,0,0,0,0,0,NA,0,0,0,0,0,14,14,35,49,ae_2026_08.csv
2026-08-01,RYJ,IMPERIAL COLLEGE HEALTHCARE NHS TRUST,NHS ENGLAND LONDON,12210,4050,7176,0,0,563,23999,5652,18347,0.7644901870911288,628,0,628,3807,0,0,3807,1028,4835,ae_2026_08.csv
2026-08-01,RYR,UNIVERSITY HOSPITALS SUSSEX NHS FOUNDATION TRUST,NHS ENGLAND SOUTH EAST,28342,1655,1543,1746,0,550,33836,13694,20142,0.5952831303936635,926,984,1910,8106,16,22,8144,1604,9748,ae_2026_08.csv
2026-08-01,RYX,CENTRAL LONDON COMMUNITY HEALTHCARE NHS TRUST,NHS ENGLAND LONDON,0,0,12655,0,0,758,13413,256,13157,0.98091403861925,0,0,0,0,0,0,0,0,0,ae_2026_08.csv
2026-08-01,RYY,KENT COMMUNITY HEALTH NHS FOUNDATION TRUST,NHS ENGLAND SOUTH EAST,0,0,6529,0,0,0,6529,38,6491,0.9941798131413693,0,0,0,0,0,0,0,0,0,ae_2026_08.csv
2026-08-01,Y02428,PUTNOE WALK IN CENTRE,NHS ENGLAND EAST OF ENGLAND,0,0,2352,0,0,0,2352,0,2352,1,0,0,0,0,0,0,0,0,0,ae_2026_08.csv
2026-08-01,Y02532,MIRIAM MINOR EMERGENCY,NHS ENGLAND NORTH WEST,0,0,1631,0,0,0,1631,0,1631,1,0,0,0,0,0,0,0,0,0,ae_2026_08.csv
2026-08-01,Y02676,BRIGHTON STATION HEALTH CENTRE,NHS ENGLAND SOUTH EAST,0,0,1994,0,0,0,1994,0,1994,1,0,0,0,0,0,0,0,0,0,ae_2026_08.csv
